page,car_type,car_name,year,mileage,transmission,fuel,price,location,brand,model,car_url,image_url,scraped_at
1,new,Kia K3 2025,2025,0 KM,Automatic,Gas,"1,320,000 EGP",,Kia,K3,https://eg.hatla2ee.com/en/new-car/kia/K3/unit/7210737,https://legion-images.hatla2ee.com/listing_image/ba5f89cf-cc16-4630-a901-81cf0d82e455/medium.jpg,2026-04-30 14:20:29
1,new,Hyundai Elantra 2025,2025,0 KM,Automatic,Gas,"1,340,000 EGP",,Hyundai,Elantra,https://eg.hatla2ee.com/en/new-car/hyundai/elantra/unit/7210733,https://legion-images.hatla2ee.com/listing_image/2905f224-2cc9-4adf-9855-3c50eb7f1d6a/medium.jpg,2026-04-30 14:20:30
1,new,Byd Qin 2025,2025,0 KM,Automatic,Hybrid,"1,200,000 EGP",,Byd,Qin,https://eg.hatla2ee.com/en/new-car/byd/Qin/unit/7210732,https://legion-images.hatla2ee.com/listing_image/a22f8160-2241-4f7a-b9d6-0d6378ae8eb4/medium.jpg,2026-04-30 14:20:31
1,new,Hyundai Santa Fe 2025,2025,0 KM,Automatic,Hybrid,"3,495,000 EGP",,Hyundai,Santa Fe,https://eg.hatla2ee.com/en/new-car/hyundai/santa-fe/unit/7194650,https://legion-images.hatla2ee.com/listing_image/029a17ef-65ea-4fe8-8e15-43c4138346cb/medium.jpg,2026-04-30 14:20:31
1,new,MG HS 2026,2026,0 KM,Automatic,Gas,"1,750,000 EGP",,MG,HS,https://eg.hatla2ee.com/en/new-car/moris-garage/MG-HS/unit/7157462,https://legion-images.hatla2ee.com/listing_image/ca4442df-2a1c-4185-9e5f-1614eb9373a0/medium.jpg,2026-04-30 14:20:33
1,new,Suzuki Pickup 2026,2026,0 KM,Automatic,Gas,"575,000 EGP",,Suzuki,Pickup,https://eg.hatla2ee.com/en/new-car/suzuki/suzuki-pickup/unit/42774,https://legion-images.hatla2ee.com/listing_image/0691e043-2b55-4d1e-8cae-b700ddcc66d4/medium.jpg,2026-04-30 14:20:33
1,new,Avatr 12 2025,2025,0 KM,Automatic,Hybrid,"3,300,000 EGP",,Avatr,12,https://eg.hatla2ee.com/en/new-car/avatr/avatr-12/unit/7189094,https://legion-images.hatla2ee.com/listing_image/0ba02724-7470-4f66-933a-a74fb0befe62/medium.jpg,2026-04-30 14:20:33
1,new,Byd Leopard 7 2025,2025,0 KM,Automatic,Hybrid,"2,950,000 EGP",,Byd,Leopard 7,https://eg.hatla2ee.com/en/new-car/byd/leopard-7/unit/7188005,https://legion-images.hatla2ee.com/listing_image/5f0f84ff-0f4c-45d8-b3f6-8547e2c63a82/medium.jpg,2026-04-30 14:20:34
1,new,Rox 01 2025,2025,0 KM,Automatic,Electric,"3,850,000 EGP",,Rox,01,https://eg.hatla2ee.com/en/new-car/rox/rox-01/unit/7183031,https://legion-images.hatla2ee.com/listing_image/7f482918-0685-47fa-87f0-15364055d488/medium.jpg,2026-04-30 14:20:35
1,new,Hyundai I30 2026,2026,0 KM,Automatic,Gas,"1,150,000 EGP",,Hyundai,I30,https://eg.hatla2ee.com/en/new-car/hyundai/i30/unit/7194534,https://legion-images.hatla2ee.com/listing_image/67e8dcf2-870a-4e52-8120-f58e6b12d5ff/medium.jpg,2026-04-30 14:20:35
1,new,Nissan Sunny 2026,2026,0 KM,Automatic,Gas,"725,000 EGP",,Nissan,Sunny,https://eg.hatla2ee.com/en/new-car/nissan/sunny/unit/7194374,https://legion-images.hatla2ee.com/listing_image/1e63ae87-c212-47f9-8baf-7c7155084052/medium.jpg,2026-04-30 14:20:35
1,new,Hyundai Santa Fe 2025,2025,0 KM,Automatic,Hybrid,"3,485,000 EGP",,Hyundai,Santa Fe,https://eg.hatla2ee.com/en/new-car/hyundai/santa-fe/unit/7204858,https://legion-images.hatla2ee.com/listing_image/741ce04c-eca0-4977-a06b-2dd05cf97324/medium.jpg,2026-04-30 14:20:36
1,new,Exeed VX 2025,2025,0 KM,Automatic,Gas,"2,530,000 EGP",,Exeed,VX,https://eg.hatla2ee.com/en/new-car/exeed/VX/unit/7204898,https://legion-images.hatla2ee.com/listing_image/5f8272e5-7ed8-47a1-863f-cb98dfb507a9/medium.jpg,2026-04-30 14:20:37
1,new,Jetour T2 2026,2026,0 KM,Automatic,Gas,"2,080,000 EGP",,Jetour,T2,https://eg.hatla2ee.com/en/new-car/jetour/T2/unit/7210722,https://legion-images.hatla2ee.com/listing_image/299c6646-fd72-4ad1-b0f2-7d92a8b84797/medium.jpg,2026-04-30 14:20:38
1,new,Jac S2 2026,2026,0 KM,Automatic,Gas,"775,000 EGP",,Jac,S2,https://eg.hatla2ee.com/en/new-car/jac/s2/unit/7204870,https://legion-images.hatla2ee.com/listing_image/69c0bea8-d860-4b92-9215-0fa31a39fc95/medium.jpg,2026-04-30 14:20:38
1,new,Jaguar F-Pace 2025,2025,0 KM,Automatic,Gas,"4,950,000 EGP",,Jaguar,F-Pace,https://eg.hatla2ee.com/en/new-car/jaguar/f-pace/unit/7210744,https://legion-images.hatla2ee.com/listing_image/3710ee77-ac5c-4285-8a03-4cfc52afd950/medium.jpg,2026-04-30 14:20:39
1,new,Seat Leon 2026,2026,0 KM,Automatic,Gas,"1,610,000 EGP",,Seat,Leon,https://eg.hatla2ee.com/en/new-car/seat/leon/unit/7210731,https://legion-images.hatla2ee.com/listing_image/73522339-12e1-48ff-ae7b-3a32a8fa424d/medium.jpg,2026-04-30 14:20:41
1,new,Hyundai Elantra 2025,2025,0 KM,Automatic,Electric,"1,000,000 EGP",,Hyundai,Elantra,https://eg.hatla2ee.com/en/new-car/hyundai/elantra/unit/7193546,https://legion-images.hatla2ee.com/listing_image/f6643b59-2760-407b-886b-9d1f01aa19b0/medium.jpg,2026-04-30 14:20:45
2,new,Mercedes EQA 260 2025,2025,0 KM,Automatic,Electric,"2,225,000 EGP",,Mercedes,EQA 260,https://eg.hatla2ee.com/en/new-car/mercedes/mercedes-benz-eqa-260/unit/7184289,https://legion-images.hatla2ee.com/listing_image/79900ae3-5e01-42cc-aba2-a65efff2fd05/medium.jpg,2026-04-30 14:20:53
2,new,Mercedes GLC 43 2026,2026,0 KM,Automatic,Gas,"7,500,000 EGP",,Mercedes,GLC 43,https://eg.hatla2ee.com/en/new-car/mercedes/mercedes-benz-glc-43/unit/7198776,https://legion-images.hatla2ee.com/listing_image/863a8c79-d8dc-4655-9c8c-3a298a4dea06/medium.jpg,2026-04-30 14:20:55
2,new,Renault Kardian 2026,2026,0 KM,Automatic,Gas,"920,000 EGP",,Renault,Kardian,https://eg.hatla2ee.com/en/new-car/renault/Kardian/unit/7134329,https://legion-images.hatla2ee.com/listing_image/fdb1ae4a-7bda-49ab-a952-4fa9522ab59c/medium.jpg,2026-04-30 14:20:55
2,new,Chery Tiggo 8 2026,2026,0 KM,Automatic,Gas,"1,155,000 EGP",,Chery,Tiggo 8,https://eg.hatla2ee.com/en/new-car/chery/Tiggo-8/unit/7141103,https://legion-images.hatla2ee.com/listing_image/08676c81-d158-4aa7-8a94-c684efa522d7/medium.jpg,2026-04-30 14:20:56
2,new,Jetour Dashing 2026,2026,0 KM,Automatic,Gas,"1,410,000 EGP",,Jetour,Dashing,https://eg.hatla2ee.com/en/new-car/jetour/Dashing/unit/7210720,https://legion-images.hatla2ee.com/listing_image/09897266-f83c-424a-9473-90f44d876955/medium.jpg,2026-04-30 14:20:56
2,new,Kia Sorento 2025,2025,0 KM,Automatic,Hybrid,"3,400,000 EGP",,Kia,Sorento,https://eg.hatla2ee.com/en/new-car/kia/sorento/unit/7194574,https://legion-images.hatla2ee.com/listing_image/7ec640e5-cc34-4345-9637-f07fcc5858b0/medium.jpg,2026-04-30 14:20:57
2,new,Renault Kardian 2026,2026,0 KM,Automatic,Gas,"930,000 EGP",,Renault,Kardian,https://eg.hatla2ee.com/en/new-car/renault/Kardian/unit/7210719,https://legion-images.hatla2ee.com/listing_image/c93b1abc-d6e0-448f-8bc5-4f24a8c2f694/medium.jpg,2026-04-30 14:20:58
2,new,Jac J7 2025,2025,0 KM,Automatic,Gas,"978,000 EGP",,Jac,J7,https://eg.hatla2ee.com/en/new-car/jac/J7/unit/7204892,https://legion-images.hatla2ee.com/listing_image/650667df-fb46-414c-8e34-d37f6923d799/medium.jpg,2026-04-30 14:20:58
2,new,Xiaomi Yu7 2025,2025,0 KM,Automatic,Electric,"3,250,000 EGP",,Xiaomi,Yu7,https://eg.hatla2ee.com/en/new-car/xiaomi/xiaomi-yu7/unit/7196812,https://legion-images.hatla2ee.com/listing_image/b3599fdb-a8ef-4ecc-9429-1600b27e5d93/medium.jpg,2026-04-30 14:20:59
2,new,Xiaomi Yu7 2025,2025,0 KM,Automatic,Electric,"3,800,000 EGP",,Xiaomi,Yu7,https://eg.hatla2ee.com/en/new-car/xiaomi/xiaomi-yu7/unit/7200083,https://legion-images.hatla2ee.com/listing_image/02118393-f20b-4fc4-910e-416cbadc89cc/medium.jpg,2026-04-30 14:20:59
2,new,Mercedes E 200 2025,2025,0 KM,Automatic,Gas,"5,590,000 EGP",,Mercedes,E 200,https://eg.hatla2ee.com/en/new-car/mercedes/e-200/unit/42308,https://legion-images.hatla2ee.com/listing_image/bb474f29-8533-480e-9bb5-2cf8851bf844/medium.jpg,2026-04-30 14:21:00
2,new,Kia K3 2016,2016,0 KM,Automatic,Gas,"930,000 EGP",,Kia,K3,https://eg.hatla2ee.com/en/new-car/kia/K3/unit/7210710,https://legion-images.hatla2ee.com/listing_image/df59d3fd-fc90-494c-ae76-474bea6f817e/medium.jpg,2026-04-30 14:21:03
3,new,Hyundai Elantra 2026,2026,0 KM,Automatic,Gas,"1,000,000 EGP",,Hyundai,Elantra,https://eg.hatla2ee.com/en/new-car/hyundai/elantra/unit/7141067,https://legion-images.hatla2ee.com/listing_image/e5017189-b4c8-4cd8-b5ba-4e270823a71a/medium.jpg,2026-04-30 14:21:20
3,new,Kia Sportage 2026,2026,0 KM,Automatic,Gas,"1,800,000 EGP",,Kia,Sportage,https://eg.hatla2ee.com/en/new-car/kia/sportage/unit/7149246,https://legion-images.hatla2ee.com/listing_image/5699264b-cae8-46dc-a7fb-6941d685a1fb/medium.jpg,2026-04-30 14:21:21
3,new,Chevrolet Optra 2027,2027,0 KM,Automatic,Gas,"820,000 EGP",,Chevrolet,Optra,https://eg.hatla2ee.com/en/new-car/chevrolet/optra/unit/39786,https://legion-images.hatla2ee.com/listing_image/aa62d649-54e6-4e38-bdda-c2110e8a44c9/medium.jpg,2026-04-30 14:21:21
3,new,Soueast S 05 2026,2026,0 KM,Automatic,Gas,"1,160,000 EGP",,Soueast,S 05,https://eg.hatla2ee.com/en/new-car/soueast/S+05/unit/41863,https://legion-images.hatla2ee.com/listing_image/b03eb93c-7c31-4a99-8c8d-cdf1bb8a0f44/medium.jpg,2026-04-30 14:21:22
3,new,Proton Saga 2026,2026,0 KM,Automatic,Gas,"660,000 EGP",,Proton,Saga,https://eg.hatla2ee.com/en/new-car/proton/saga/unit/7157456,https://legion-images.hatla2ee.com/listing_image/d7742d43-679d-4f68-a3b5-a0f1a6cc1b68/medium.jpg,2026-04-30 14:21:22
3,new,Hyundai Elantra 2026,2026,0 KM,Automatic,Gas,"1,365,000 EGP",,Hyundai,Elantra,https://eg.hatla2ee.com/en/new-car/hyundai/elantra/unit/7207426,https://legion-images.hatla2ee.com/listing_image/d4895d0d-6766-4d64-b4c9-42f367730315/medium.jpg,2026-04-30 14:21:23
3,new,Porsche Macan 2023,2023,0 KM,Automatic,Gas,"5,100,000 EGP",,Porsche,Macan,https://eg.hatla2ee.com/en/new-car/porsche/macan/unit/40734,https://legion-images.hatla2ee.com/listing_image/f0501d76-60fe-4cb6-b550-d8a7dd57f718/medium.jpg,2026-04-30 14:21:23
3,new,Skoda Kodiaq 2024,2024,0 KM,Automatic,Gas,"2,550,000 EGP",,Skoda,Kodiaq,https://eg.hatla2ee.com/en/new-car/skoda/kodiaq/unit/42444,https://legion-images.hatla2ee.com/listing_image/4a81fc85-0753-44f7-86c7-ad11bbc893c6/medium.jpg,2026-04-30 14:21:30
3,new,Mini John Cooper 2025,2025,0 KM,Automatic,Gas,"3,900,000 EGP",,Mini,John Cooper,https://eg.hatla2ee.com/en/new-car/mini/john-cooper/unit/7141469,https://legion-images.hatla2ee.com/listing_image/27c9ff0a-369b-42b6-8a14-0c329fc99701/medium.jpg,2026-04-30 14:21:32
4,new,MG ZS 2026,2026,0 KM,Automatic,Gas,"1,300,000 EGP",,MG,ZS,https://eg.hatla2ee.com/en/new-car/moris-garage/zs/unit/7199375,https://legion-images.hatla2ee.com/listing_image/4ff3e8ce-f17f-4658-af22-879cc0180f03/medium.jpg,2026-04-30 14:21:41
4,new,Proton Saga 2025,2025,0 KM,Automatic,Gas,"650,000 EGP",,Proton,Saga,https://eg.hatla2ee.com/en/new-car/proton/saga/unit/7163555,https://legion-images.hatla2ee.com/listing_image/b0f9738b-b2be-492c-b4ba-3520f3f8bdc5/medium.jpg,2026-04-30 14:21:42
4,new,Wingamm Oasi 540 2024,2024,0 KM,Automatic,Diesel,"15,900,000 EGP",,Wingamm,Oasi 540,https://eg.hatla2ee.com/en/new-car/wingamm/oasi-540/unit/7202626,https://legion-images.hatla2ee.com/listing_image/ed4595eb-1f4e-4173-812f-666a54e24e0c/medium.jpg,2026-04-30 14:21:42
4,new,Mercedes C 180 2026,2026,0 KM,Automatic,Gas,"3,800,000 EGP",,Mercedes,C 180,https://eg.hatla2ee.com/en/new-car/mercedes/c-180/unit/7200871,https://legion-images.hatla2ee.com/listing_image/cf05f52a-775c-4ca2-823e-71d06c6abc9a/medium.jpg,2026-04-30 14:21:43
4,new,Mercedes Viano 2026,2026,0 KM,Automatic,Gas,"6,400,000 EGP",,Mercedes,Viano,https://eg.hatla2ee.com/en/new-car/mercedes/Viano/unit/7209155,https://legion-images.hatla2ee.com/listing_image/bf0670f4-7617-4ec6-8fa8-da0861c0397b/medium.jpg,2026-04-30 14:21:44
4,new,Mercedes GLC 300 2026,2026,0 KM,Automatic,Gas,"5,850,000 EGP",,Mercedes,GLC 300,https://eg.hatla2ee.com/en/new-car/mercedes/glc-300/unit/7209153,https://legion-images.hatla2ee.com/listing_image/8a5527b3-22cf-43bd-bacf-5065eee47ced/medium.jpg,2026-04-30 14:21:44
4,new,Nissan Sentra 2026,2026,0 KM,Automatic,Gas,"1,010,000 EGP",,Nissan,Sentra,https://eg.hatla2ee.com/en/new-car/nissan/sentra/unit/7210479,https://legion-images.hatla2ee.com/listing_image/62944573-c4ee-418c-9c6c-4b9ee3e3847f/medium.jpg,2026-04-30 14:21:45
4,new,Soueast S 05 2027,2027,0 KM,Automatic,Gas,"1,150,000 EGP",,Soueast,S 05,https://eg.hatla2ee.com/en/new-car/soueast/S+05/unit/7210611,https://legion-images.hatla2ee.com/listing_image/c7b04e99-9472-43af-90c9-d96632c230aa/medium.jpg,2026-04-30 14:21:46
4,new,BMW X1 2024,2024,0 KM,Automatic,Gas,"3,000,000 EGP",,BMW,X1,https://eg.hatla2ee.com/en/new-car/bmw/x1/unit/42417,https://legion-images.hatla2ee.com/listing_image/3debfe81-f959-4236-90d1-e789814bf040/medium.jpg,2026-04-30 14:21:47
4,new,Toyota Fortuner 2026,2026,0 KM,Automatic,Gas,"3,900,000 EGP",,Toyota,Fortuner,https://eg.hatla2ee.com/en/new-car/toyota/fortuner/unit/7210621,https://legion-images.hatla2ee.com/listing_image/07004546-d984-4df9-b000-8f5b9a98a0a1/medium.jpg,2026-04-30 14:21:52
4,new,Changan CS 55 2026,2026,0 KM,Automatic,Gas,"1,220,000 EGP",,Changan,CS 55,https://eg.hatla2ee.com/en/new-car/changan/CS-55/unit/7210644,https://legion-images.hatla2ee.com/listing_image/4aa68f31-6a76-4d52-a3f3-d7cea4492123/medium.jpg,2026-04-30 14:21:52
4,new,Chery Tiggo 7 pro max 2026,2026,0 KM,Automatic,Gas,"1,300,000 EGP",,Chery,Tiggo 7 pro max,https://eg.hatla2ee.com/en/new-car/chery/Tiggo-7-pro-max/unit/7210643,https://legion-images.hatla2ee.com/listing_image/c2a0e986-07cd-4293-abe1-5f62034aa1b3/medium.jpg,2026-04-30 14:21:53
4,new,Cupra Terramar 2026,2026,0 KM,Automatic,Gas,"2,350,000 EGP",,Cupra,Terramar,https://eg.hatla2ee.com/en/new-car/cupra/Terramar/unit/7210641,https://legion-images.hatla2ee.com/listing_image/6ad36cc9-ebd0-4f37-bc30-2c5c7ff56739/medium.jpg,2026-04-30 14:21:53
5,new,Jeep Cherokee 2025,2025,0 KM,Automatic,Gas,"5,300,000 EGP",,Jeep,Cherokee,https://eg.hatla2ee.com/en/new-car/jeep/cherokee/unit/7210308,https://legion-images.hatla2ee.com/listing_image/4cfce4da-c364-4773-8f61-5497d84bb45e/medium.jpg,2026-04-30 14:22:04
5,new,Mercedes GLC 300 2026,2026,0 KM,Automatic,Gas,"5,950,000 EGP",,Mercedes,GLC 300,https://eg.hatla2ee.com/en/new-car/mercedes/glc-300/unit/41419,https://legion-images.hatla2ee.com/listing_image/bd7fc43b-638a-40c0-9a1e-ce3aacbe47d3/medium.jpg,2026-04-30 14:22:05
5,new,Mercedes C 180 2026,2026,0 KM,Automatic,Gas,"4,000,000 EGP",,Mercedes,C 180,https://eg.hatla2ee.com/en/new-car/mercedes/c-180/unit/7208059,https://legion-images.hatla2ee.com/listing_image/ebb9e0a1-fda0-460e-8f33-61d92303419a/medium.jpg,2026-04-30 14:22:06
5,new,Kaiyi X3 Pro 2026,2026,0 KM,Automatic,Gas,"960,000 EGP",,Kaiyi,X3 Pro,https://eg.hatla2ee.com/en/new-car/Kaiyi/KAIYI-X3-PRO/unit/7157448,https://legion-images.hatla2ee.com/listing_image/d0e4990b-fc47-4319-a72e-0e2508a2eb7f/medium.jpg,2026-04-30 14:22:07
5,new,Toyota Land Cruiser 2026,2026,0 KM,Automatic,Gas,"9,000,000 EGP",,Toyota,Land Cruiser,https://eg.hatla2ee.com/en/new-car/toyota/land-cruiser/unit/7206655,https://legion-images.hatla2ee.com/listing_image/76d60d87-f125-489a-adf3-963af7686901/medium.jpg,2026-04-30 14:22:08
5,new,Byd F3 2026,2026,0 KM,Automatic,Gas,"710,000 EGP",,Byd,F3,https://eg.hatla2ee.com/en/new-car/byd/f3/unit/7210575,https://legion-images.hatla2ee.com/listing_image/9a1416c8-2c7a-4479-8d03-6a42fe52b575/medium.jpg,2026-04-30 14:22:09
5,new,Mercedes CLA 200 2026,2026,0 KM,Automatic,Gas,"3,050,000 EGP",,Mercedes,CLA 200,https://eg.hatla2ee.com/en/new-car/mercedes/cla-200/unit/7210589,https://legion-images.hatla2ee.com/listing_image/ac0b9bdc-6c27-47aa-b0d0-8456cc8f2e24/medium.jpg,2026-04-30 14:22:11
5,new,Mercedes G63 2025,2025,0 KM,Automatic,Gas,"9,950,000 EGP",,Mercedes,G63,https://eg.hatla2ee.com/en/new-car/mercedes/mercedes-benz-g63/unit/7195815,https://legion-images.hatla2ee.com/listing_image/892bc184-2a0e-4b91-8421-6bab62cc28af/medium.jpg,2026-04-30 14:22:12
6,new,Kaiyi X3 Pro 2026,2026,0 KM,Automatic,Gas,"960,000 EGP",,Kaiyi,X3 Pro,https://eg.hatla2ee.com/en/new-car/Kaiyi/KAIYI-X3-PRO/unit/7157448,https://legion-images.hatla2ee.com/listing_image/d0e4990b-fc47-4319-a72e-0e2508a2eb7f/medium.jpg,2026-04-30 14:22:27
6,new,Kia Sportage 2026,2026,0 KM,Automatic,Gas,"2,550,000 EGP",,Kia,Sportage,https://eg.hatla2ee.com/en/new-car/kia/sportage/unit/7205952,https://legion-images.hatla2ee.com/listing_image/807a68b7-9d1d-464e-b1c4-97508e52ec22/medium.jpg,2026-04-30 14:22:28
6,new,Renault Koleos 2025,2025,0 KM,Automatic,Hybrid,"2,700,000 EGP",,Renault,Koleos,https://eg.hatla2ee.com/en/new-car/renault/koleos/unit/7210110,https://legion-images.hatla2ee.com/listing_image/876d82ef-9b7f-4c1b-8081-41f3537b6248/medium.jpg,2026-04-30 14:22:28
6,new,Mercedes GLC 43 2026,2026,0 KM,Automatic,Gas,"7,500,000 EGP",,Mercedes,GLC 43,https://eg.hatla2ee.com/en/new-car/mercedes/mercedes-benz-glc-43/unit/7198672,https://legion-images.hatla2ee.com/listing_image/23fe1a38-10c2-4ec5-8530-718cec95ffb3/medium.jpg,2026-04-30 14:22:33
6,new,Soueast S 05 2027,2027,0 KM,Automatic,Gas,"1,150,000 EGP",,Soueast,S 05,https://eg.hatla2ee.com/en/new-car/soueast/S+05/unit/7210512,https://legion-images.hatla2ee.com/listing_image/d2227a00-b3ce-41a9-9112-e88269305740/medium.jpg,2026-04-30 14:22:33
6,new,Kia Seltos 2025,2025,0 KM,Automatic,Gas,"1,525,000 EGP",,Kia Seltos,Imported,https://eg.hatla2ee.com/en/new-car/imported/kia/Seltos/7210501,https://legion-images.hatla2ee.com/listing_image/85749578-2e01-4a1c-83cc-4651bac2fbfb/medium.jpg,2026-04-30 14:22:33
7,new,Mercedes EQA 260 2025,2025,0 KM,Automatic,Electric,"2,250,000 EGP",,Mercedes,EQA 260,https://eg.hatla2ee.com/en/new-car/mercedes/mercedes-benz-eqa-260/unit/7203240,https://legion-images.hatla2ee.com/listing_image/c55b008f-6864-4562-b639-d746ce09ef12/medium.jpg,2026-04-30 14:22:51
7,new,Mercedes C 180 2026,2026,0 KM,Automatic,Gas,"3,500,000 EGP",,Mercedes,C 180,https://eg.hatla2ee.com/en/new-car/mercedes/c-180/unit/7200074,https://legion-images.hatla2ee.com/listing_image/ae632e39-4720-4ee8-82da-7bf3be2a96ce/medium.jpg,2026-04-30 14:22:51
7,new,Chery Tiggo 8 Pro Max 2026,2026,0 KM,Automatic,Gas,"1,590,000 EGP",,Chery,Tiggo 8 Pro Max,https://eg.hatla2ee.com/en/new-car/chery/Tiggo-8-Pro-Max/unit/7157000,https://legion-images.hatla2ee.com/listing_image/5cbc04ce-ca33-4229-95d3-757fe01c3c84/medium.jpg,2026-04-30 14:22:52
7,new,Fiat 500 X 2026,2026,0 KM,Automatic,Gas,"1,100,000 EGP",,Fiat,500 X,https://eg.hatla2ee.com/en/new-car/fiat/500X/unit/7200762,https://legion-images.hatla2ee.com/listing_image/6dca9079-1882-4af3-859f-e67e893e5b7a/medium.jpg,2026-04-30 14:22:53
7,new,Kaiyi X3 Pro 2026,2026,0 KM,Automatic,Gas,"960,000 EGP",,Kaiyi,X3 Pro,https://eg.hatla2ee.com/en/new-car/Kaiyi/KAIYI-X3-PRO/unit/7195494,https://legion-images.hatla2ee.com/listing_image/6332866d-61b2-46d2-95f1-f0bf145eaf69/medium.jpg,2026-04-30 14:22:54
7,new,Jetour X70S 2026,2026,0 KM,Automatic,Gas,"1,200,000 EGP",,Jetour,X70S,https://eg.hatla2ee.com/en/new-car/jetour/X70S/unit/7200857,https://legion-images.hatla2ee.com/listing_image/13759ec5-9924-4c5c-936a-665da3c6cd9c/medium.jpg,2026-04-30 14:22:54
7,new,Kaiyi E5 2026,2026,0 KM,Automatic,Gas,"860,000 EGP",,Kaiyi,E5,https://eg.hatla2ee.com/en/new-car/Kaiyi/Kaiyi-E5/unit/7203257,https://legion-images.hatla2ee.com/listing_image/eebd61e4-9660-4e73-91db-a58147833263/medium.jpg,2026-04-30 14:22:55
7,new,Chevrolet Optra 2027,2027,0 KM,Automatic,Gas,"800,000 EGP",,Chevrolet,Optra,https://eg.hatla2ee.com/en/new-car/chevrolet/optra/unit/7206753,https://legion-images.hatla2ee.com/listing_image/46528a17-e31f-4c7c-abf2-e66b19a541fa/medium.jpg,2026-04-30 14:22:55
7,new,Kaiyi E5 2026,2026,0 KM,Automatic,Gas,"870,000 EGP",,Kaiyi,E5,https://eg.hatla2ee.com/en/new-car/Kaiyi/Kaiyi-E5/unit/7205670,https://legion-images.hatla2ee.com/listing_image/2fa20f32-6625-4dcf-81a0-40061e9cb81c/medium.jpg,2026-04-30 14:22:56
7,new,Baic X35 2026,2026,0 KM,Automatic,Gas,"935,000 EGP",,Baic,X35,https://eg.hatla2ee.com/en/new-car/baic/Baic-X35/unit/7187860,https://legion-images.hatla2ee.com/listing_image/e462ab55-f612-4ede-8881-d55927f78da2/medium.jpg,2026-04-30 14:22:57
7,new,Soueast S 05 2027,2027,0 KM,Automatic,Gas,"1,135,000 EGP",,Soueast,S 05,https://eg.hatla2ee.com/en/new-car/soueast/S+05/unit/7205486,https://legion-images.hatla2ee.com/listing_image/8d1973ff-ab76-4fab-8445-e50024a2a9f2/medium.jpg,2026-04-30 14:22:57
7,new,BMW Z4 2026,2026,0 KM,Automatic,Gas,"4,500,000 EGP",,BMW,Z4,https://eg.hatla2ee.com/en/new-car/bmw/z4/unit/7206734,https://legion-images.hatla2ee.com/listing_image/e1c2eace-dd87-4966-b172-ac449cec55d3/medium.jpg,2026-04-30 14:22:58
7,new,Mercedes CLE 53 2025,2025,0 KM,Automatic,Gas,"7,800,000 EGP",,Mercedes,CLE 53,https://eg.hatla2ee.com/en/new-car/mercedes/cle-53/unit/7202625,https://legion-images.hatla2ee.com/listing_image/9d8b7c9a-2e3a-4ccf-a189-bc8ce8a03e83/medium.jpg,2026-04-30 14:22:59
7,new,Soueast S 09 2027,2027,0 KM,Automatic,Gas,"1,600,000 EGP",,Soueast,S 09,https://eg.hatla2ee.com/en/new-car/soueast/S+09/unit/7157033,https://legion-images.hatla2ee.com/listing_image/c353eb79-58d5-446d-908d-981b02d5c0e3/medium.jpg,2026-04-30 14:23:03
7,new,Toyota Fortuner 2026,2026,0 KM,Automatic,Gas,"4,150,000 EGP",,Toyota Fortuner,A/T / Sport,https://eg.hatla2ee.com/en/new-car/imported/toyota/fortuner/7207314,https://legion-images.hatla2ee.com/listing_image/43641b6d-912e-49f3-92df-046f1dd1cd33/medium.jpg,2026-04-30 14:23:05
8,new,Toyota Urban Cruiser 2026,2026,0 KM,Automatic,Gas,"1,530,000 EGP",,Toyota,Urban Cruiser,https://eg.hatla2ee.com/en/new-car/toyota/Urban-Cruiser/unit/7210459,https://legion-images.hatla2ee.com/listing_image/54b6ab5f-a0ad-437e-bf89-25fa861b5d93/medium.jpg,2026-04-30 14:23:14
8,new,Jetour X90 2026,2026,0 KM,Automatic,Gas,"1,560,000 EGP",,Jetour,X90,https://eg.hatla2ee.com/en/new-car/jetour/X90/unit/7210451,https://legion-images.hatla2ee.com/listing_image/f9cf821b-cc90-4a71-be62-bfb53ffac949/medium.jpg,2026-04-30 14:23:15
8,new,BMW 520 2026,2026,0 KM,Automatic,Gas,"4,750,000 EGP",,BMW,520,https://eg.hatla2ee.com/en/new-car/bmw/520/unit/7210417,https://legion-images.hatla2ee.com/listing_image/c0740634-1e87-41ca-8f7b-7389c7075b41/medium.jpg,2026-04-30 14:23:15
8,new,Porsche Cayenne S 2026,2026,0 KM,Automatic,Gas,"14,500,000 EGP",,Porsche,Cayenne S,https://eg.hatla2ee.com/en/new-car/porsche/cayenne-s/unit/7206682,https://legion-images.hatla2ee.com/listing_image/818d0177-58d2-40b0-805c-cda1e1578a37/medium.jpg,2026-04-30 14:23:16
8,new,Nissan Sunny 2025,2025,0 KM,Automatic,Gas,"800,000 EGP",,Nissan,Sunny,https://eg.hatla2ee.com/en/new-car/nissan/sunny/unit/7209147,https://legion-images.hatla2ee.com/listing_image/ac92c3cb-afeb-4cbe-8d3a-0e3b5a4c62b0/medium.jpg,2026-04-30 14:23:17
8,new,Jetour T2 2026,2026,0 KM,Automatic,Gas,"2,080,000 EGP",,Jetour,T2,https://eg.hatla2ee.com/en/new-car/jetour/T2/unit/7210443,https://legion-images.hatla2ee.com/listing_image/a5238d15-5db5-48d0-a342-375334979222/medium.jpg,2026-04-30 14:23:17
8,new,Volkswagen Tiguan 2026,2026,0 KM,Automatic,Gas,"2,600,000 EGP",,Volkswagen,Tiguan,https://eg.hatla2ee.com/en/new-car/volks-wagen/tiguan/unit/7210442,https://legion-images.hatla2ee.com/listing_image/6265393a-ac5c-442d-bedf-b32e936ce83b/medium.jpg,2026-04-30 14:23:17
8,new,Cupra Terramar 2026,2026,0 KM,Automatic,Gas,"2,370,000 EGP",,Cupra,Terramar,https://eg.hatla2ee.com/en/new-car/cupra/Terramar/unit/41835,https://legion-images.hatla2ee.com/listing_image/c295273e-9ff9-4b01-8784-7ea993317361/medium.jpg,2026-04-30 14:23:18
8,new,Volkswagen Tiguan 2026,2026,0 KM,Automatic,Gas,"2,725,000 EGP",,Volkswagen,Tiguan,https://eg.hatla2ee.com/en/new-car/volks-wagen/tiguan/unit/7207072,https://legion-images.hatla2ee.com/listing_image/e2afd581-b7be-4087-b5d6-a26f9978d17d/medium.jpg,2026-04-30 14:23:21
8,new,Xiaomi SU7 2026,2026,0 KM,Automatic,Electric,"2,850,000 EGP",,Xiaomi,SU7,https://eg.hatla2ee.com/en/new-car/xiaomi/Xiaomi_Su7/unit/7210497,https://legion-images.hatla2ee.com/listing_image/38ce5f72-0fc5-4849-9c7a-469d9cba94c6/medium.jpg,2026-04-30 14:23:23
8,new,Xiaomi SU7 2026,2026,0 KM,Automatic,Electric,"2,670,000 EGP",,Xiaomi,SU7,https://eg.hatla2ee.com/en/new-car/xiaomi/Xiaomi_Su7/unit/7210486,https://legion-images.hatla2ee.com/listing_image/7f8b239e-0249-4ea6-b172-a469b0035919/medium.jpg,2026-04-30 14:23:25
9,new,Volkswagen Tiguan 2026,2026,0 KM,Automatic,Gas,"2,680,000 EGP",,Volkswagen,Tiguan,https://eg.hatla2ee.com/en/new-car/volks-wagen/tiguan/unit/7188074,https://legion-images.hatla2ee.com/listing_image/7f402d1b-0be7-47db-8ab5-598232bfb18f/medium.jpg,2026-04-30 14:23:33
9,new,Kia Sorento 2024,2024,0 KM,Automatic,Gas,"2,700,000 EGP",,Kia,Sorento,https://eg.hatla2ee.com/en/new-car/kia/sorento/unit/7155256,https://legion-images.hatla2ee.com/listing_image/e25dc595-46ac-4b7f-9183-91c4e08781ce/medium.jpg,2026-04-30 14:23:33
9,new,Jetour X70 Plus 2026,2026,0 KM,Automatic,Gas,"1,175,000 EGP",,Jetour,X70 Plus,https://eg.hatla2ee.com/en/new-car/jetour/X70-Plus/unit/7210441,https://legion-images.hatla2ee.com/listing_image/7d24e8d4-c740-41d4-a16a-fa34635f8a5b/medium.jpg,2026-04-30 14:23:35
9,new,Chery Tiggo 4 Pro 2026,2026,0 KM,Automatic,Gas,"1,090,000 EGP",,Chery,Tiggo 4 Pro,https://eg.hatla2ee.com/en/new-car/chery/Tiggo-4-Pro/unit/43285,https://legion-images.hatla2ee.com/listing_image/3e9f3ec9-4729-4c3b-a8bf-7583fddd2661/medium.jpg,2026-04-30 14:23:35
9,new,Nissan Sunny 2026,2026,0 KM,Automatic,Gas,"850,000 EGP",,Nissan,Sunny,https://eg.hatla2ee.com/en/new-car/nissan/sunny/unit/7157406,https://legion-images.hatla2ee.com/listing_image/e39bd8e9-b9a9-4d38-8f94-1e36fedc3dc7/medium.jpg,2026-04-30 14:23:35
9,new,MG ZS 2026,2026,0 KM,Automatic,Gas,"1,175,000 EGP",,MG,ZS,https://eg.hatla2ee.com/en/new-car/moris-garage/zs/unit/7157349,https://legion-images.hatla2ee.com/listing_image/ddd2dd01-2cde-455a-9833-5b034d3336ed/medium.jpg,2026-04-30 14:23:36
9,new,Jetour Dashing 2026,2026,0 KM,Automatic,Gas,"1,450,000 EGP",,Jetour,Dashing,https://eg.hatla2ee.com/en/new-car/jetour/Dashing/unit/7210437,https://legion-images.hatla2ee.com/listing_image/dc025a58-38e5-4bbb-95dd-36204d3e853d/medium.jpg,2026-04-30 14:23:37
9,new,Cupra Terramar 2025,2025,0 KM,Automatic,Gas,"2,275,000 EGP",,Cupra,Terramar,https://eg.hatla2ee.com/en/new-car/cupra/Terramar/unit/7210431,https://legion-images.hatla2ee.com/listing_image/e19fab1b-2c57-401d-af31-54853357695e/medium.jpg,2026-04-30 14:23:37
9,new,Jetour X70S 2026,2026,0 KM,Automatic,Gas,"1,200,000 EGP",,Jetour,X70S,https://eg.hatla2ee.com/en/new-car/jetour/X70S/unit/7157466,https://legion-images.hatla2ee.com/listing_image/0c6cc894-0562-4855-a1c2-3998fd54ba94/medium.jpg,2026-04-30 14:23:38
9,new,Chery Tiggo 8 Pro Max 2026,2026,0 KM,Automatic,Gas,"1,650,000 EGP",,Chery,Tiggo 8 Pro Max,https://eg.hatla2ee.com/en/new-car/chery/Tiggo-8-Pro-Max/unit/7157259,https://legion-images.hatla2ee.com/listing_image/c4d8c814-3b9a-4c94-8f10-9ce3e369357c/medium.jpg,2026-04-30 14:23:38
9,new,Nissan Sentra 2026,2026,0 KM,Automatic,Gas,"1,030,000 EGP",,Nissan,Sentra,https://eg.hatla2ee.com/en/new-car/nissan/sentra/unit/7157401,https://legion-images.hatla2ee.com/listing_image/611340bb-3656-432a-b81f-333005adc92f/medium.jpg,2026-04-30 14:23:38
9,new,Volkswagen Tayron 2026,2026,0 KM,Automatic,Gas,"2,900,000 EGP",,Volkswagen,Tayron,https://eg.hatla2ee.com/en/new-car/volks-wagen/tayron/unit/7210428,https://legion-images.hatla2ee.com/listing_image/385ab145-a9fd-4d81-99c2-058ec136bcce/medium.jpg,2026-04-30 14:23:39
9,new,Cupra Leon 2026,2026,0 KM,Automatic,Gas,"1,945,000 EGP",,Cupra,Leon,https://eg.hatla2ee.com/en/new-car/cupra/leon-cupra/unit/7206179,https://legion-images.hatla2ee.com/listing_image/7e431831-ff15-425f-8145-0f1f86b0ba4e/medium.jpg,2026-04-30 14:23:39
9,new,Kaiyi X7 2026,2026,0 KM,Automatic,Gas,"1,450,000 EGP",,Kaiyi,X7,https://eg.hatla2ee.com/en/new-car/Kaiyi/Kaiyi-X7/unit/7157451,https://legion-images.hatla2ee.com/listing_image/f995487e-990d-4cd4-a984-9d0444ece58e/medium.jpg,2026-04-30 14:23:39
9,new,Citroën Ami 2025,2025,0 KM,Automatic,Electric,"620,000 EGP",,Citroën,Ami,https://eg.hatla2ee.com/en/new-car/citroen/ami/unit/7210469,https://legion-images.hatla2ee.com/listing_image/6b0e7f63-6162-40d2-adc7-1309354352b7/medium.jpg,2026-04-30 14:23:43
9,new,Lynkco Other 2026,2026,0 KM,Automatic,Hybrid,"2,600,000 EGP",,Lynkco,Other,https://eg.hatla2ee.com/en/new-car/lynkco/other-lynkco/unit/7209924,https://legion-images.hatla2ee.com/listing_image/e0065ff2-454e-4291-9732-4c6a56e922f3/medium.jpg,2026-04-30 14:23:44
9,new,Xiaomi Yu7 2026,2026,0 KM,Automatic,Electric,"3,300,000 EGP",,Xiaomi,Yu7,https://eg.hatla2ee.com/en/new-car/xiaomi/xiaomi-yu7/unit/7210450,https://legion-images.hatla2ee.com/listing_image/bb1c5da0-0e6b-4895-a802-a9a7dbb2a1dc/medium.jpg,2026-04-30 14:23:44
10,new,Mercedes Viano 2026,2026,0 KM,Automatic,Gas,"6,350,000 EGP",,Mercedes,Viano,https://eg.hatla2ee.com/en/new-car/mercedes/Viano/unit/7209864,https://legion-images.hatla2ee.com/listing_image/d44f6bf5-dd5f-43f3-ba12-a77489e37996/medium.jpg,2026-04-30 14:23:52
10,new,Cadillac Escalade 2025,2025,0 KM,Automatic,Gas,"15,250,000 EGP",,Cadillac,Escalade,https://eg.hatla2ee.com/en/new-car/cadillac/escalade/unit/7193246,https://legion-images.hatla2ee.com/listing_image/9b3235c2-facd-4aa4-b064-79a3bc4afe45/medium.jpg,2026-04-30 14:23:55
10,new,Changan CS 55 2026,2026,0 KM,Automatic,Gas,"1,400,000 EGP",,Changan,CS 55,https://eg.hatla2ee.com/en/new-car/changan/CS-55/unit/7174632,https://legion-images.hatla2ee.com/listing_image/5e61a3c6-6da3-446c-b94c-b4f833dc6120/medium.jpg,2026-04-30 14:23:55
10,new,Chery Arrizo 5 2026,2026,0 KM,Automatic,Gas,"850,000 EGP",,Chery,Arrizo 5,https://eg.hatla2ee.com/en/new-car/chery/Arrizo-5/unit/40475,https://legion-images.hatla2ee.com/listing_image/3f5bb448-c3bd-49d4-8853-f034e68f896b/medium.jpg,2026-04-30 14:23:58
10,new,Chery Arrizo 5 2026,2026,0 KM,Automatic,Gas,"750,000 EGP",,Chery,Arrizo 5,https://eg.hatla2ee.com/en/new-car/chery/Arrizo-5/unit/7157326,https://legion-images.hatla2ee.com/listing_image/03c76923-808e-47a5-aa3e-e5150cf5ff5f/medium.jpg,2026-04-30 14:23:58
10,new,MG 7 2026,2026,0 KM,Automatic,Gas,"1,800,000 EGP",,MG,7,https://eg.hatla2ee.com/en/new-car/moris-garage/mg-7/unit/43416,https://legion-images.hatla2ee.com/listing_image/8cdbb687-4a5d-4652-bdc2-50e0c1088f97/medium.jpg,2026-04-30 14:23:59
10,new,Soueast S 09 2026,2026,0 KM,Automatic,Gas,"1,675,000 EGP",,Soueast,S 09,https://eg.hatla2ee.com/en/new-car/soueast/S+09/unit/7157352,https://legion-images.hatla2ee.com/listing_image/4bfb3552-e6dd-4803-9906-2dac9152bed5/medium.jpg,2026-04-30 14:23:59
10,new,Soueast S 06 2026,2026,0 KM,Automatic,Gas,"1,425,000 EGP",,Soueast,S 06,https://eg.hatla2ee.com/en/new-car/soueast/S+06/unit/7157366,https://legion-images.hatla2ee.com/listing_image/361df546-784d-44a9-9e8b-025de9cf4406/medium.jpg,2026-04-30 14:23:59
10,new,Mercedes GLC 300 2026,2026,0 KM,Automatic,Gas,"5,850,000 EGP",,Mercedes,GLC 300,https://eg.hatla2ee.com/en/new-car/mercedes/glc-300/unit/7182786,https://legion-images.hatla2ee.com/listing_image/98386135-7459-420b-8b0d-87c6d60020f3/medium.jpg,2026-04-30 14:24:08
11,new,Toyota Land Cruiser 2026,2026,0 KM,Automatic,Gas,"10,200,000 EGP",,Toyota,Land Cruiser,https://eg.hatla2ee.com/en/new-car/toyota/land-cruiser/unit/7193258,https://legion-images.hatla2ee.com/listing_image/c7b11340-8e94-4753-952e-908683ca6c3d/medium.jpg,2026-04-30 14:24:16
11,new,Mercedes E 200 2025,2025,0 KM,Automatic,Gas,"5,850,000 EGP",,Mercedes,E 200,https://eg.hatla2ee.com/en/new-car/mercedes/e-200/unit/7209728,https://legion-images.hatla2ee.com/listing_image/250c55bf-c77d-4caf-9f27-b9f5b685ad0c/medium.jpg,2026-04-30 14:24:16
11,new,Lotus Emira 2024,2024,0 KM,Automatic,Gas,"6,550,000 EGP",,Lotus,Emira,https://eg.hatla2ee.com/en/new-car/lotus/Emira/unit/7209727,https://legion-images.hatla2ee.com/listing_image/fd90cd99-fb66-4d8f-bc88-f91a166f4ac7/medium.jpg,2026-04-30 14:24:17
11,new,Mercedes G63 2025,2025,0 KM,Automatic,Gas,"13,700,000 EGP",,Mercedes,G63,https://eg.hatla2ee.com/en/new-car/mercedes/mercedes-benz-g63/unit/7193359,https://legion-images.hatla2ee.com/listing_image/aa9cf64b-9a95-4a7e-9e20-3074f720e4f9/medium.jpg,2026-04-30 14:24:17
11,new,MG One 2026,2026,0 KM,Automatic,Gas,"1,520,000 EGP",,MG,One,https://eg.hatla2ee.com/en/new-car/moris-garage/MG+One/unit/7157460,https://legion-images.hatla2ee.com/listing_image/f1337c24-220e-4db0-a888-b8a319c2cd5f/medium.jpg,2026-04-30 14:24:18
11,new,Chery Tiggo 7 2026,2026,0 KM,Automatic,Gas,"1,070,000 EGP",,Chery,Tiggo 7,https://eg.hatla2ee.com/en/new-car/chery/Tiggo-7/unit/7157262,https://legion-images.hatla2ee.com/listing_image/ef54b7a6-5df1-40c4-8c3c-3bcaaa5addb8/medium.jpg,2026-04-30 14:24:18
11,new,Byd Leopard 7 2025,2025,0 KM,Automatic,Electric,"3,100,000 EGP",,Byd,Leopard 7,https://eg.hatla2ee.com/en/new-car/byd/leopard-7/unit/7210393,https://legion-images.hatla2ee.com/listing_image/c8e3ed20-a551-42de-893c-9a963617df75/medium.jpg,2026-04-30 14:24:21
11,new,Zeekr X 2025,2025,0 KM,Automatic,Electric,"1,700,000 EGP",,Zeekr,X,https://eg.hatla2ee.com/en/new-car/zeekr/X/unit/7210409,https://legion-images.hatla2ee.com/listing_image/f5820387-7a9c-4a5c-8f70-1bd613ccc624/medium.jpg,2026-04-30 14:24:23
11,new,Renault Austral 2026,2026,0 KM,Automatic,Gas,"2,000,000 EGP",,Renault,Austral,https://eg.hatla2ee.com/en/new-car/renault/Austral/unit/7207026,https://legion-images.hatla2ee.com/listing_image/d6b96a18-43d3-4668-845e-c0ebc5780e1a/medium.jpg,2026-04-30 14:24:24
11,new,Baic U5 plus 2026,2026,0 KM,Automatic,Gas,"850,000 EGP",,Baic,U5 plus,https://eg.hatla2ee.com/en/new-car/baic/U5-plus/unit/7207040,https://legion-images.hatla2ee.com/listing_image/1bd5eba1-ac8d-44c1-aa73-5f4d7cf49dbb/medium.jpg,2026-04-30 14:24:25
11,new,Audi A5 2025,2025,0 KM,Automatic,Gas,"3,650,000 EGP",,Audi,A5,https://eg.hatla2ee.com/en/new-car/audi/a5/unit/7187816,https://legion-images.hatla2ee.com/listing_image/3a6f1dc9-3f7f-4f94-8422-93029376848e/medium.jpg,2026-04-30 14:24:26
11,new,Mercedes GLC 300 2026,2026,0 KM,Automatic,Gas,"6,250,000 EGP",,Mercedes,GLC 300,https://eg.hatla2ee.com/en/new-car/mercedes/glc-300/unit/7194931,https://legion-images.hatla2ee.com/listing_image/8a6463ba-a1bf-4450-98bb-3231a3d7a1b2/medium.jpg,2026-04-30 14:24:26
12,new,BMW X4 2025,2025,0 KM,Automatic,Gas,"4,750,000 EGP",,BMW,X4,https://eg.hatla2ee.com/en/new-car/bmw/x4/unit/7186053,https://legion-images.hatla2ee.com/listing_image/7082699b-eb71-451f-ab63-9949d1fb63ab/medium.jpg,2026-04-30 14:24:37
12,new,Chery Tiggo 7 2026,2026,0 KM,Automatic,Gas,"1,000,000 EGP",,Chery,Tiggo 7,https://eg.hatla2ee.com/en/new-car/chery/Tiggo-7/unit/42996,https://legion-images.hatla2ee.com/listing_image/9d402b39-b3cc-4641-8a8e-dd0f1e2f071d/medium.jpg,2026-04-30 14:24:40
12,new,Volvo XC60 2026,2026,0 KM,Automatic,Gas,"3,950,000 EGP",,Volvo,XC60,https://eg.hatla2ee.com/en/new-car/volvo/xc60/unit/42355,https://legion-images.hatla2ee.com/listing_image/22d24202-0d3b-46ce-9739-a2790c18f3ca/medium.jpg,2026-04-30 14:24:41
12,new,Hyundai Elantra 2026,2026,0 KM,Automatic,Gas,"1,060,000 EGP",,Hyundai,Elantra,https://eg.hatla2ee.com/en/new-car/hyundai/elantra/unit/40465,https://legion-images.hatla2ee.com/listing_image/0f49bd00-7806-4013-b089-1036972b5c26/medium.jpg,2026-04-30 14:24:41
12,new,Chery Tiggo 4 2026,2026,0 KM,Automatic,Gas,"950,000 EGP",,Chery,Tiggo 4,https://eg.hatla2ee.com/en/new-car/chery/Tiggo-4/unit/39959,https://legion-images.hatla2ee.com/listing_image/70716d6f-58b4-45f8-ba97-6d935cfe564f/medium.jpg,2026-04-30 14:24:42
12,new,Toyota Urban Cruiser 2026,2026,0 KM,Automatic,Gas,"1,430,000 EGP",,Toyota,Urban Cruiser,https://eg.hatla2ee.com/en/new-car/toyota/Urban-Cruiser/unit/7210383,https://legion-images.hatla2ee.com/listing_image/37c092d4-b834-4b18-9cbd-b8d8dc8a39e7/medium.jpg,2026-04-30 14:24:43
12,new,Jetour T2 2026,2026,0 KM,Automatic,Gas,"1,900,000 EGP",,Jetour,T2,https://eg.hatla2ee.com/en/new-car/jetour/T2/unit/7166544,https://legion-images.hatla2ee.com/listing_image/adf557aa-5329-4dd3-adb8-4fd55fbf31ae/medium.jpg,2026-04-30 14:24:43
12,new,Nissan Sunny 2026,2026,0 KM,Automatic,Gas,"745,000 EGP",,Nissan,Sunny,https://eg.hatla2ee.com/en/new-car/nissan/sunny/unit/7147211,https://legion-images.hatla2ee.com/listing_image/2b44c727-ef2f-49df-971c-6daebb6ca68b/medium.jpg,2026-04-30 14:24:44
12,new,Mercedes E 200 2026,2026,0 KM,Automatic,Gas,"5,800,000 EGP",,Mercedes,E 200,https://eg.hatla2ee.com/en/new-car/mercedes/e-200/unit/7210373,https://legion-images.hatla2ee.com/listing_image/f55a161e-bedf-4115-af0a-273f549b22b3/medium.jpg,2026-04-30 14:24:45
12,new,Chevrolet Optra 2027,2027,0 KM,Automatic,Gas,"840,000 EGP",,Chevrolet,Optra,https://eg.hatla2ee.com/en/new-car/chevrolet/optra/unit/7210372,https://legion-images.hatla2ee.com/listing_image/eb1d45f7-33a2-4613-81ae-be3304b984e5/medium.jpg,2026-04-30 14:24:45
12,new,Chery Tiggo 7 pro max 2026,2026,0 KM,Automatic,Gas,"1,320,000 EGP",,Chery,Tiggo 7 pro max,https://eg.hatla2ee.com/en/new-car/chery/Tiggo-7-pro-max/unit/7209227,https://legion-images.hatla2ee.com/listing_image/6faaf661-32e4-410d-b3d1-1c104dbdd799/medium.jpg,2026-04-30 14:24:45
12,new,Mercedes CLE 200 2025,2025,0 KM,Automatic,Electric,"3,150,000 EGP",,Mercedes,CLE 200,https://eg.hatla2ee.com/en/new-car/mercedes/mercedes-benz-cle-200/unit/7210363,https://legion-images.hatla2ee.com/listing_image/d2851816-546e-4aec-ba81-597e5ed2e3af/medium.jpg,2026-04-30 14:24:45
12,new,Proton Saga 2026,2026,0 KM,Automatic,Gas,"670,000 EGP",,Proton,Saga,https://eg.hatla2ee.com/en/new-car/proton/saga/unit/7210348,https://legion-images.hatla2ee.com/listing_image/989bbd40-cb3c-459f-9075-610c69328b1e/medium.jpg,2026-04-30 14:24:48
12,new,Cupra Formentor 2026,2026,0 KM,Automatic,Gas,"2,300,000 EGP",,Cupra,Formentor,https://eg.hatla2ee.com/en/new-car/cupra/Formentor/unit/7210306,https://legion-images.hatla2ee.com/listing_image/4d86308d-8230-4f2e-92ee-98590996998e/medium.jpg,2026-04-30 14:24:52
13,new,Proton Saga 2026,2026,0 KM,Automatic,Gas,"675,000 EGP",,Proton,Saga,https://eg.hatla2ee.com/en/new-car/proton/saga/unit/7202680,https://legion-images.hatla2ee.com/listing_image/b1aefd66-c338-4605-8a18-1dde8614d93f/medium.jpg,2026-04-30 14:25:02
13,new,Land Rover Range Rover Evoque 2026,2026,0 KM,Automatic,Gas,"4,180,000 EGP",,Land Rover,Range Rover Evoque,https://eg.hatla2ee.com/en/new-car/land-rover/evoque/unit/7209329,https://legion-images.hatla2ee.com/listing_image/92e70b37-8f95-40ad-a898-67f4543a5c7e/medium.jpg,2026-04-30 14:25:02
13,new,Changan CS75 2026,2026,0 KM,Automatic,Gas,"1,520,000 EGP",,Changan,CS75,https://eg.hatla2ee.com/en/new-car/changan/CS75/unit/7209250,https://legion-images.hatla2ee.com/listing_image/9fd9626f-bfd2-4f18-8885-ea16911c0012/medium.jpg,2026-04-30 14:25:02
13,new,Porsche Macan 2026,2026,0 KM,Automatic,Gas,"5,990,000 EGP",,Porsche,Macan,https://eg.hatla2ee.com/en/new-car/porsche/macan/unit/7183591,https://legion-images.hatla2ee.com/listing_image/faad8961-85b2-4691-8f23-8f63315dbefe/medium.jpg,2026-04-30 14:25:03
13,new,Cupra Leon 2026,2026,0 KM,Automatic,Gas,"1,985,000 EGP",,Cupra,Leon,https://eg.hatla2ee.com/en/new-car/cupra/leon-cupra/unit/7210359,https://legion-images.hatla2ee.com/listing_image/a5d3c9d5-e754-43c0-831a-66e8814486f0/medium.jpg,2026-04-30 14:25:03
13,new,Land Rover Range Rover Evoque 2026,2026,0 KM,Automatic,Gas,"4,400,000 EGP",,Land Rover,Range Rover Evoque,https://eg.hatla2ee.com/en/new-car/land-rover/evoque/unit/7210352,https://legion-images.hatla2ee.com/listing_image/3ebb62ee-bdd5-4adf-90ae-5dceef5d2d53/medium.jpg,2026-04-30 14:25:04
13,new,Seat Ateca 2026,2026,0 KM,Automatic,Gas,"1,830,000 EGP",,Seat,Ateca,https://eg.hatla2ee.com/en/new-car/seat/Ateca/unit/7210346,https://legion-images.hatla2ee.com/listing_image/0c131888-40b4-43e3-8e23-1c019b2046f2/medium.jpg,2026-04-30 14:25:04
13,new,Volkswagen Tiguan 2026,2026,0 KM,Automatic,Gas,"2,690,000 EGP",,Volkswagen,Tiguan,https://eg.hatla2ee.com/en/new-car/volks-wagen/tiguan/unit/7210337,https://legion-images.hatla2ee.com/listing_image/e1e8dd26-4d4f-4352-a6f9-de7b30606020/medium.jpg,2026-04-30 14:25:05
13,new,Mercedes GLC 300 2024,2024,0 KM,Automatic,Gas,"4,900,000 EGP",,Mercedes,GLC 300,https://eg.hatla2ee.com/en/new-car/mercedes/glc-300/unit/7210344,https://legion-images.hatla2ee.com/listing_image/1f9c04c0-9e9e-46c0-84a1-9832a3322eff/medium.jpg,2026-04-30 14:25:05
13,new,Toyota Land Cruiser 2026,2026,0 KM,Automatic,Diesel,"9,500,000 EGP",,Toyota,Land Cruiser,https://eg.hatla2ee.com/en/new-car/toyota/land-cruiser/unit/7206493,https://legion-images.hatla2ee.com/listing_image/1e45f1b5-409f-43d0-9127-4989dad7be0e/medium.jpg,2026-04-30 14:25:06
13,new,Geely GX3 Pro 2026,2026,0 KM,Automatic,Gas,"875,000 EGP",,Geely,GX3 Pro,https://eg.hatla2ee.com/en/new-car/geely/GX3-pro/unit/7210342,https://legion-images.hatla2ee.com/listing_image/44ae648c-63da-4081-befd-22b8da599b9a/medium.jpg,2026-04-30 14:25:06
13,new,Seat Leon 2026,2026,0 KM,Automatic,Gas,"1,620,000 EGP",,Seat,Leon,https://eg.hatla2ee.com/en/new-car/seat/leon/unit/7210340,https://legion-images.hatla2ee.com/listing_image/050fb6b5-6785-494a-86fd-d93a65067e0b/medium.jpg,2026-04-30 14:25:06
13,new,Geely City Ray 2026,2026,0 KM,Automatic,Gas,"1,300,000 EGP",,Geely,City Ray,https://eg.hatla2ee.com/en/new-car/geely/City-Ray/unit/7210313,https://legion-images.hatla2ee.com/listing_image/37efe7fc-5171-4665-bd12-b3fe91d4d8f9/medium.jpg,2026-04-30 14:25:07
13,new,Mitsubishi Xpander 2026,2026,0 KM,Automatic,Gas,"1,100,000 EGP",,Mitsubishi,Xpander,https://eg.hatla2ee.com/en/new-car/mitsubishi/Xpander/unit/7210260,https://legion-images.hatla2ee.com/listing_image/6579c288-8ba9-454b-811f-b2d1a78f3d15/medium.jpg,2026-04-30 14:25:09
13,new,Mercedes E 200 2024,2024,0 KM,Automatic,Gas,"5,249,000 EGP",,Mercedes,E 200,https://eg.hatla2ee.com/en/new-car/mercedes/e-200/unit/7152999,https://legion-images.hatla2ee.com/listing_image/c09fa955-bddf-4b00-8ff4-81336a386f85/medium.jpg,2026-04-30 14:25:10
14,new,Land Rover Range Rover Vogue 2026,2026,0 KM,Automatic,Gas,"18,300,000 EGP",,Land Rover,Range Rover Vogue,https://eg.hatla2ee.com/en/new-car/land-rover/vogue/unit/7173738,https://legion-images.hatla2ee.com/listing_image/c0a5652e-2a3e-465e-ae0f-f4839c5e2745/medium.jpg,2026-04-30 14:25:24
14,new,Soueast S 05 2027,2027,0 KM,Automatic,Gas,"1,150,000 EGP",,Soueast,S 05,https://eg.hatla2ee.com/en/new-car/soueast/S+05/unit/7209248,https://legion-images.hatla2ee.com/listing_image/f9af9ca4-f9ed-4fdf-a19f-884519e757d7/medium.jpg,2026-04-30 14:25:26
14,new,Seat Arona 2026,2026,0 KM,Automatic,Gas,"1,460,000 EGP",,Seat,Arona,https://eg.hatla2ee.com/en/new-car/seat/arona/unit/7210338,https://legion-images.hatla2ee.com/listing_image/5c40cd34-e31a-40ce-b319-13ac9e33c8c6/medium.jpg,2026-04-30 14:25:26
14,new,Nissan Sunny 2026,2026,0 KM,Automatic,Gas,"770,000 EGP",,Nissan,Sunny,https://eg.hatla2ee.com/en/new-car/nissan/sunny/unit/40695,https://legion-images.hatla2ee.com/listing_image/7730f85f-6304-44cf-bbe3-fdf427d74d75/medium.jpg,2026-04-30 14:25:27
14,new,Mercedes C 180 2023,2023,0 KM,Automatic,Gas,"3,450,000 EGP",,Mercedes,C 180,https://eg.hatla2ee.com/en/new-car/mercedes/c-180/unit/42702,https://legion-images.hatla2ee.com/listing_image/6dfafd64-c5e6-40fa-bde1-ca31d088c897/medium.jpg,2026-04-30 14:25:31
14,new,Mercedes C 200 2025,2025,0 KM,Automatic,Gas,"3,700,000 EGP",,Mercedes,C 200,https://eg.hatla2ee.com/en/new-car/mercedes/c-200/unit/7210280,https://legion-images.hatla2ee.com/listing_image/c54ad118-9dfb-48dc-9e1f-8881f1946196/medium.jpg,2026-04-30 14:25:31
14,new,Mercedes SL Roadster 2024,2024,0 KM,Automatic,Gas,"11,250,000 EGP",,Mercedes SL Roadster,Imported,https://eg.hatla2ee.com/en/new-car/imported/mercedes/SL-Roadster/7207051,https://legion-images.hatla2ee.com/listing_image/ce624ba7-652a-4e27-8bc8-ba412e1eafe3/medium.jpg,2026-04-30 14:25:35
14,new,Jaguar E-pace 2024,2024,0 KM,Automatic,Electric,"4,500,000 EGP",,Jaguar E-pace,Imported,https://eg.hatla2ee.com/en/new-car/imported/jaguar/E-pace/7206975,https://legion-images.hatla2ee.com/listing_image/c5de4911-fb6b-4bb2-95f3-c1c297eed6fc/medium.jpg,2026-04-30 14:25:38
15,new,Lexus Lx 2026,2026,0 KM,Automatic,Gas,"9,000,000 EGP",,Lexus,Lx,https://eg.hatla2ee.com/en/new-car/lexus/lx/unit/7185489,https://legion-images.hatla2ee.com/listing_image/20acf0e8-ba89-4213-8d46-76bd698709b8/medium.jpg,2026-04-30 14:25:48
15,new,Cadillac Escalade 2026,2026,0 KM,Automatic,Gas,"12,000,000 EGP",,Cadillac,Escalade,https://eg.hatla2ee.com/en/new-car/cadillac/escalade/unit/7185503,https://legion-images.hatla2ee.com/listing_image/cb241fd4-c21f-429e-b0c7-e6a0118e3146/medium.jpg,2026-04-30 14:25:49
15,new,Mercedes Viano 2025,2025,0 KM,Automatic,Gas,"5,850,000 EGP",,Mercedes,Viano,https://eg.hatla2ee.com/en/new-car/mercedes/Viano/unit/41163,https://legion-images.hatla2ee.com/listing_image/e45ae9c3-ebfe-4ae7-9ce4-7142bc44de6b/medium.jpg,2026-04-30 14:25:50
15,new,Mercedes C 180 2026,2026,0 KM,Automatic,Diesel,"4,000,000 EGP",,Mercedes,C 180,https://eg.hatla2ee.com/en/new-car/mercedes/c-180/unit/7206512,https://legion-images.hatla2ee.com/listing_image/1d8368a8-e375-4560-99ec-b2454d158563/medium.jpg,2026-04-30 14:25:50
15,new,Mercedes C 180 2026,2026,0 KM,Automatic,Diesel,"4,000,000 EGP",,Mercedes,C 180,https://eg.hatla2ee.com/en/new-car/mercedes/c-180/unit/7206514,https://legion-images.hatla2ee.com/listing_image/59063d65-78c0-41dd-8c3a-3742e034f6f2/medium.jpg,2026-04-30 14:25:51
15,new,Byd Song L 2025,2025,0 KM,Automatic,Electric,"2,250,000 EGP",,Byd,Song L,https://eg.hatla2ee.com/en/new-car/byd/byd-song-l/unit/7155029,https://legion-images.hatla2ee.com/listing_image/75c70355-5019-4c97-ae14-3b12b613f524/medium.jpg,2026-04-30 14:25:53
15,new,Mercedes C 180 2025,2025,0 KM,Automatic,Diesel,"3,500,000 EGP",,Mercedes,C 180,https://eg.hatla2ee.com/en/new-car/mercedes/c-180/unit/7210292,https://legion-images.hatla2ee.com/listing_image/41bd1621-766f-41aa-b7f7-e3f04b829242/medium.jpg,2026-04-30 14:25:55
15,new,Suzuki Ideal 2020,2020,0 KM,Manual,Hybrid,"1,000 EGP",,Suzuki Ideal,Imported,https://eg.hatla2ee.com/en/new-car/imported/suzuki/ideal/7206974,https://legion-images.hatla2ee.com/listing_image/a4f53174-49f6-4916-9baf-a5dd545ef5a6/medium.jpg,2026-04-30 14:25:56
15,new,Mercedes GLC 300 2026,2026,0 KM,Automatic,Gas,"5,500,000 EGP",,Mercedes GLC 300,Imported,https://eg.hatla2ee.com/en/new-car/imported/mercedes/glc-300/7206925,https://legion-images.hatla2ee.com/listing_image/2218836d-ab83-463a-89f4-f8dd494161c8/medium.jpg,2026-04-30 14:25:56
15,new,Audi RS5 2024,2024,0 KM,Automatic,Gas,"7,100,000 EGP",,Audi,RS5,https://eg.hatla2ee.com/en/new-car/audi/RS5/unit/7172609,https://legion-images.hatla2ee.com/listing_image/cfaae1bf-1b1c-499d-8508-4e4886a3c320/medium.jpg,2026-04-30 14:26:01
16,new,Hyundai Santa Fe 2025,2025,0 KM,Automatic,Hybrid,"3,450,000 EGP",,Hyundai,Santa Fe,https://eg.hatla2ee.com/en/new-car/hyundai/santa-fe/unit/42938,https://legion-images.hatla2ee.com/listing_image/d0799f99-b6bb-4628-91ec-1809212ac8ca/medium.jpg,2026-04-30 14:26:11
16,new,Byd Destroyer 05 2025,2025,0 KM,Automatic,Electric,"1,150,000 EGP",,Byd,Destroyer 05,https://eg.hatla2ee.com/en/new-car/byd/destroyer-05/unit/7209110,https://legion-images.hatla2ee.com/listing_image/0af66ee1-6a99-4b26-893d-0785544a6876/medium.jpg,2026-04-30 14:26:12
16,new,Changan CS 55 2026,2026,0 KM,Automatic,Gas,"1,140,000 EGP",,Changan,CS 55,https://eg.hatla2ee.com/en/new-car/changan/CS-55/unit/7204418,https://legion-images.hatla2ee.com/listing_image/21681344-9079-4326-be52-47771b8f7c6f/medium.jpg,2026-04-30 14:26:12
16,new,BMW 740 2024,2024,0 KM,Automatic,Gas,"11,000,000 EGP",,BMW,740,https://eg.hatla2ee.com/en/new-car/bmw/740/unit/7208857,https://legion-images.hatla2ee.com/listing_image/7b8ea20a-b1e7-42f9-947f-1a597511ea35/medium.jpg,2026-04-30 14:26:13
16,new,BMW 760i 2025,2025,0 KM,Automatic,Gas,"6,000,000 EGP",,BMW,760i,https://eg.hatla2ee.com/en/new-car/bmw/bmw-760i/unit/7148963,https://legion-images.hatla2ee.com/listing_image/b07a7105-e8a5-4077-b5cd-3e11bb884109/medium.jpg,2026-04-30 14:26:13
16,new,Mercedes GLC 300 2025,2025,0 KM,Automatic,Gas,"5,700,000 EGP",,Mercedes,GLC 300,https://eg.hatla2ee.com/en/new-car/mercedes/glc-300/unit/7192423,https://legion-images.hatla2ee.com/listing_image/19bb37f4-3c36-4253-932b-8d6c52a6608f/medium.jpg,2026-04-30 14:26:14
16,new,Dongfeng M-hero 917 2026,2026,0 KM,Automatic,Hybrid,"4,200,000 EGP",,Dongfeng,M-hero 917,https://eg.hatla2ee.com/en/new-car/dfm/M-hero-917/unit/7202181,https://legion-images.hatla2ee.com/listing_image/70a23a16-a485-446f-b488-39fbeb17066f/medium.jpg,2026-04-30 14:26:15
16,new,Skoda Superb 2026,2026,0 KM,Automatic,Gas,"3,000,000 EGP",,Skoda,Superb,https://eg.hatla2ee.com/en/new-car/skoda/superb/unit/7193925,https://legion-images.hatla2ee.com/listing_image/d30c7af4-dece-4491-a17a-26acfc3ec691/medium.jpg,2026-04-30 14:26:15
16,new,Mercedes C 180 2026,2026,0 KM,Automatic,Gas,"3,800,000 EGP",,Mercedes,C 180,https://eg.hatla2ee.com/en/new-car/mercedes/c-180/unit/7193242,https://legion-images.hatla2ee.com/listing_image/b403799d-3049-480e-8351-86390d95f7ed/medium.jpg,2026-04-30 14:26:17
16,new,Mercedes GLC 300 2026,2026,0 KM,Automatic,Gas,"5,950,000 EGP",,Mercedes,GLC 300,https://eg.hatla2ee.com/en/new-car/mercedes/glc-300/unit/7194417,https://legion-images.hatla2ee.com/listing_image/86242607-b4f8-48df-af8a-3d65f454eb03/medium.jpg,2026-04-30 14:26:17
16,new,Land Rover Range Rover 2025,2025,0 KM,Automatic,Gas,"5,850,000 EGP",,Land Rover,Range Rover,https://eg.hatla2ee.com/en/new-car/land-rover/range-rover/unit/7193931,https://legion-images.hatla2ee.com/listing_image/56dc7a2c-7d24-45fd-bb29-bbff1e6d0c81/medium.jpg,2026-04-30 14:26:18
16,new,Byd Leopard 7 2025,2025,0 KM,Automatic,Hybrid,"3,100,000 EGP",,Byd,Leopard 7,https://eg.hatla2ee.com/en/new-car/byd/leopard-7/unit/7198159,https://legion-images.hatla2ee.com/listing_image/c298377c-3a59-499f-b037-afe3fb7a2666/medium.jpg,2026-04-30 14:26:18
16,new,Byd Leopard 5 2025,2025,0 KM,Automatic,Hybrid,"3,000,000 EGP",,Byd,Leopard 5,https://eg.hatla2ee.com/en/new-car/byd/Byd_Leopard+5/unit/7198752,https://legion-images.hatla2ee.com/listing_image/f7c8977e-d5ca-4134-93a9-f0e9abb0c4ba/medium.jpg,2026-04-30 14:26:18
16,new,Mercedes C 180 2024,2024,0 KM,Automatic,Gas,"3,600,000 EGP",,Mercedes,C 180,https://eg.hatla2ee.com/en/new-car/mercedes/c-180/unit/43728,https://legion-images.hatla2ee.com/listing_image/3e8351bf-7294-4146-8033-cbd5ce5b01bf/medium.jpg,2026-04-30 14:26:19
16,new,Mercedes GLA 200 2025,2025,0 KM,Automatic,Gas,"3,350,000 EGP",,Mercedes,GLA 200,https://eg.hatla2ee.com/en/new-car/mercedes/GLA-200/unit/7140994,https://legion-images.hatla2ee.com/listing_image/35a06d72-9a11-4aec-ba16-586dea34140e/medium.jpg,2026-04-30 14:26:20
17,new,Mercedes CLA 200 2026,2026,0 KM,Automatic,Gas,"3,300,000 EGP",,Mercedes,CLA 200,https://eg.hatla2ee.com/en/new-car/mercedes/cla-200/unit/7171717,https://legion-images.hatla2ee.com/listing_image/f96529b7-b8de-4970-8662-89af884fe3cb/medium.jpg,2026-04-30 14:26:34
17,new,Byd Song L 2025,2025,0 KM,Automatic,Electric,"2,190,000 EGP",,Byd,Song L,https://eg.hatla2ee.com/en/new-car/byd/byd-song-l/unit/7198360,https://legion-images.hatla2ee.com/listing_image/32ea0d5c-284d-420b-a9b6-1c6c59bbb6ec/medium.jpg,2026-04-30 14:26:35
17,new,BMW 320 2026,2026,0 KM,Automatic,Gas,"3,700,000 EGP",,BMW,320,https://eg.hatla2ee.com/en/new-car/bmw/320/unit/42963,https://legion-images.hatla2ee.com/listing_image/b51a904c-9244-49e8-9105-7952d9adeef1/medium.jpg,2026-04-30 14:26:36
17,new,KYC X3 2026,2026,0 KM,Manual,Gas,"670,000 EGP",,KYC,X3,https://eg.hatla2ee.com/en/new-car/kyc/KYC-X3/unit/7162760,https://legion-images.hatla2ee.com/listing_image/8974a35f-a324-4317-b3f3-29e9a4ded916/medium.jpg,2026-04-30 14:26:36
17,new,Jetour X90 2026,2026,0 KM,Automatic,Gas,"1,600,000 EGP",,Jetour,X90,https://eg.hatla2ee.com/en/new-car/jetour/X90/unit/7210274,https://legion-images.hatla2ee.com/listing_image/92419af6-95e9-431f-a419-7df2a5165b89/medium.jpg,2026-04-30 14:26:37
17,new,Soueast S 07 2026,2026,0 KM,Automatic,Gas,"1,390,000 EGP",,Soueast,S 07,https://eg.hatla2ee.com/en/new-car/soueast/S+07/unit/7157361,https://legion-images.hatla2ee.com/listing_image/792e629a-5fa5-4ed8-8640-9c93299daee2/medium.jpg,2026-04-30 14:26:37
17,new,Rox 01 2026,2026,0 KM,Automatic,Hybrid,"3,820,000 EGP",,Rox,01,https://eg.hatla2ee.com/en/new-car/rox/rox-01/unit/7210272,https://legion-images.hatla2ee.com/listing_image/bcc9d509-d2e6-4dc4-a6e8-8ca8652ae229/medium.jpg,2026-04-30 14:26:37
17,new,Audi Q3 2024,2024,0 KM,Automatic,Gas,"2,800,000 EGP",,Audi,Q3,https://eg.hatla2ee.com/en/new-car/audi/q3/unit/7205405,https://legion-images.hatla2ee.com/listing_image/41c8c4d0-c48e-45aa-bd46-eb5d6eed4097/medium.jpg,2026-04-30 14:26:38
17,new,Nissan Sunny 2026,2026,0 KM,Automatic,Gas,"765,000 EGP",,Nissan,Sunny,https://eg.hatla2ee.com/en/new-car/nissan/sunny/unit/40468,https://legion-images.hatla2ee.com/listing_image/372c38da-fdac-413e-9e47-343e22482407/medium.jpg,2026-04-30 14:26:41
17,new,Cupra Terramar 2025,2025,0 KM,Automatic,Gas,"2,450,000 EGP",,Cupra,Terramar,https://eg.hatla2ee.com/en/new-car/cupra/Terramar/unit/7210183,https://legion-images.hatla2ee.com/listing_image/7750d0f0-b253-4f5e-8dc5-8892ea1c1f03/medium.jpg,2026-04-30 14:26:44
17,new,MG 5 2026,2026,0 KM,Automatic,Gas,"1,000,000 EGP",,MG 5,A/T / Luxury,https://eg.hatla2ee.com/en/new-car/imported/moris-garage/mg-5/7210152,https://legion-images.hatla2ee.com/listing_image/d9c219af-cf91-4ce5-915a-a9ecceec7975/medium.jpg,2026-04-30 14:26:49
18,new,Xiaomi Yu7 2025,2025,0 KM,Automatic,Electric,"3,700,000 EGP",,Xiaomi,Yu7,https://eg.hatla2ee.com/en/new-car/xiaomi/xiaomi-yu7/unit/7208618,https://legion-images.hatla2ee.com/listing_image/38b41ce4-b68b-4e3a-8e49-533db9e989fb/medium.jpg,2026-04-30 14:26:59
18,new,Land Rover Range Rover Vogue 2023,2023,0 KM,Automatic,Gas,"12,500,000 EGP",,Land Rover,Range Rover Vogue,https://eg.hatla2ee.com/en/new-car/land-rover/vogue/unit/7161314,https://legion-images.hatla2ee.com/listing_image/14468818-0403-46ac-b95a-29b486f27a64/medium.jpg,2026-04-30 14:26:59
18,new,Peugeot 5008 2026,2026,0 KM,Automatic,Gas,"2,575,000 EGP",,Peugeot,5008,https://eg.hatla2ee.com/en/new-car/peugeot/5008/unit/7204240,https://legion-images.hatla2ee.com/listing_image/6a93851d-dd01-43d7-a57c-320f4eaa08e5/medium.jpg,2026-04-30 14:26:59
18,new,Audi A5 2025,2025,0 KM,Automatic,Gas,"3,600,000 EGP",,Audi,A5,https://eg.hatla2ee.com/en/new-car/audi/a5/unit/7153044,https://legion-images.hatla2ee.com/listing_image/09e33260-f5f0-465f-bd5c-d3f4818c136f/medium.jpg,2026-04-30 14:27:00
18,new,Smart 1 2025,2025,0 KM,Automatic,Electric,"1,950,000 EGP",,Smart,1,https://eg.hatla2ee.com/en/new-car/smart/smart-1/unit/42831,https://legion-images.hatla2ee.com/listing_image/4c4f77ad-f9ae-4721-9e97-006a821faf8d/medium.jpg,2026-04-30 14:27:00
18,new,Jetour Dashing 2026,2026,0 KM,Automatic,Gas,"1,475,000 EGP",,Jetour,Dashing,https://eg.hatla2ee.com/en/new-car/jetour/Dashing/unit/7210261,https://legion-images.hatla2ee.com/listing_image/98af3b80-ebb3-4349-aa15-596b5634d6ac/medium.jpg,2026-04-30 14:27:01
18,new,Land Rover Velar 2025,2025,0 KM,Automatic,Gas,"6,500,000 EGP",,Land Rover,Velar,https://eg.hatla2ee.com/en/new-car/land-rover/Velar/unit/7155019,https://legion-images.hatla2ee.com/listing_image/4881874f-e8cb-40f9-92c0-eb4c3192d59c/medium.jpg,2026-04-30 14:27:01
18,new,Land Rover Range Rover Evoque 2026,2026,0 KM,Automatic,Gas,"4,300,000 EGP",,Land Rover,Range Rover Evoque,https://eg.hatla2ee.com/en/new-car/land-rover/evoque/unit/7154978,https://legion-images.hatla2ee.com/listing_image/776b63e2-0255-4ffe-ae5a-096385c7bfd0/medium.jpg,2026-04-30 14:27:02
18,new,Seat Ateca 2025,2025,0 KM,Automatic,Gas,"1,910,000 EGP",,Seat,Ateca,https://eg.hatla2ee.com/en/new-car/seat/Ateca/unit/40005,https://legion-images.hatla2ee.com/listing_image/cbe83be7-aa5e-40e7-857e-15964bbc08ae/medium.jpg,2026-04-30 14:27:03
18,new,BMW 530 2024,2024,0 KM,Automatic,Hybrid,"5,100,000 EGP",,BMW,530,https://eg.hatla2ee.com/en/new-car/bmw/530/unit/41311,https://legion-images.hatla2ee.com/listing_image/68513bbf-a2ec-4655-a4d7-9626f7d05770/medium.jpg,2026-04-30 14:27:03
18,new,Land Rover Range Rover Vogue 2025,2025,0 KM,Automatic,Gas,"19,500,000 EGP",,Land Rover,Range Rover Vogue,https://eg.hatla2ee.com/en/new-car/land-rover/vogue/unit/7154988,https://legion-images.hatla2ee.com/listing_image/f88110ef-30d1-4057-9b67-af7478623f4c/medium.jpg,2026-04-30 14:27:03
18,new,Jetour X70S 2026,2026,0 KM,Automatic,Gas,"1,175,000 EGP",,Jetour,X70S,https://eg.hatla2ee.com/en/new-car/jetour/X70S/unit/43967,https://legion-images.hatla2ee.com/listing_image/25fdd74e-393a-4659-a22a-463f5a87ff43/medium.jpg,2026-04-30 14:27:05
18,new,Toyota Corolla 2026,2026,0 KM,Automatic,Gas,"1,600,000 EGP",,Toyota,Corolla,https://eg.hatla2ee.com/en/new-car/toyota/corolla/unit/7177740,https://legion-images.hatla2ee.com/listing_image/d062ddd7-1191-4ece-91b6-5ee8ae775a6d/medium.jpg,2026-04-30 14:27:05
18,new,Mercedes C 180 2025,2025,0 KM,Automatic,Gas,"3,800,000 EGP",,Mercedes,C 180,https://eg.hatla2ee.com/en/new-car/mercedes/c-180/unit/7162662,https://legion-images.hatla2ee.com/listing_image/95a11ef1-c24f-44a2-8be4-3bc9c6208f20/medium.jpg,2026-04-30 14:27:05
18,new,Seat Ibiza 2026,2026,0 KM,Automatic,Gas,"1,460,000 EGP",,Seat,Ibiza,https://eg.hatla2ee.com/en/new-car/seat/ibiza/unit/7181820,https://legion-images.hatla2ee.com/listing_image/f9f596a0-603b-4cc9-a158-3ebbb0dd8065/medium.jpg,2026-04-30 14:27:05
18,new,GAC GS4 2026,2026,0 KM,Automatic,Gas,"1,350,000 EGP",,GAC,GS4,https://eg.hatla2ee.com/en/new-car/gac/GS4/unit/7138260,https://legion-images.hatla2ee.com/listing_image/afb14155-8f89-4a84-98f6-4157356f7530/medium.jpg,2026-04-30 14:27:08
18,new,Toyota Corolla 2026,2026,0 KM,Automatic,Gas,"1,570,000 EGP",,Toyota,Corolla,https://eg.hatla2ee.com/en/new-car/toyota/corolla/unit/7208044,https://legion-images.hatla2ee.com/listing_image/84946622-0ccb-438e-80c8-6310cc396f3e/medium.jpg,2026-04-30 14:27:08
18,new,Volkswagen Touareg 2026,2026,0 KM,Automatic,Gas,"4,500,000 EGP",,Volkswagen,Touareg,https://eg.hatla2ee.com/en/new-car/volks-wagen/touareg/unit/7206546,https://legion-images.hatla2ee.com/listing_image/28fb6fb6-fa15-4c65-965c-5732023a8766/medium.jpg,2026-04-30 14:27:10
18,new,Audi Q7 2025,2025,0 KM,Automatic,Gas,"5,550,000 EGP",,Audi,Q7,https://eg.hatla2ee.com/en/new-car/audi/q7/unit/7206529,https://legion-images.hatla2ee.com/listing_image/2a704dec-80d5-4f87-b717-343fc148dcc8/medium.jpg,2026-04-30 14:27:11
19,new,Skoda Superb 2026,2026,0 KM,Automatic,Gas,"3,000,000 EGP",,Skoda,Superb,https://eg.hatla2ee.com/en/new-car/skoda/superb/unit/7205464,https://legion-images.hatla2ee.com/listing_image/27000798-dafa-4e7e-a39c-c90e538dc7f2/medium.jpg,2026-04-30 14:27:23
19,new,Skoda Octavia 2026,2026,0 KM,Automatic,Gas,"2,100,000 EGP",,Skoda,Octavia,https://eg.hatla2ee.com/en/new-car/skoda/octavia/unit/7205435,https://legion-images.hatla2ee.com/listing_image/b3495b5f-6b9e-4734-a99e-d8e7bae3b27d/medium.jpg,2026-04-30 14:27:23
19,new,Jetour T2 2026,2026,0 KM,Automatic,Natural Gas,"2,075,000 EGP",,Jetour,T2,https://eg.hatla2ee.com/en/new-car/jetour/T2/unit/7202692,https://legion-images.hatla2ee.com/listing_image/7005b85f-5ff9-4b7f-b3ab-087e07c2ecb4/medium.jpg,2026-04-30 14:27:25
19,new,Cupra Terramar 2026,2026,0 KM,Automatic,Gas,"2,360,000 EGP",,Cupra,Terramar,https://eg.hatla2ee.com/en/new-car/cupra/Terramar/unit/7162677,https://legion-images.hatla2ee.com/listing_image/edc6bce4-93c9-46e8-b183-365ae6a17989/medium.jpg,2026-04-30 14:27:25
19,new,Cupra Terramar 2025,2025,0 KM,Automatic,Gas,"2,260,000 EGP",,Cupra,Terramar,https://eg.hatla2ee.com/en/new-car/cupra/Terramar/unit/7139326,https://legion-images.hatla2ee.com/listing_image/efec1e99-be7f-415f-9271-ca838e3cb3fd/medium.jpg,2026-04-30 14:27:25
19,new,Volkswagen Tayron 2026,2026,0 KM,Automatic,Gas,"2,890,000 EGP",,Volkswagen,Tayron,https://eg.hatla2ee.com/en/new-car/volks-wagen/tayron/unit/7174768,https://legion-images.hatla2ee.com/listing_image/e0a0e6ac-37c6-489b-b38c-639aa80d4134/medium.jpg,2026-04-30 14:27:26
19,new,Seat Leon 2026,2026,0 KM,Automatic,Gas,"1,610,000 EGP",,Seat,Leon,https://eg.hatla2ee.com/en/new-car/seat/leon/unit/43699,https://legion-images.hatla2ee.com/listing_image/5015053e-250a-4dd9-baf5-30b0c9841251/medium.jpg,2026-04-30 14:27:26
19,new,Volkswagen T-Roc 2026,2026,0 KM,Automatic,Gas,"1,790,000 EGP",,Volkswagen,T-Roc,https://eg.hatla2ee.com/en/new-car/volks-wagen/T-Roc/unit/7196295,https://legion-images.hatla2ee.com/listing_image/9bc697a8-505d-4b52-b911-dd2ef2682c07/medium.jpg,2026-04-30 14:27:27
19,new,Jetour X70S 2026,2026,0 KM,Automatic,Gas,"1,310,000 EGP",,Jetour,X70S,https://eg.hatla2ee.com/en/new-car/jetour/X70S/unit/7196297,https://legion-images.hatla2ee.com/listing_image/3bbc84e4-512d-4b32-a305-7922e2c67b14/medium.jpg,2026-04-30 14:27:27
19,new,Nissan N7 2025,2025,0 KM,Automatic,Electric,"1,580,000 EGP",,Nissan,N7,https://eg.hatla2ee.com/en/new-car/nissan/n7/unit/7206219,https://legion-images.hatla2ee.com/listing_image/ef6bc76b-a6ed-4c16-817a-ca5c9a0686bb/medium.jpg,2026-04-30 14:27:27
19,new,Cupra Leon 2026,2026,0 KM,Automatic,Gas,"1,960,000 EGP",,Cupra,Leon,https://eg.hatla2ee.com/en/new-car/cupra/leon-cupra/unit/43702,https://legion-images.hatla2ee.com/listing_image/f0541dd9-82e4-429d-ae40-5807deccf508/medium.jpg,2026-04-30 14:27:28
19,new,Seat Arona 2026,2026,0 KM,Automatic,Gas,"1,440,000 EGP",,Seat,Arona,https://eg.hatla2ee.com/en/new-car/seat/arona/unit/7182050,https://legion-images.hatla2ee.com/listing_image/31dd5dc9-7311-4684-b8e3-32cf7e47000b/medium.jpg,2026-04-30 14:27:28
19,new,Seat Ibiza 2026,2026,0 KM,Automatic,Gas,"1,440,000 EGP",,Seat,Ibiza,https://eg.hatla2ee.com/en/new-car/seat/ibiza/unit/7176841,https://legion-images.hatla2ee.com/listing_image/e1683e32-4827-4f5c-91b4-6e5bad2b1fe6/medium.jpg,2026-04-30 14:27:29
19,new,MG HS 2024,2024,0 KM,Automatic,Gas,"1,385,000 EGP",,MG,HS,https://eg.hatla2ee.com/en/new-car/moris-garage/MG-HS/unit/7210229,https://legion-images.hatla2ee.com/listing_image/03d20386-5072-4607-a080-7427953324a4/medium.jpg,2026-04-30 14:27:30
19,new,Kia Carens 2026,2026,0 KM,Automatic,Gas,"1,170,000 EGP",,Kia,Carens,https://eg.hatla2ee.com/en/new-car/kia/carens/unit/7188740,https://legion-images.hatla2ee.com/listing_image/61cb94f9-e926-437a-8722-663b7c2af960/medium.jpg,2026-04-30 14:27:30
19,new,Seat Ibiza 2026,2026,0 KM,Manual,Gas,"1,460,000 EGP",,Seat,Ibiza,https://eg.hatla2ee.com/en/new-car/seat/ibiza/unit/7210089,https://legion-images.hatla2ee.com/listing_image/a4d5ec9e-f0bf-45bd-8510-bc0719cc0313/medium.jpg,2026-04-30 14:27:32
20,new,Rox 01 2026,2026,0 KM,Automatic,Electric,"3,740,000 EGP",,Rox,01,https://eg.hatla2ee.com/en/new-car/rox/rox-01/unit/7197846,https://legion-images.hatla2ee.com/listing_image/b075407c-e0a6-4d10-b429-99cc557aa428/medium.jpg,2026-04-30 14:27:45
20,new,BMW X4 2025,2025,0 KM,Automatic,Gas,"4,750,000 EGP",,BMW,X4,https://eg.hatla2ee.com/en/new-car/bmw/x4/unit/7170536,https://legion-images.hatla2ee.com/listing_image/c7421080-3a63-498e-ab4c-5f451793f470/medium.jpg,2026-04-30 14:27:46
20,new,Toyota Corolla 2026,2026,0 KM,Automatic,Hybrid,"2,020,000 EGP",,Toyota,Corolla,https://eg.hatla2ee.com/en/new-car/toyota/corolla/unit/7191948,https://legion-images.hatla2ee.com/listing_image/28f869e5-bf31-4c1e-b786-9f82cc5f65b5/medium.jpg,2026-04-30 14:27:47
20,new,Mercedes GLC 43 2026,2026,0 KM,Automatic,Gas,"7,550,000 EGP",,Mercedes,GLC 43,https://eg.hatla2ee.com/en/new-car/mercedes/mercedes-benz-glc-43/unit/7208070,https://legion-images.hatla2ee.com/listing_image/014a1ec6-9c19-4376-a064-509881b35a77/medium.jpg,2026-04-30 14:27:47
20,new,BMW X1 2025,2025,0 KM,Automatic,Gas,"3,400,000 EGP",,BMW,X1,https://eg.hatla2ee.com/en/new-car/bmw/x1/unit/7195331,https://legion-images.hatla2ee.com/listing_image/1fcd616e-c197-43b0-b177-6e5ab790564b/medium.jpg,2026-04-30 14:27:48
20,new,MG 5 2026,2026,0 KM,Automatic,Gas,"1,110,000 EGP",,MG,5,https://eg.hatla2ee.com/en/new-car/moris-garage/mg-5/unit/7195322,https://legion-images.hatla2ee.com/listing_image/bb90d5d0-b5d7-448b-9171-4b635e489acd/medium.jpg,2026-04-30 14:27:48
20,new,Chery Tiggo 7 pro max 2026,2026,0 KM,Automatic,Gas,"1,440,000 EGP",,Chery,Tiggo 7 pro max,https://eg.hatla2ee.com/en/new-car/chery/Tiggo-7-pro-max/unit/7210220,https://legion-images.hatla2ee.com/listing_image/494dddbd-78b4-4037-b5b9-ef8b2833c2e7/medium.jpg,2026-04-30 14:27:50
20,new,Mercedes E 200 2026,2026,0 KM,Automatic,Gas,"5,700,000 EGP",,Mercedes,E 200,https://eg.hatla2ee.com/en/new-car/mercedes/e-200/unit/7210214,https://legion-images.hatla2ee.com/listing_image/38ae4d9a-4c5c-492f-800d-aaea256aae6f/medium.jpg,2026-04-30 14:27:51
20,new,Jeep Grand Cherokee 2025,2025,0 KM,Automatic,Gas,"5,250,000 EGP",,Jeep,Grand Cherokee,https://eg.hatla2ee.com/en/new-car/jeep/grand-Cherokee/unit/7168190,https://legion-images.hatla2ee.com/listing_image/0961a631-f69a-4bf3-8436-3eedaca1f08c/medium.jpg,2026-04-30 14:27:52
20,new,Fiat 500 X 2026,2026,0 KM,Automatic,Gas,"1,130,000 EGP",,Fiat,500 X,https://eg.hatla2ee.com/en/new-car/fiat/500X/unit/7159725,https://legion-images.hatla2ee.com/listing_image/d1a95004-0a67-49eb-becc-1ed70a605a84/medium.jpg,2026-04-30 14:27:52
20,new,MG 5 2026,2026,0 KM,Automatic,Gas,"1,025,000 EGP",,MG,5,https://eg.hatla2ee.com/en/new-car/moris-garage/mg-5/unit/7202018,https://legion-images.hatla2ee.com/listing_image/26a8cc77-47eb-40b6-99d1-f153ffee40ca/medium.jpg,2026-04-30 14:27:53
20,new,Opel Mokka 2026,2026,0 KM,Automatic,Gas,"1,580,000 EGP",,Opel,Mokka,https://eg.hatla2ee.com/en/new-car/opel/Mokka/unit/7210202,https://legion-images.hatla2ee.com/listing_image/7abf2e3c-b83a-406d-8638-ebd5856373fc/medium.jpg,2026-04-30 14:27:53
20,new,Soueast S 06 2027,2027,0 KM,Automatic,Gas,"1,555,000 EGP",,Soueast,S 06,https://eg.hatla2ee.com/en/new-car/soueast/S+06/unit/7205350,https://legion-images.hatla2ee.com/listing_image/81d45455-e8ab-4844-b45f-d9fe3229aed5/medium.jpg,2026-04-30 14:27:53
20,new,Kia Carnival 2025,2025,0 KM,Automatic,Hybrid,"2,900,000 EGP",,Kia,Carnival,https://eg.hatla2ee.com/en/new-car/kia/carnival/unit/7209949,https://legion-images.hatla2ee.com/listing_image/a7d0d3e8-1058-4813-b1f6-9cdb5ecf8f5f/medium.jpg,2026-04-30 14:27:58
20,new,Hyundai Staria 2025,2025,0 KM,Automatic,Hybrid,"2,590,000 EGP",,Hyundai,Staria,https://eg.hatla2ee.com/en/new-car/hyundai/Staria/unit/7210004,https://legion-images.hatla2ee.com/listing_image/46204bb3-3f26-48c8-9606-5476ba8063c4/medium.jpg,2026-04-30 14:27:58
21,new,Chery Tiggo 7 2026,2026,0 KM,Automatic,Gas,"1,140,000 EGP",,Chery,Tiggo 7,https://eg.hatla2ee.com/en/new-car/chery/Tiggo-7/unit/7207448,https://legion-images.hatla2ee.com/listing_image/8c44f318-3d57-49e5-9ea1-b78cb71ec0fa/medium.jpg,2026-04-30 14:28:09
21,new,Haval H7 2026,2026,0 KM,Automatic,Hybrid,"1,760,000 EGP",,Haval,H7,https://eg.hatla2ee.com/en/new-car/haval/haval-H7/unit/7207957,https://legion-images.hatla2ee.com/listing_image/597bbafa-942f-4213-991c-0a61dc54c22a/medium.jpg,2026-04-30 14:28:09
21,new,Soueast S 06 2027,2027,0 KM,Automatic,Gas,"1,555,000 EGP",,Soueast,S 06,https://eg.hatla2ee.com/en/new-car/soueast/S+06/unit/7205350,https://legion-images.hatla2ee.com/listing_image/81d45455-e8ab-4844-b45f-d9fe3229aed5/medium.jpg,2026-04-30 14:28:10
21,new,Kia Carnival 2025,2025,0 KM,Automatic,Hybrid,"3,700,000 EGP",,Kia,Carnival,https://eg.hatla2ee.com/en/new-car/kia/carnival/unit/7205998,https://legion-images.hatla2ee.com/listing_image/7ad439cf-e473-4257-a935-c6e7e047564b/medium.jpg,2026-04-30 14:28:10
21,new,Kia Sportage 2026,2026,0 KM,Automatic,Gas,"2,075,000 EGP",,Kia,Sportage,https://eg.hatla2ee.com/en/new-car/kia/sportage/unit/7205946,https://legion-images.hatla2ee.com/listing_image/db459ca5-0cfc-4e58-88da-75d6791e8329/medium.jpg,2026-04-30 14:28:11
21,new,MG 7 2026,2026,0 KM,Automatic,Gas,"1,700,000 EGP",,MG,7,https://eg.hatla2ee.com/en/new-car/moris-garage/mg-7/unit/7202019,https://legion-images.hatla2ee.com/listing_image/2ea70521-5074-4e26-af6d-ba1605b46031/medium.jpg,2026-04-30 14:28:11
21,new,Opel Grandland 2026,2026,0 KM,Automatic,Gas,"2,150,000 EGP",,Opel,Grandland,https://eg.hatla2ee.com/en/new-car/opel/Grandland/unit/7210198,https://legion-images.hatla2ee.com/listing_image/482a9117-7663-4b3f-8c12-a77c4ac1f741/medium.jpg,2026-04-30 14:28:12
21,new,Kia Seltos 2026,2026,0 KM,Automatic,Gas,"1,550,000 EGP",,Kia,Seltos,https://eg.hatla2ee.com/en/new-car/kia/Seltos/unit/7181776,https://legion-images.hatla2ee.com/listing_image/3e3543e1-99f4-4bf3-b7f5-77780c94d4e7/medium.jpg,2026-04-30 14:28:12
21,new,MG 5 2026,2026,0 KM,Automatic,Gas,"1,150,000 EGP",,MG,5,https://eg.hatla2ee.com/en/new-car/moris-garage/mg-5/unit/7181767,https://legion-images.hatla2ee.com/listing_image/62e49d12-64b3-4c20-93bd-98f159dd14cb/medium.jpg,2026-04-30 14:28:13
21,new,Skoda Superb 2025,2025,0 KM,Automatic,Gas,"2,150,000 EGP",,Skoda,Superb,https://eg.hatla2ee.com/en/new-car/skoda/superb/unit/7181790,https://legion-images.hatla2ee.com/listing_image/d1bbe8b5-5a9e-46c3-a7b6-379228574727/medium.jpg,2026-04-30 14:28:13
21,new,Hyundai Sonata 2026,2026,0 KM,Automatic,Gas,"2,250,000 EGP",,Hyundai,Sonata,https://eg.hatla2ee.com/en/new-car/hyundai/sonata/unit/7188188,https://legion-images.hatla2ee.com/listing_image/e66d9108-caf0-45bc-b4eb-871b09a3674b/medium.jpg,2026-04-30 14:28:13
21,new,Hyundai Elantra 2025,2025,0 KM,Automatic,Gas,"1,525,000 EGP",,Hyundai,Elantra,https://eg.hatla2ee.com/en/new-car/hyundai/elantra/unit/7196207,https://legion-images.hatla2ee.com/listing_image/8e65a0ec-bff1-46ed-9a1e-4690683e199f/medium.jpg,2026-04-30 14:28:14
21,new,Byd Song L 2026,2026,0 KM,Automatic,Electric,"2,190,000 EGP",,Byd,Song L,https://eg.hatla2ee.com/en/new-car/byd/byd-song-l/unit/7181772,https://legion-images.hatla2ee.com/listing_image/a6b6daaf-81fb-4e8f-8596-a91b58765e5a/medium.jpg,2026-04-30 14:28:14
21,new,MG ZS 2026,2026,0 KM,Automatic,Gas,"1,225,000 EGP",,MG,ZS,https://eg.hatla2ee.com/en/new-car/moris-garage/zs/unit/7181757,https://legion-images.hatla2ee.com/listing_image/85b3d32e-0b90-40e3-badc-920bd1127e8c/medium.jpg,2026-04-30 14:28:14
21,new,Toyota Land Cruiser 2023,2023,0 KM,Automatic,Gas,"7,000,000 EGP",,Toyota,Land Cruiser,https://eg.hatla2ee.com/en/new-car/toyota/land-cruiser/unit/7206536,https://legion-images.hatla2ee.com/original_image/toyota/thumbnail.png,2026-04-30 14:28:20
21,new,Mercedes GLE 2026,2026,0 KM,Automatic,Gas,"8,600,000 EGP",,Mercedes,GLE,https://eg.hatla2ee.com/en/new-car/mercedes/gle/50939/7206528,https://legion-images.hatla2ee.com/listing_image/2eed7ae9-1999-452a-848c-0a991cfa5c3f/medium.jpg,2026-04-30 14:28:20
21,new,Kaiyi E5 2027,2027,0 KM,Automatic,Diesel,"1,200,000 EGP",,Kaiyi,E5,https://eg.hatla2ee.com/en/new-car/Kaiyi/Kaiyi-E5/unit/7206489,https://legion-images.hatla2ee.com/listing_image/5e80c7ff-61b4-42bd-87e0-bccef9b223bc/medium.jpg,2026-04-30 14:28:21
21,new,Skoda Kodiaq 2024,2024,0 KM,Automatic,Gas,"2,600,000 EGP",,Skoda,Kodiaq,https://eg.hatla2ee.com/en/new-car/skoda/kodiaq/47453/7206426,https://legion-images.hatla2ee.com/listing_image/5a1859af-9e29-4cd2-94fc-92e0769c9ca7/medium.jpg,2026-04-30 14:28:21
22,new,KYC X3 2026,2026,0 KM,Automatic,Gas,"670,000 EGP",,KYC,X3,https://eg.hatla2ee.com/en/new-car/kyc/KYC-X3/unit/7166945,https://legion-images.hatla2ee.com/listing_image/083550a3-7710-438a-9ea5-8a56e2dcb60e/medium.jpg,2026-04-30 14:28:32
22,new,KYC X3 2026,2026,0 KM,Automatic,Gas,"640,000 EGP",,KYC,X3,https://eg.hatla2ee.com/en/new-car/kyc/KYC-X3/unit/7136869,https://legion-images.hatla2ee.com/listing_image/faf2a016-5292-415e-a47b-2a9a247729c5/medium.jpg,2026-04-30 14:28:32
22,new,Baic X7 2025,2025,0 KM,Automatic,Gas,"1,230,000 EGP",,Baic,X7,https://eg.hatla2ee.com/en/new-car/baic/BEIJING-X7/unit/7210180,https://legion-images.hatla2ee.com/listing_image/96b69026-47c1-4250-bc95-dd718a99dc2c/medium.jpg,2026-04-30 14:28:33
22,new,Mercedes 500 2024,2024,0 KM,Automatic,Electric,"3,450,000 EGP",,Mercedes,500,https://eg.hatla2ee.com/en/new-car/mercedes/mercedes-benz-eqe-500/unit/7206157,https://legion-images.hatla2ee.com/listing_image/fd336b74-d0da-4500-895a-2bdd238b7068/medium.jpg,2026-04-30 14:28:34
22,new,Mercedes G63 2025,2025,0 KM,Automatic,Gas,"18,500,000 EGP",,Mercedes,G63,https://eg.hatla2ee.com/en/new-car/mercedes/mercedes-benz-g63/unit/7196134,https://legion-images.hatla2ee.com/listing_image/1b626b86-19b3-4c37-869e-102e207095d9/medium.jpg,2026-04-30 14:28:35
22,new,Rox 01 2026,2026,0 KM,Automatic,Hybrid,"3,850,000 EGP",,Rox,01,https://eg.hatla2ee.com/en/new-car/rox/rox-01/unit/7206141,https://legion-images.hatla2ee.com/listing_image/4c3abd03-3c0d-4de6-9a0d-c5821114f7e9/medium.jpg,2026-04-30 14:28:36
22,new,KYC X3 2026,2026,0 KM,Manual,Gas,"670,000 EGP",,KYC,X3,https://eg.hatla2ee.com/en/new-car/kyc/KYC-X3/unit/7209997,https://legion-images.hatla2ee.com/listing_image/2a83a05c-40ad-40ae-adbd-6d17f2304713/medium.jpg,2026-04-30 14:28:44
22,new,Foton C2 2026,2026,0 KM,Manual,Gas,"1,200,000 EGP",,Foton,C2,https://eg.hatla2ee.com/en/new-car/foton/Foton-C2/unit/7209980,https://legion-images.hatla2ee.com/listing_image/3f14e913-c0a2-4811-8c41-189468120e4d/medium.jpg,2026-04-30 14:28:45
23,new,Cupra Terramar 2026,2026,0 KM,Automatic,Gas,"2,370,000 EGP",,Cupra,Terramar,https://eg.hatla2ee.com/en/new-car/cupra/Terramar/unit/7210052,https://legion-images.hatla2ee.com/listing_image/3717b4ae-7fe7-4591-b476-1bf582b7cf8d/medium.jpg,2026-04-30 14:28:54
23,new,Mercedes GLC 300 2026,2026,0 KM,Automatic,Gas,"5,950,000 EGP",,Mercedes,GLC 300,https://eg.hatla2ee.com/en/new-car/mercedes/glc-300/unit/43147,https://legion-images.hatla2ee.com/listing_image/58b05145-2b07-41e9-aa54-9f21b8796b39/medium.jpg,2026-04-30 14:28:54
23,new,Lynkco 06 2026,2026,0 KM,Automatic,Gas,"1,550,000 EGP",,Lynkco,06,https://eg.hatla2ee.com/en/new-car/lynkco/06/unit/7210062,https://legion-images.hatla2ee.com/listing_image/b921d6ce-8ed6-48b8-afcf-9880a9edc133/medium.jpg,2026-04-30 14:28:55
23,new,Haval H6 2026,2026,0 KM,Automatic,Gas,"1,335,000 EGP",,Haval,H6,https://eg.hatla2ee.com/en/new-car/haval/haval-h6/unit/7210060,https://legion-images.hatla2ee.com/listing_image/49cd5a1f-4b24-4a2d-8e90-aa1026f65877/medium.jpg,2026-04-30 14:28:55
23,new,Mercedes E 200 2026,2026,0 KM,Automatic,Gas,"6,150,000 EGP",,Mercedes,E 200,https://eg.hatla2ee.com/en/new-car/mercedes/e-200/unit/7204125,https://legion-images.hatla2ee.com/listing_image/6523b50b-f9b1-420e-a424-6989ad0958f9/medium.jpg,2026-04-30 14:28:56
23,new,Kia Sportage 2025,2025,0 KM,Automatic,Gas,"1,970,000 EGP",,Kia,Sportage,https://eg.hatla2ee.com/en/new-car/kia/sportage/unit/7203947,https://legion-images.hatla2ee.com/listing_image/a8ae567b-f7f2-491d-8506-0c1508c5f8d2/medium.jpg,2026-04-30 14:28:57
23,new,Seat Ibiza 2026,2026,0 KM,Automatic,Gas,"1,440,000 EGP",,Seat,Ibiza,https://eg.hatla2ee.com/en/new-car/seat/ibiza/unit/7210048,https://legion-images.hatla2ee.com/listing_image/a01a2953-3a14-4eb9-9a69-ecdc3dc7b265/medium.jpg,2026-04-30 14:28:57
23,new,Audi Q7 2026,2026,0 KM,Automatic,Gas,"6,200,000 EGP",,Audi,Q7,https://eg.hatla2ee.com/en/new-car/audi/q7/unit/7210031,https://legion-images.hatla2ee.com/listing_image/d985f26d-ab2d-48b0-a5d2-0f27e6f9d027/medium.jpg,2026-04-30 14:28:58
23,new,King Long Long Van 2027,2027,0 KM,Manual,Diesel,"1,000,000 EGP",,King Long,Long Van,https://eg.hatla2ee.com/en/new-car/kinglong/king-long-van/unit/7209973,https://legion-images.hatla2ee.com/listing_image/6baaeb10-60c4-43ab-8234-550a89804a78/medium.jpg,2026-04-30 14:29:00
23,new,Kia Sorento 2024,2024,0 KM,Automatic,Hybrid,"2,690,000 EGP",,Kia,Sorento,https://eg.hatla2ee.com/en/new-car/kia/sorento/unit/7154136,https://legion-images.hatla2ee.com/listing_image/f7468e21-cf86-42b7-aaaf-67b9da9491b8/medium.jpg,2026-04-30 14:29:03
23,new,Byd Seagull 2024,2024,0 KM,Automatic,Electric,"790,000 EGP",,Byd,Seagull,https://eg.hatla2ee.com/en/new-car/byd/Seagull/unit/40560,https://legion-images.hatla2ee.com/listing_image/7bc1c634-a846-4be4-9c54-a192308ed528/medium.jpg,2026-04-30 14:29:03
24,new,Mercedes EQS 450+ 2023,2023,0 KM,Automatic,Gas,"2,300,000 EGP",,Mercedes,EQS 450+,https://eg.hatla2ee.com/en/new-car/mercedes/mercedes-benz-eqs-450-plus/unit/7175660,https://legion-images.hatla2ee.com/listing_image/93e999bb-4748-4f94-b0bd-500a7a6d2ce2/medium.jpg,2026-04-30 14:29:14
24,new,BMW X4 2025,2025,0 KM,Automatic,Gas,"4,750,000 EGP",,BMW,X4,https://eg.hatla2ee.com/en/new-car/bmw/x4/unit/7200076,https://legion-images.hatla2ee.com/listing_image/b8e00dd9-9cbd-4b62-bece-007c47ce87bd/medium.jpg,2026-04-30 14:29:14
24,new,Jeep Grand Cherokee 2025,2025,0 KM,Automatic,Gas,"5,300,000 EGP",,Jeep,Grand Cherokee,https://eg.hatla2ee.com/en/new-car/jeep/grand-Cherokee/unit/43156,https://legion-images.hatla2ee.com/listing_image/e37778da-ae96-44bb-a01b-82702789372b/medium.jpg,2026-04-30 14:29:16
24,new,Jeep Grand Cherokee 2025,2025,0 KM,Automatic,Gas,"5,150,000 EGP",,Jeep,Grand Cherokee,https://eg.hatla2ee.com/en/new-car/jeep/grand-Cherokee/unit/40646,https://legion-images.hatla2ee.com/listing_image/5e7b2893-1a50-4000-b692-08c0b43d73fc/medium.jpg,2026-04-30 14:29:17
24,new,Kia Carnival 2025,2025,0 KM,Automatic,Hybrid,"2,890,000 EGP",,Kia,Carnival,https://eg.hatla2ee.com/en/new-car/kia/carnival/unit/7209965,https://legion-images.hatla2ee.com/listing_image/f27058af-8b57-4e65-b004-3d3d28c9db08/medium.jpg,2026-04-30 14:29:18
24,new,Byd Seagull 2021,2021,0 KM,Automatic,Electric,"790,000 EGP",,Byd,Seagull,https://eg.hatla2ee.com/en/new-car/byd/Seagull/unit/7209999,https://legion-images.hatla2ee.com/listing_image/d21d9f5a-de00-4ad8-8b20-5a512931e2ec/medium.jpg,2026-04-30 14:29:18
24,new,MG HS 2024,2024,0 KM,Automatic,Gas,"1,385,000 EGP",,MG,HS,https://eg.hatla2ee.com/en/new-car/moris-garage/MG-HS/unit/7209971,https://legion-images.hatla2ee.com/listing_image/d5698036-5d73-40f5-a0f0-8c8be5b80f7b/medium.jpg,2026-04-30 14:29:20
24,new,Kia Sportage 2025,2025,0 KM,Automatic,Gas,"1,665,000 EGP",,Kia,Sportage,https://eg.hatla2ee.com/en/new-car/kia/sportage/unit/7209953,https://legion-images.hatla2ee.com/listing_image/ddfc649e-cc42-4aa3-8904-45c2efea9997/medium.jpg,2026-04-30 14:29:20
24,new,Proton Saga 2026,2026,0 KM,Automatic,Diesel,"690,000 EGP",,Proton,Saga,https://eg.hatla2ee.com/en/new-car/proton/saga/50895/7209899,https://legion-images.hatla2ee.com/listing_image/fec0a48a-7e5d-40c9-b6d4-4ae5b71001b8/medium.jpg,2026-04-30 14:29:26
24,new,Mazda 3 2026,2026,0 KM,Automatic,Gas,"1,600,000 EGP",,Mazda,3,https://eg.hatla2ee.com/en/new-car/mazda/mazda-3/unit/7209890,https://legion-images.hatla2ee.com/listing_image/a456b014-96a8-4f16-a44b-fb781da0bca9/medium.jpg,2026-04-30 14:29:26
24,new,Volkswagen Tayron 2026,2026,0 KM,Automatic,Gas,"2,900,000 EGP",,Volkswagen,Tayron,https://eg.hatla2ee.com/en/new-car/volks-wagen/tayron/unit/7155298,https://legion-images.hatla2ee.com/listing_image/7d4c2c6c-4ef6-481d-a41b-b99cab0380e9/medium.jpg,2026-04-30 14:29:27
25,new,Gmc Sierra 2025,2025,0 KM,Automatic,Gas,"3,350,000 EGP",,Gmc,Sierra,https://eg.hatla2ee.com/en/new-car/gmc/sierra/unit/7203356,https://legion-images.hatla2ee.com/listing_image/fbff5338-2469-4c20-bc67-ad0381fa98d8/medium.jpg,2026-04-30 14:29:32
25,new,Gmc Sierra 2025,2025,0 KM,Automatic,Gas,"2,300,000 EGP",,Gmc,Sierra,https://eg.hatla2ee.com/en/new-car/gmc/sierra/unit/7201854,https://legion-images.hatla2ee.com/listing_image/965fe1b7-0f22-4a79-8752-9b456d93fb04/medium.jpg,2026-04-30 14:29:32
25,new,Audi Q8 2024,2024,0 KM,Automatic,Gas,"6,500,000 EGP",,Audi,Q8,https://eg.hatla2ee.com/en/new-car/audi/q8/unit/40799,https://legion-images.hatla2ee.com/listing_image/d98e97d0-3ccb-471f-9c56-34ed1bbb96f8/medium.jpg,2026-04-30 14:29:33
25,new,BMW 520 2024,2024,0 KM,Automatic,Gas,"5,250,000 EGP",,BMW,520,https://eg.hatla2ee.com/en/new-car/bmw/520/unit/7162989,https://legion-images.hatla2ee.com/listing_image/858938d5-9a2b-45de-9b87-21cd93993ad2/medium.jpg,2026-04-30 14:29:33
25,new,Kia Carnival 2024,2024,0 KM,Automatic,Gas,"3,350,000 EGP",,Kia,Carnival,https://eg.hatla2ee.com/en/new-car/kia/carnival/unit/7206511,https://legion-images.hatla2ee.com/listing_image/f86ba33d-2be3-4570-953a-8729cf48c40f/medium.jpg,2026-04-30 14:29:33
25,new,Ssang Yong Torres 2024,2024,0 KM,Automatic,Gas,"1,350,000 EGP",,Ssang Yong,Torres,https://eg.hatla2ee.com/en/new-car/ssang-yong/Torres/unit/7209968,https://legion-images.hatla2ee.com/listing_image/016c8569-e85f-4a54-9d9b-e26d0b0c82b4/medium.jpg,2026-04-30 14:29:34
25,new,Peugeot 408 2025,2025,0 KM,Automatic,Gas,"1,960,000 EGP",,Peugeot,408,https://eg.hatla2ee.com/en/new-car/peugeot/408/unit/7209952,https://legion-images.hatla2ee.com/listing_image/89c34811-8885-4bda-b399-dc471359eb10/medium.jpg,2026-04-30 14:29:38
25,new,Kia Sportage 2025,2025,0 KM,Automatic,Gas,"2,175,000 EGP",,Kia,Sportage,https://eg.hatla2ee.com/en/new-car/kia/sportage/unit/7209950,https://legion-images.hatla2ee.com/listing_image/0db3b681-645f-4796-9ada-38539301d751/medium.jpg,2026-04-30 14:29:38
25,new,Kia Sportage 2021,2021,0 KM,Automatic,Gas,"1,650,000 EGP",,Kia,Sportage,https://eg.hatla2ee.com/en/new-car/kia/sportage/unit/7209883,https://legion-images.hatla2ee.com/listing_image/92f9b790-7b6e-4de4-b1c9-fd352d37c8e1/medium.jpg,2026-04-30 14:29:39
25,new,Avatr 6.0 2026,2026,0 KM,Automatic,Electric,"2,180,000 EGP",,Avatr,6.0,https://eg.hatla2ee.com/en/new-car/avatr/avatr-6/unit/7209878,https://legion-images.hatla2ee.com/listing_image/764add8d-31db-48ce-b51b-23c61fb49db4/medium.jpg,2026-04-30 14:29:41
25,new,Mazda 3 2026,2026,0 KM,Automatic,Gas,"1,590,000 EGP",,Mazda,3,https://eg.hatla2ee.com/en/new-car/mazda/mazda-3/unit/7209866,https://legion-images.hatla2ee.com/listing_image/7463a31c-584e-4239-b75a-ac555725249a/medium.jpg,2026-04-30 14:29:44
25,new,Byd Leopard 8 2025,2025,0 KM,Automatic,Hybrid,"3,000,000 EGP",,Byd,Leopard 8,https://eg.hatla2ee.com/en/new-car/byd/Leopard+_8/unit/7209857,https://legion-images.hatla2ee.com/listing_image/46b2cd67-32a5-48b0-915d-fef1bb450bdd/medium.jpg,2026-04-30 14:29:45
26,new,Kia Sorento 2025,2025,0 KM,Automatic,Hybrid,"2,475,000 EGP",,Kia,Sorento,https://eg.hatla2ee.com/en/new-car/kia/sorento/unit/7209945,https://legion-images.hatla2ee.com/listing_image/e9837f4e-627e-4939-aa2f-46cad285c894/medium.jpg,2026-04-30 14:29:56
26,new,Kia Carnival 2026,2026,0 KM,Automatic,Hybrid,"3,000,000 EGP",,Kia,Carnival,https://eg.hatla2ee.com/en/new-car/kia/carnival/unit/7209943,https://legion-images.hatla2ee.com/listing_image/5d824857-d608-44b8-8214-66355a576246/medium.jpg,2026-04-30 14:29:57
26,new,Kia Sorento 2022,2022,0 KM,Automatic,Hybrid,"2,275,000 EGP",,Kia,Sorento,https://eg.hatla2ee.com/en/new-car/kia/sorento/unit/7209942,https://legion-images.hatla2ee.com/listing_image/c46dd5f6-c7c9-4c8a-a363-316ff35b0096/medium.jpg,2026-04-30 14:29:57
26,new,Mercedes CLA 200 2025,2025,0 KM,Automatic,Gas,"3,500,000 EGP",,Mercedes,CLA 200,https://eg.hatla2ee.com/en/new-car/mercedes/cla-200/unit/7155017,https://legion-images.hatla2ee.com/listing_image/4db34b99-c8e4-40f9-bc45-8bdd9e0b1b28/medium.jpg,2026-04-30 14:29:58
26,new,Hyundai Staria 2025,2025,0 KM,Automatic,Hybrid,"2,000,000 EGP",,Hyundai,Staria,https://eg.hatla2ee.com/en/new-car/hyundai/Staria/unit/7209919,https://legion-images.hatla2ee.com/listing_image/e8bc9d18-2d07-4dac-8c0c-65648dfbae4f/medium.jpg,2026-04-30 14:29:59
26,new,Nissan Sunny 2027,2027,0 KM,Automatic,Gas,"775,000 EGP",,Nissan,Sunny,https://eg.hatla2ee.com/en/new-car/nissan/sunny/unit/7209819,https://legion-images.hatla2ee.com/listing_image/6282c591-3261-4b72-bb6d-df9bb9a952b3/medium.jpg,2026-04-30 14:30:06
26,new,MG ZS 2026,2026,0 KM,Automatic,Gas,"1,200,000 EGP",,MG,ZS,https://eg.hatla2ee.com/en/new-car/moris-garage/zs/unit/41741,https://legion-images.hatla2ee.com/listing_image/745ecdcf-949b-43a0-840d-46a6513a3bf1/medium.jpg,2026-04-30 14:30:07
27,new,Kia Sorento 2026,2026,0 KM,Automatic,Hybrid,"2,950,000 EGP",,Kia,Sorento,https://eg.hatla2ee.com/en/new-car/kia/sorento/unit/7207289,https://legion-images.hatla2ee.com/listing_image/6c000bff-476e-4df8-8c49-e8e2157b4adb/medium.jpg,2026-04-30 14:30:18
27,new,Mitsubishi Xpander 2024,2024,0 KM,Automatic,Gas,"1,400,000 EGP",,Mitsubishi,Xpander,https://eg.hatla2ee.com/en/new-car/mitsubishi/Xpander/unit/7207324,https://legion-images.hatla2ee.com/listing_image/5d851473-bfa3-4c29-a01a-bb1f1ff0bd13/medium.jpg,2026-04-30 14:30:19
27,new,Kia Sportage 2024,2024,0 KM,Automatic,Hybrid,"1,850,000 EGP",,Kia,Sportage,https://eg.hatla2ee.com/en/new-car/kia/sportage/unit/7207263,https://legion-images.hatla2ee.com/listing_image/0276e34b-a99f-4011-b44c-afc2f5fe87a5/medium.jpg,2026-04-30 14:30:19
27,new,Skoda Kodiaq 2025,2025,0 KM,Automatic,Gas,"2,880,000 EGP",,Skoda,Kodiaq,https://eg.hatla2ee.com/en/new-car/skoda/kodiaq/unit/7207275,https://legion-images.hatla2ee.com/listing_image/27b7d113-2b29-45f6-bce7-6c674ef8bb5e/medium.jpg,2026-04-30 14:30:20
27,new,Toyota Urban Cruiser 2024,2024,0 KM,Automatic,Gas,"1,350,000 EGP",,Toyota,Urban Cruiser,https://eg.hatla2ee.com/en/new-car/toyota/Urban-Cruiser/unit/7207242,https://legion-images.hatla2ee.com/listing_image/c105d91b-25a2-427a-9b3b-2a07c297fc36/medium.jpg,2026-04-30 14:30:20
27,new,Changan UNI-T 2025,2025,0 KM,Automatic,Gas,"1,325,000 EGP",,Changan,UNI-T,https://eg.hatla2ee.com/en/new-car/changan/uni-t/unit/7193995,https://legion-images.hatla2ee.com/listing_image/70951812-f013-4d7b-b27c-163fa903d883/medium.jpg,2026-04-30 14:30:21
27,new,Avatr 11 2025,2025,0 KM,Automatic,Electric,"3,350,000 EGP",,Avatr,11,https://eg.hatla2ee.com/en/new-car/avatr/avatr-11/unit/7196853,https://legion-images.hatla2ee.com/listing_image/e6da7753-62e3-41b6-8ce8-027641e5a0b5/medium.jpg,2026-04-30 14:30:22
27,new,Mercedes GLC 300 2026,2026,0 KM,Automatic,Gas,"5,900,000 EGP",,Mercedes,GLC 300,https://eg.hatla2ee.com/en/new-car/mercedes/glc-300/unit/7204908,https://legion-images.hatla2ee.com/listing_image/80cb3322-45b4-406c-a99a-976acc4aac24/medium.jpg,2026-04-30 14:30:23
27,new,Mercedes GLA 200 2026,2026,0 KM,Automatic,Gas,"3,650,000 EGP",,Mercedes,GLA 200,https://eg.hatla2ee.com/en/new-car/mercedes/GLA-200/unit/7196832,https://legion-images.hatla2ee.com/listing_image/108bee0c-e655-432f-abff-4da789c0b2ff/medium.jpg,2026-04-30 14:30:23
27,new,Chery Arrizo 8 2026,2026,0 KM,Automatic,Gas,"1,420,000 EGP",,Chery,Arrizo 8,https://eg.hatla2ee.com/en/new-car/chery/Arrizo-8/unit/7200738,https://legion-images.hatla2ee.com/listing_image/7ba59631-23dd-4040-a77f-632da7701cd6/medium.jpg,2026-04-30 14:30:23
27,new,Mercedes C 200 2025,2025,0 KM,Automatic,Gas,"4,050,000 EGP",,Mercedes,C 200,https://eg.hatla2ee.com/en/new-car/mercedes/c-200/unit/42499,https://legion-images.hatla2ee.com/listing_image/a179a89c-ce59-4731-ae74-b4d8ee54194a/medium.jpg,2026-04-30 14:30:24
27,new,Mercedes Vito 2026,2026,0 KM,Automatic,Gas,"6,350,000 EGP",,Mercedes,Vito,https://eg.hatla2ee.com/en/new-car/mercedes/Vito/unit/7196837,https://legion-images.hatla2ee.com/listing_image/05499438-bdc2-40cf-bfeb-8f9aeac27cf5/medium.jpg,2026-04-30 14:30:24
27,new,Chery Tiggo 4 Pro 2026,2026,0 KM,Automatic,Gas,"1,110,000 EGP",,Chery,Tiggo 4 Pro,https://eg.hatla2ee.com/en/new-car/chery/Tiggo-4-Pro/unit/7183015,https://legion-images.hatla2ee.com/listing_image/743b58da-2531-4480-9a9f-7b291401ae25/medium.jpg,2026-04-30 14:30:25
27,new,Hyundai Elantra 2026,2026,0 KM,Automatic,Gas,"1,285,000 EGP",,Hyundai,Elantra,https://eg.hatla2ee.com/en/new-car/hyundai/elantra/unit/7209891,https://legion-images.hatla2ee.com/listing_image/b6651410-e1e4-4491-a043-46d3716b31a9/medium.jpg,2026-04-30 14:30:26
27,new,Toyota Corolla 2026,2026,0 KM,Automatic,Gas,"1,550,000 EGP",,Toyota,Corolla,https://eg.hatla2ee.com/en/new-car/toyota/corolla/unit/7209893,https://legion-images.hatla2ee.com/listing_image/b81d7c92-5730-4e9b-9e29-c16958fc96c1/medium.jpg,2026-04-30 14:30:26
27,new,Volkswagen Tiguan 2025,2025,0 KM,Automatic,Gas,"2,625,000 EGP",,Volkswagen,Tiguan,https://eg.hatla2ee.com/en/new-car/volks-wagen/tiguan/46095/7209796,https://legion-images.hatla2ee.com/listing_image/aba1b152-6b31-4ceb-983e-73710ba4fe82/medium.jpg,2026-04-30 14:30:27
27,new,Rox 01 2026,2026,0 KM,Automatic,Electric,"4,300,000 EGP",,Rox,01,https://eg.hatla2ee.com/en/new-car/rox/rox-01/unit/7209777,https://legion-images.hatla2ee.com/listing_image/7f2a74dc-2d10-4628-815b-2d29ec540dff/medium.jpg,2026-04-30 14:30:33
27,new,BMW M4 2025,2025,0 KM,Automatic,Gas,"11,300,000 EGP",,BMW,M4,https://eg.hatla2ee.com/en/new-car/bmw/M4/unit/41701,https://legion-images.hatla2ee.com/listing_image/c44e47b5-28a7-4370-95c2-aeb49348a593/medium.jpg,2026-04-30 14:30:33
28,new,Mercedes GLC 300 2025,2025,0 KM,Automatic,Gas,"5,500,000 EGP",,Mercedes,GLC 300,https://eg.hatla2ee.com/en/new-car/mercedes/glc-300/unit/7207282,https://legion-images.hatla2ee.com/listing_image/86df39a4-ea24-4bbe-b53b-d943ec7c8934/medium.jpg,2026-04-30 14:30:40
28,new,Toyota Hilux 2025,2025,0 KM,Automatic,Gas,"3,700,000 EGP",,Toyota,Hilux,https://eg.hatla2ee.com/en/new-car/toyota/hilux/unit/7207257,https://legion-images.hatla2ee.com/listing_image/1bb053b3-8f18-4f31-8e37-ea70b3865bb9/medium.jpg,2026-04-30 14:30:41
28,new,Mitsubishi Outlander 2026,2026,0 KM,Automatic,Gas,"1,375,000 EGP",,Mitsubishi,Outlander,https://eg.hatla2ee.com/en/new-car/mitsubishi/outlander/unit/7209875,https://legion-images.hatla2ee.com/listing_image/652d15da-fc90-48e0-ad4b-98d943396b2e/medium.jpg,2026-04-30 14:30:44
28,new,Soueast S 06 2026,2026,0 KM,Automatic,Gas,"1,540,000 EGP",,Soueast,S 06,https://eg.hatla2ee.com/en/new-car/soueast/S+06/unit/7209871,https://legion-images.hatla2ee.com/listing_image/a813251b-89ce-4bfa-963a-3ac8bc502d2a/medium.jpg,2026-04-30 14:30:45
28,new,Cupra Terramar 2026,2026,0 KM,Automatic,Gas,"2,350,000 EGP",,Cupra,Terramar,https://eg.hatla2ee.com/en/new-car/cupra/Terramar/unit/7200992,https://legion-images.hatla2ee.com/listing_image/e8a92a15-0e27-489c-aaa6-881c1537dbd3/medium.jpg,2026-04-30 14:30:46
28,new,BMW X1 2026,2026,0 KM,Automatic,Gas,"3,150,000 EGP",,BMW,X1,https://eg.hatla2ee.com/en/new-car/bmw/x1/unit/42962,https://legion-images.hatla2ee.com/listing_image/1836d222-ff31-42a3-a61f-6bec1309e4c2/medium.jpg,2026-04-30 14:30:46
29,new,MG 7 2025,2025,0 KM,Automatic,Gas,"1,580,000 EGP",,MG,7,https://eg.hatla2ee.com/en/new-car/moris-garage/mg-7/unit/7165678,https://legion-images.hatla2ee.com/listing_image/928d7650-8b4f-400e-bb46-0716eb0e3532/medium.jpg,2026-04-30 14:31:01
29,new,Byd F3 2025,2025,0 KM,Manual,Gas,"710,000 EGP",,Byd,F3,https://eg.hatla2ee.com/en/new-car/byd/f3/unit/7153078,https://legion-images.hatla2ee.com/listing_image/fc9a2ca9-7ee5-419e-bc21-4538ab8eaa8b/medium.jpg,2026-04-30 14:31:01
29,new,Suzuki Van 2026,2026,0 KM,Manual,Gas,"560,000 EGP",,Suzuki,Van,https://eg.hatla2ee.com/en/new-car/suzuki/van/unit/7201206,https://legion-images.hatla2ee.com/listing_image/3a95ccea-e6c5-4d89-a8bb-15390e6d5ab0/medium.jpg,2026-04-30 14:31:01
29,new,Mercedes C 180 2026,2026,0 KM,Automatic,Gas,"4,000,000 EGP",,Mercedes,C 180,https://eg.hatla2ee.com/en/new-car/mercedes/c-180/unit/43437,https://legion-images.hatla2ee.com/listing_image/af7b11df-28b3-492f-8314-d649a3bae5ba/medium.jpg,2026-04-30 14:31:02
29,new,Lynkco 06 2026,2026,0 KM,Automatic,Gas,"1,350,000 EGP",,Lynkco,06,https://eg.hatla2ee.com/en/new-car/lynkco/06/unit/7209836,https://legion-images.hatla2ee.com/listing_image/459b2d3a-ff98-4872-ae3c-bf67a0951e2b/medium.jpg,2026-04-30 14:31:03
29,new,Mercedes GLC 43 2026,2026,0 KM,Automatic,Gas,"7,700,000 EGP",,Mercedes,GLC 43,https://eg.hatla2ee.com/en/new-car/mercedes/mercedes-benz-glc-43/unit/7201220,https://legion-images.hatla2ee.com/listing_image/1c4994f9-46c0-476a-b40c-34fa6713b226/medium.jpg,2026-04-30 14:31:04
29,new,Toyota Corolla 2026,2026,0 KM,Automatic,Gas,"1,500,000 EGP",,Toyota,Corolla,https://eg.hatla2ee.com/en/new-car/toyota/corolla/unit/7209814,https://legion-images.hatla2ee.com/listing_image/c1861307-3434-4893-9005-2e10b260f2ab/medium.jpg,2026-04-30 14:31:05
29,new,Kia Sportage 2026,2026,0 KM,Automatic,Gas,"2,400,000 EGP",,Kia,Sportage,https://eg.hatla2ee.com/en/new-car/kia/sportage/unit/7200387,https://legion-images.hatla2ee.com/listing_image/841e8e98-406e-44df-abd4-187063605db6/medium.jpg,2026-04-30 14:31:05
29,new,Hyundai Tucson GDI 2026,2026,0 KM,Automatic,Gas,"2,040,000 EGP",,Hyundai,Tucson GDI,https://eg.hatla2ee.com/en/new-car/hyundai/Tucson-GDI/unit/7209804,https://legion-images.hatla2ee.com/listing_image/994e5432-2c01-49b9-983d-05b9df10e9d0/medium.jpg,2026-04-30 14:31:06
29,new,BMW IX3 2025,2025,0 KM,Automatic,Electric,"2,600,000 EGP",,BMW,IX3,https://eg.hatla2ee.com/en/new-car/bmw/IX3/unit/7186829,https://legion-images.hatla2ee.com/listing_image/df7b9e1f-6a74-49c9-a9cb-0735343a9dba/medium.jpg,2026-04-30 14:31:06
29,new,Nissan Sentra 2026,2026,0 KM,Automatic,Gas,"1,050,000 EGP",,Nissan,Sentra,https://eg.hatla2ee.com/en/new-car/nissan/sentra/unit/7155762,https://legion-images.hatla2ee.com/listing_image/b49c1f06-731d-474f-9692-547d6d913955/medium.jpg,2026-04-30 14:31:07
29,new,Nissan Sunny 2026,2026,0 KM,Automatic,Gas,"860,000 EGP",,Nissan,Sunny,https://eg.hatla2ee.com/en/new-car/nissan/sunny/unit/7201700,https://legion-images.hatla2ee.com/listing_image/54240276-764f-4f23-a28e-f2687efe2c09/medium.jpg,2026-04-30 14:31:07
29,new,Land Rover Range Rover Evoque 2025,2025,0 KM,Automatic,Gas,"4,250,000 EGP",,Land Rover,Range Rover Evoque,https://eg.hatla2ee.com/en/new-car/land-rover/evoque/unit/7209705,https://legion-images.hatla2ee.com/listing_image/5ee2b880-f8c1-4f4f-aa1a-20d3b525f479/medium.jpg,2026-04-30 14:31:13
29,new,Xiaomi Yu7 2025,2025,0 KM,Automatic,Electric,"3,650,000 EGP",,Xiaomi,Yu7,https://eg.hatla2ee.com/en/new-car/xiaomi/xiaomi-yu7/unit/7209704,https://legion-images.hatla2ee.com/listing_image/d8ffb8b7-4afb-408a-baa4-b306382f3ed1/medium.jpg,2026-04-30 14:31:14
29,new,Xiaomi Yu7 2025,2025,0 KM,Automatic,Electric,"3,650,000 EGP",,Xiaomi,Yu7,https://eg.hatla2ee.com/en/new-car/xiaomi/xiaomi-yu7/unit/7209701,https://legion-images.hatla2ee.com/listing_image/8d5a4c6d-1271-4675-9bc8-9f1e0e980df4/medium.jpg,2026-04-30 14:31:14
30,new,Toyota Hilux 2025,2025,0 KM,Automatic,Gas,"4,100,000 EGP",,Toyota,Hilux,https://eg.hatla2ee.com/en/new-car/toyota/hilux/unit/7207078,https://legion-images.hatla2ee.com/listing_image/9b7517d9-0796-4f81-9bd8-ab9a69890051/medium.jpg,2026-04-30 14:31:22
30,new,Mercedes GLC 300 2026,2026,0 KM,Automatic,Gas,"5,900,000 EGP",,Mercedes,GLC 300,https://eg.hatla2ee.com/en/new-car/mercedes/glc-300/unit/42789,https://legion-images.hatla2ee.com/listing_image/f43e40ef-50b7-4314-b0b6-0dd055902a0c/medium.jpg,2026-04-30 14:31:23
30,new,Baic BJ30 2026,2026,0 KM,Automatic,Hybrid,"1,825,000 EGP",,Baic,BJ30,https://eg.hatla2ee.com/en/new-car/baic/BJ30/unit/7207027,https://legion-images.hatla2ee.com/listing_image/77876f32-15df-41c1-9c92-2f661f35f13c/medium.jpg,2026-04-30 14:31:23
30,new,Jetour T1 2026,2026,0 KM,Automatic,Gas,"1,890,000 EGP",,Jetour,T1,https://eg.hatla2ee.com/en/new-car/jetour/T1/unit/7200716,https://legion-images.hatla2ee.com/listing_image/2e6c32db-cc7a-4caf-b22d-9e18d2c2625a/medium.jpg,2026-04-30 14:31:24
30,new,Mercedes GLC 43 2026,2026,0 KM,Automatic,Gas,"7,495,000 EGP",,Mercedes,GLC 43,https://eg.hatla2ee.com/en/new-car/mercedes/mercedes-benz-glc-43/unit/7172138,https://legion-images.hatla2ee.com/listing_image/cef505bf-e1be-4eef-9667-b338f889d5b3/medium.jpg,2026-04-30 14:31:29
30,new,Xiaomi Yu7 2025,2025,0 KM,Automatic,Electric,"3,195,000 EGP",,Xiaomi,Yu7,https://eg.hatla2ee.com/en/new-car/xiaomi/xiaomi-yu7/unit/7159883,https://legion-images.hatla2ee.com/listing_image/0e708cf2-801e-488f-afa4-a47d60d2a984/medium.jpg,2026-04-30 14:31:29
30,new,Xiaomi Yu7 2025,2025,0 KM,Automatic,Electric,"3,150,000 EGP",,Xiaomi,Yu7,https://eg.hatla2ee.com/en/new-car/xiaomi/xiaomi-yu7/unit/7147029,https://legion-images.hatla2ee.com/listing_image/a19b845a-9fb3-41c5-a1bd-bd19e8d636be/medium.jpg,2026-04-30 14:31:29
30,new,Xiaomi Yu7 2025,2025,0 KM,Automatic,Electric,"3,700,000 EGP",,Xiaomi,Yu7,https://eg.hatla2ee.com/en/new-car/xiaomi/xiaomi-yu7/unit/7209697,https://legion-images.hatla2ee.com/listing_image/595be239-c24c-4b02-b341-9a34a31e7321/medium.jpg,2026-04-30 14:31:30
30,new,Xiaomi SU7 2025,2025,0 KM,Automatic,Electric,"3,650,000 EGP",,Xiaomi,SU7,https://eg.hatla2ee.com/en/new-car/xiaomi/Xiaomi_Su7/unit/7209696,https://legion-images.hatla2ee.com/listing_image/30334d85-591d-4336-8535-131dc3e6e121/medium.jpg,2026-04-30 14:31:31
30,new,Land Rover Range Rover Sport 2025,2025,0 KM,Automatic,Gas,"11,900,000 EGP",,Land Rover,Range Rover Sport,https://eg.hatla2ee.com/en/new-car/land-rover/sport/unit/7193110,https://legion-images.hatla2ee.com/listing_image/977df752-dc78-4560-8180-dadeb9d9bb48/medium.jpg,2026-04-30 14:31:31
30,new,Peugeot 408 2026,2026,0 KM,Automatic,Gas,"2,200,000 EGP",,Peugeot,408,https://eg.hatla2ee.com/en/new-car/peugeot/408/unit/7209682,https://legion-images.hatla2ee.com/listing_image/4977f387-3e9a-4f44-acf1-9084845e4a37/medium.jpg,2026-04-30 14:31:32
30,new,Peugeot 3008 2026,2026,0 KM,Automatic,Gas,"2,400,000 EGP",,Peugeot,3008,https://eg.hatla2ee.com/en/new-car/peugeot/3008/unit/7209677,https://legion-images.hatla2ee.com/listing_image/3a8ae1bb-090a-45aa-acdf-4c19eac0bc3b/medium.jpg,2026-04-30 14:31:33
30,new,Peugeot 3008 2026,2026,0 KM,Automatic,Gas,"2,400,000 EGP",,Peugeot,3008,https://eg.hatla2ee.com/en/new-car/peugeot/3008/unit/40299,https://legion-images.hatla2ee.com/listing_image/24456ce5-a66a-4085-af14-24b2502d398d/medium.jpg,2026-04-30 14:31:34
30,new,Jetour T1 2026,2026,0 KM,Automatic,Gas,"1,760,000 EGP",,Jetour,T1,https://eg.hatla2ee.com/en/new-car/jetour/T1/unit/41861,https://legion-images.hatla2ee.com/listing_image/89fb3942-887c-485d-82f5-ce1059d4d51d/medium.jpg,2026-04-30 14:31:34
30,new,MG One 2026,2026,0 KM,Automatic,Gas,"1,450,000 EGP",,MG,One,https://eg.hatla2ee.com/en/new-car/moris-garage/MG+One/unit/7209675,https://legion-images.hatla2ee.com/listing_image/8a99f5dd-d9b5-4a19-89c5-1edba2bac247/medium.jpg,2026-04-30 14:31:35
30,new,Mercedes E 200 2026,2026,0 KM,Automatic,Gas,"5,600,000 EGP",,Mercedes,E 200,https://eg.hatla2ee.com/en/new-car/mercedes/e-200/unit/7193395,https://legion-images.hatla2ee.com/listing_image/82aa91df-b2d0-45fb-9081-53bc6e75113c/medium.jpg,2026-04-30 14:31:36
31,new,Avatr 12 2026,2026,0 KM,Automatic,Electric,"3,000,000 EGP",,Avatr,12,https://eg.hatla2ee.com/en/new-car/avatr/avatr-12/unit/7206481,https://legion-images.hatla2ee.com/listing_image/ae99704a-2bed-46eb-a835-6af604535238/medium.jpg,2026-04-30 14:31:45
31,new,Mercedes C 200 2026,2026,0 KM,Automatic,Gas,"4,250,000 EGP",,Mercedes,C 200,https://eg.hatla2ee.com/en/new-car/mercedes/c-200/unit/7200060,https://legion-images.hatla2ee.com/listing_image/5dc0d167-1eb6-4bf9-b7a5-787abca1fa7d/medium.jpg,2026-04-30 14:31:45
31,new,Mercedes GLC 200 2026,2026,0 KM,Automatic,Gas,"5,550,000 EGP",,Mercedes,GLC 200,https://eg.hatla2ee.com/en/new-car/mercedes/GLC-200/unit/7200061,https://legion-images.hatla2ee.com/listing_image/3c4c334f-9b26-40a5-8886-580080ebc6d8/medium.jpg,2026-04-30 14:31:45
31,new,Proton Saga 2026,2026,0 KM,Automatic,Gas,"650,000 EGP",,Proton,Saga,https://eg.hatla2ee.com/en/new-car/proton/saga/unit/7200044,https://legion-images.hatla2ee.com/listing_image/24ed88c5-4ebb-4e6e-bb60-74d7f38440a7/medium.jpg,2026-04-30 14:31:46
31,new,Mercedes GLC 43 2026,2026,0 KM,Automatic,Gas,"7,350,000 EGP",,Mercedes,GLC 43,https://eg.hatla2ee.com/en/new-car/mercedes/mercedes-benz-glc-43/unit/7207368,https://legion-images.hatla2ee.com/listing_image/e24764d9-acda-48c2-8ac6-1f138ace81a5/medium.jpg,2026-04-30 14:31:46
31,new,Mercedes Viano 2026,2026,0 KM,Automatic,Gas,"6,295,000 EGP",,Mercedes,Viano,https://eg.hatla2ee.com/en/new-car/mercedes/Viano/unit/7147032,https://legion-images.hatla2ee.com/listing_image/752086da-a2af-4a77-a3b2-0f18046201b9/medium.jpg,2026-04-30 14:31:47
31,new,Xiaomi Yu7 2025,2025,0 KM,Automatic,Electric,"3,695,000 EGP",,Xiaomi,Yu7,https://eg.hatla2ee.com/en/new-car/xiaomi/xiaomi-yu7/unit/7192950,https://legion-images.hatla2ee.com/listing_image/cd6e62f3-af99-4b75-978b-796ffff2a980/medium.jpg,2026-04-30 14:31:47
31,new,Mercedes EQA 260 2025,2025,0 KM,Automatic,Electric,"2,350,000 EGP",,Mercedes,EQA 260,https://eg.hatla2ee.com/en/new-car/mercedes/mercedes-benz-eqa-260/unit/40900,https://legion-images.hatla2ee.com/listing_image/d306d1b4-1a15-459c-b6a9-b98df911fdba/medium.jpg,2026-04-30 14:31:47
31,new,Mercedes GLC 200 2025,2025,0 KM,Automatic,Gas,"5,295,000 EGP",,Mercedes,GLC 200,https://eg.hatla2ee.com/en/new-car/mercedes/GLC-200/unit/39726,https://legion-images.hatla2ee.com/listing_image/461546af-eeca-481e-9e75-e825ebc72d17/medium.jpg,2026-04-30 14:31:48
31,new,Mercedes EQA 260 2025,2025,0 KM,Automatic,Electric,"2,250,000 EGP",,Mercedes,EQA 260,https://eg.hatla2ee.com/en/new-car/mercedes/mercedes-benz-eqa-260/unit/40898,https://legion-images.hatla2ee.com/listing_image/cda06df9-8ca1-4309-ad66-89c119c763bd/medium.jpg,2026-04-30 14:31:48
31,new,Mercedes EQA 260 2025,2025,0 KM,Automatic,Electric,"2,250,000 EGP",,Mercedes,EQA 260,https://eg.hatla2ee.com/en/new-car/mercedes/mercedes-benz-eqa-260/unit/40901,https://legion-images.hatla2ee.com/listing_image/96893e95-bac5-43f7-9722-cfa68274573f/medium.jpg,2026-04-30 14:31:48
31,new,Xiaomi Yu7 2025,2025,0 KM,Automatic,Electric,"3,195,000 EGP",,Xiaomi,Yu7,https://eg.hatla2ee.com/en/new-car/xiaomi/xiaomi-yu7/unit/7196851,https://legion-images.hatla2ee.com/listing_image/cb896673-0309-4b1d-8508-539c3b72ef82/medium.jpg,2026-04-30 14:31:49
31,new,Xiaomi Yu7 2025,2025,0 KM,Automatic,Electric,"3,650,000 EGP",,Xiaomi,Yu7,https://eg.hatla2ee.com/en/new-car/xiaomi/xiaomi-yu7/unit/7196849,https://legion-images.hatla2ee.com/listing_image/65f82840-e6f8-4347-849f-e9c1d4ac896d/medium.jpg,2026-04-30 14:31:49
31,new,Xiaomi Yu7 2025,2025,0 KM,Automatic,Electric,"3,650,000 EGP",,Xiaomi,Yu7,https://eg.hatla2ee.com/en/new-car/xiaomi/xiaomi-yu7/unit/7147134,https://legion-images.hatla2ee.com/listing_image/4a854fef-915d-4ec4-81e1-06e0e4a58999/medium.jpg,2026-04-30 14:31:49
31,new,Mercedes EQE 350 2023,2023,0 KM,Automatic,Gas,"2,850,000 EGP",,Mercedes,EQE 350,https://eg.hatla2ee.com/en/new-car/mercedes/mercedes-benz-eqe-350/unit/40909,https://legion-images.hatla2ee.com/listing_image/dca322ed-7d6b-464b-a116-748ad5dc9475/medium.jpg,2026-04-30 14:31:50
31,new,Mercedes AMG GT 2026,2026,0 KM,Automatic,Gas,"6,500,000 EGP",,Mercedes,AMG GT,https://eg.hatla2ee.com/en/new-car/mercedes/AMG-GT/unit/7209778,https://legion-images.hatla2ee.com/listing_image/e3be1946-dc53-4196-8535-d270b4a1e568/medium.jpg,2026-04-30 14:31:50
31,new,Fiat Tipo 2024,2024,0 KM,Automatic,Gas,"1,350,000 EGP",,Fiat,Tipo,https://eg.hatla2ee.com/en/new-car/fiat/tipo/unit/7193363,https://legion-images.hatla2ee.com/listing_image/575e2ce3-817a-42cc-8a1a-04d1a0200f9d/medium.jpg,2026-04-30 14:31:51
31,new,Chevrolet Camaro 2022,2022,0 KM,Automatic,Gas,"5,500,000 EGP",,Chevrolet,Camaro,https://eg.hatla2ee.com/en/new-car/chevrolet/camaro/unit/7193380,https://legion-images.hatla2ee.com/listing_image/3544e950-088f-40a1-b033-6327e5241c2b/medium.jpg,2026-04-30 14:31:51
31,new,Seat Ibiza 2026,2026,0 KM,Automatic,Gas,"1,460,000 EGP",,Seat,Ibiza,https://eg.hatla2ee.com/en/new-car/seat/ibiza/unit/7209645,https://legion-images.hatla2ee.com/listing_image/3756cdaf-06c6-4355-95c7-b1a6203d6a62/medium.jpg,2026-04-30 14:31:55
32,new,Nissan Sunny 2026,2026,0 KM,Automatic,Gas,"750,000 EGP",,Nissan,Sunny,https://eg.hatla2ee.com/en/new-car/nissan/sunny/unit/7200034,https://legion-images.hatla2ee.com/listing_image/1cd16e94-442a-418d-8433-d2cfe0b89280/medium.jpg,2026-04-30 14:32:07
32,new,Kia Sorento 2025,2025,0 KM,Automatic,Hybrid,"3,300,000 EGP",,Kia,Sorento,https://eg.hatla2ee.com/en/new-car/kia/sorento/unit/42874,https://legion-images.hatla2ee.com/listing_image/2a154e57-8c32-48ee-9d54-7199898f152f/medium.jpg,2026-04-30 14:32:08
32,new,Hyundai Tucson GDI 2026,2026,0 KM,Automatic,Gas,"1,625,000 EGP",,Hyundai,Tucson GDI,https://eg.hatla2ee.com/en/new-car/hyundai/Tucson-GDI/unit/42775,https://legion-images.hatla2ee.com/listing_image/66b0eca5-f735-49a0-93aa-fcd78158d4c3/medium.jpg,2026-04-30 14:32:08
32,new,Chery Tiggo 4 2026,2026,0 KM,Automatic,Gas,"885,000 EGP",,Chery,Tiggo 4,https://eg.hatla2ee.com/en/new-car/chery/Tiggo-4/unit/40460,https://legion-images.hatla2ee.com/listing_image/882faceb-aaf6-49c2-b91b-9b676ee9c711/medium.jpg,2026-04-30 14:32:09
32,new,MG ZS 2026,2026,0 KM,Automatic,Gas,"1,075,000 EGP",,MG,ZS,https://eg.hatla2ee.com/en/new-car/moris-garage/zs/unit/7199083,https://legion-images.hatla2ee.com/listing_image/a10c3953-3638-4bc1-9ab2-dea311dfc61a/medium.jpg,2026-04-30 14:32:10
32,new,Seat Ibiza 2026,2026,0 KM,Automatic,Gas,"1,390,000 EGP",,Seat,Ibiza,https://eg.hatla2ee.com/en/new-car/seat/ibiza/unit/7206691,https://legion-images.hatla2ee.com/listing_image/ffd28c1c-29d9-436c-b569-466bdde1ce74/medium.jpg,2026-04-30 14:32:12
32,new,MG 5 2026,2026,0 KM,Automatic,Gas,"1,025,000 EGP",,MG,5,https://eg.hatla2ee.com/en/new-car/moris-garage/mg-5/unit/42359,https://legion-images.hatla2ee.com/listing_image/ef4ee9a0-1e9c-4a5f-ac87-09b2b313655e/medium.jpg,2026-04-30 14:32:12
32,new,Nissan N7 2025,2025,0 KM,Automatic,Gas,"1,600,000 EGP",,Nissan,N7,https://eg.hatla2ee.com/en/new-car/nissan/n7/unit/7192718,https://legion-images.hatla2ee.com/listing_image/cd311fa8-c47f-46a3-95b4-e910cf18e802/medium.jpg,2026-04-30 14:32:13
32,new,Nissan Sunny 2027,2027,0 KM,Automatic,Gas,"765,000 EGP",,Nissan,Sunny,https://eg.hatla2ee.com/en/new-car/nissan/sunny/unit/7209748,https://legion-images.hatla2ee.com/listing_image/d6e251fd-f3cd-4eed-a1b5-de19bbd722b2/medium.jpg,2026-04-30 14:32:13
32,new,Volkswagen Tiguan 2025,2025,0 KM,Automatic,Gas,"2,570,000 EGP",,Volkswagen,Tiguan,https://eg.hatla2ee.com/en/new-car/volks-wagen/tiguan/unit/7196724,https://legion-images.hatla2ee.com/listing_image/dc86755f-844c-4b58-8cb3-0e1f30d8b722/medium.jpg,2026-04-30 14:32:14
32,new,Seat Ibiza 2026,2026,0 KM,Automatic,Natural Gas,"1,460,000 EGP",,Seat,Ibiza,https://eg.hatla2ee.com/en/new-car/seat/ibiza/50869/7209617,https://legion-images.hatla2ee.com/listing_image/d06915f2-eb10-4c4b-b126-da9a195a1eab/medium.jpg,2026-04-30 14:32:16
32,new,Seat Ibiza 2026,2026,0 KM,Automatic,Diesel,"1,460,000 EGP",,Seat,Ibiza,https://eg.hatla2ee.com/en/new-car/seat/ibiza/unit/7209616,https://legion-images.hatla2ee.com/listing_image/82ebe3be-4b59-48a9-8212-43cc957c911e/medium.jpg,2026-04-30 14:32:16
32,new,Audi A3 2026,2026,0 KM,Automatic,Gas,"2,350,000 EGP",,Audi,A3,https://eg.hatla2ee.com/en/new-car/audi/a3/unit/7138964,https://legion-images.hatla2ee.com/listing_image/0460917f-b636-4db6-89b7-371eb1d4b2a1/medium.jpg,2026-04-30 14:32:18
32,new,Seat Ibiza 2026,2026,0 KM,Automatic,Gas,"1,460,000 EGP",,Seat,Ibiza,https://eg.hatla2ee.com/en/new-car/seat/ibiza/50871/7209585,https://legion-images.hatla2ee.com/listing_image/d875c409-6629-45a6-a5bf-c2bc7457c733/medium.jpg,2026-04-30 14:32:19
33,new,Hyundai Tucson GDI 2026,2026,0 KM,Automatic,Gas,"1,675,000 EGP",,Hyundai,Tucson GDI,https://eg.hatla2ee.com/en/new-car/hyundai/Tucson-GDI/unit/40458,https://legion-images.hatla2ee.com/listing_image/d9d4001d-14f9-4dae-91f1-cd88423fbd7b/medium.jpg,2026-04-30 14:32:28
33,new,Kia Sorento 2025,2025,0 KM,Automatic,Hybrid,"3,350,000 EGP",,Kia,Sorento,https://eg.hatla2ee.com/en/new-car/kia/sorento/unit/7206602,https://legion-images.hatla2ee.com/listing_image/8dce5665-e7bb-406a-9308-eb12a6bc79f6/medium.jpg,2026-04-30 14:32:29
33,new,Mercedes GLC 300 2026,2026,0 KM,Automatic,Gas,"5,950,000 EGP",,Mercedes,GLC 300,https://eg.hatla2ee.com/en/new-car/mercedes/glc-300/unit/7195772,https://legion-images.hatla2ee.com/listing_image/39a5a100-4417-4088-85a3-affe92057273/medium.jpg,2026-04-30 14:32:29
33,new,BMW M3 2026,2026,0 KM,Automatic,Gas,"5,000,000 EGP",,BMW,M3,https://eg.hatla2ee.com/en/new-car/bmw/m3/unit/7185492,https://legion-images.hatla2ee.com/listing_image/134c3109-4a53-4f6e-b88b-45de4da26023/medium.jpg,2026-04-30 14:32:30
33,new,Chery Tiggo 8 Pro 2024,2024,0 KM,Automatic,Gas,"1,775,000 EGP",,Chery,Tiggo 8 Pro,https://eg.hatla2ee.com/en/new-car/chery/Tiggo-8-Pro/unit/7153832,https://legion-images.hatla2ee.com/listing_image/e4b4f71b-e786-42b7-b8ed-cd0f27c2c5f8/medium.jpg,2026-04-30 14:32:30
33,new,Chery Tiggo 2026,2026,0 KM,Automatic,Gas,"1,300,000 EGP",,Chery,Tiggo,https://eg.hatla2ee.com/en/new-car/chery/chery-tiggo/unit/7205811,https://legion-images.hatla2ee.com/listing_image/f019aca4-fe3b-456a-91c1-fea3e760106b/medium.jpg,2026-04-30 14:32:31
33,new,Seat Leon 2026,2026,0 KM,Automatic,Gas,"1,640,000 EGP",,Seat,Leon,https://eg.hatla2ee.com/en/new-car/seat/leon/unit/43764,https://legion-images.hatla2ee.com/listing_image/1ee3e1ec-932d-46e9-b545-9b798f6b6c5f/medium.jpg,2026-04-30 14:32:32
33,new,Volkswagen Tiguan 2026,2026,0 KM,Automatic,Gas,"2,670,000 EGP",,Volkswagen,Tiguan,https://eg.hatla2ee.com/en/new-car/volks-wagen/tiguan/unit/43215,https://legion-images.hatla2ee.com/listing_image/1eb4dc6b-70c8-4ab3-a87d-03f0bf8a3038/medium.jpg,2026-04-30 14:32:33
33,new,Volkswagen Tiguan 2025,2025,0 KM,Automatic,Gas,"2,550,000 EGP",,Volkswagen,Tiguan,https://eg.hatla2ee.com/en/new-car/volks-wagen/tiguan/unit/7190978,https://legion-images.hatla2ee.com/listing_image/05a37059-ca1f-4076-922d-bbf2d5be14f7/medium.jpg,2026-04-30 14:32:33
33,new,Nissan Juke 2026,2026,0 KM,Automatic,Gas,"1,160,000 EGP",,Nissan,Juke,https://eg.hatla2ee.com/en/new-car/nissan/juke/unit/7163077,https://legion-images.hatla2ee.com/listing_image/e35341a3-c130-46be-9948-c5c963ff2f07/medium.jpg,2026-04-30 14:32:33
33,new,Volkswagen T-Roc 2026,2026,0 KM,Automatic,Gas,"1,760,000 EGP",,Volkswagen,T-Roc,https://eg.hatla2ee.com/en/new-car/volks-wagen/T-Roc/unit/7189731,https://legion-images.hatla2ee.com/listing_image/5d018e2a-f44e-41d3-8528-4173cc559f09/medium.jpg,2026-04-30 14:32:36
33,new,Porsche 911 2025,2025,0 KM,Automatic,Gas,"16,500,000 EGP",,Porsche,911,https://eg.hatla2ee.com/en/new-car/porsche/911/unit/7196344,https://legion-images.hatla2ee.com/listing_image/aac10ab7-c9da-4fa8-a03f-6896324a6b4f/medium.jpg,2026-04-30 14:32:36
33,new,Mercedes Viano 2026,2026,0 KM,Automatic,Gas,"7,500,000 EGP",,Mercedes,Viano,https://eg.hatla2ee.com/en/new-car/mercedes/Viano/unit/7196152,https://legion-images.hatla2ee.com/listing_image/f86edb45-ba9b-487b-b7ea-1aee0b3c5d91/medium.jpg,2026-04-30 14:32:36
33,new,Gmc Yukon 2025,2025,0 KM,Automatic,Gas,"12,000,000 EGP",,Gmc,Yukon,https://eg.hatla2ee.com/en/new-car/gmc/yukon/unit/7196137,https://legion-images.hatla2ee.com/listing_image/35d0dc11-90a9-4c34-a7bd-808bc31d1829/medium.jpg,2026-04-30 14:32:36
33,new,Lexus Lx 2026,2026,0 KM,Automatic,Gas,"15,500,000 EGP",,Lexus,Lx,https://eg.hatla2ee.com/en/new-car/lexus/lx/unit/7209547,https://legion-images.hatla2ee.com/listing_image/fa2bd802-069a-4225-917e-96485c832926/medium.jpg,2026-04-30 14:32:40
33,new,Mercedes C 180 2024,2024,0 KM,Automatic,Gas,"3,850,000 EGP",,Mercedes,C 180,https://eg.hatla2ee.com/en/new-car/mercedes/c-180/unit/7209544,https://legion-images.hatla2ee.com/listing_image/8dcca4d3-4c9c-4d23-b9a4-e55a2044d7bc/medium.jpg,2026-04-30 14:32:40
34,new,Exeed VX 2025,2025,0 KM,Automatic,Gas,"2,500,000 EGP",,Exeed,VX,https://eg.hatla2ee.com/en/new-car/exeed/VX/unit/7197602,https://legion-images.hatla2ee.com/listing_image/9017cdac-5ba1-409a-bc70-eed472bdd611/medium.jpg,2026-04-30 14:32:51
34,new,Kia Sportage 2026,2026,0 KM,Automatic,Gas,"1,970,000 EGP",,Kia,Sportage,https://eg.hatla2ee.com/en/new-car/kia/sportage/unit/7194359,https://legion-images.hatla2ee.com/listing_image/5f7c80a2-6870-41a4-824c-5d517d7c254f/medium.jpg,2026-04-30 14:32:52
34,new,Byd Tang L 2026,2026,0 KM,Automatic,Electric,"2,750,000 EGP",,Byd,Tang L,https://eg.hatla2ee.com/en/new-car/byd/byd-tang-l/unit/7192737,https://legion-images.hatla2ee.com/listing_image/11def68b-77ec-48f0-b180-ef94e66b774c/medium.jpg,2026-04-30 14:32:53
34,new,Baic X35 2026,2026,0 KM,Automatic,Gas,"950,000 EGP",,Baic,X35,https://eg.hatla2ee.com/en/new-car/baic/Baic-X35/unit/7194397,https://legion-images.hatla2ee.com/listing_image/2883e2bf-569d-4d73-a7ad-22f15ad91165/medium.jpg,2026-04-30 14:32:53
34,new,Soueast S 07 2027,2027,0 KM,Automatic,Gas,"1,530,000 EGP",,Soueast,S 07,https://eg.hatla2ee.com/en/new-car/soueast/S+07/unit/7209721,https://legion-images.hatla2ee.com/listing_image/bcc11362-7980-4621-8d29-dce45cc7487a/medium.jpg,2026-04-30 14:32:55
34,new,Mercedes C 200 2026,2026,0 KM,Automatic,Gas,"4,100,000 EGP",,Mercedes,C 200,https://eg.hatla2ee.com/en/new-car/mercedes/c-200/unit/7209707,https://legion-images.hatla2ee.com/listing_image/e80168e7-3986-481d-bbf1-77f01766370c/medium.jpg,2026-04-30 14:32:57
34,new,Soueast S 05 2027,2027,0 KM,Automatic,Gas,"1,070,000 EGP",,Soueast,S 05,https://eg.hatla2ee.com/en/new-car/soueast/S+05/unit/7209703,https://legion-images.hatla2ee.com/listing_image/d646db7a-cf92-4f2a-946d-7ee50e3b8c51/medium.jpg,2026-04-30 14:32:58
35,new,Mercedes GLC 300 2025,2025,0 KM,Automatic,Gas,"5,600,000 EGP",,Mercedes,GLC 300,https://eg.hatla2ee.com/en/new-car/mercedes/glc-300/unit/7194558,https://legion-images.hatla2ee.com/listing_image/318d6a36-94fd-4bd6-afac-c7247f8eda50/medium.jpg,2026-04-30 14:33:16
35,new,Nissan Sentra 2026,2026,0 KM,Automatic,Gas,"1,000,000 EGP",,Nissan,Sentra,https://eg.hatla2ee.com/en/new-car/nissan/sentra/unit/7194380,https://legion-images.hatla2ee.com/listing_image/8f30f09b-c636-4ca5-b619-91179510a494/medium.jpg,2026-04-30 14:33:16
35,new,Deepal S 07 2026,2026,0 KM,Automatic,Electric,"2,000,000 EGP",,Deepal,S 07,https://eg.hatla2ee.com/en/new-car/deepal/Deepal_s07/unit/7194537,https://legion-images.hatla2ee.com/listing_image/42964dd3-9688-4abf-8292-9564a62fb739/medium.jpg,2026-04-30 14:33:17
35,new,Chery Arrizo 8 2026,2026,0 KM,Automatic,Gas,"1,300,000 EGP",,Chery,Arrizo 8,https://eg.hatla2ee.com/en/new-car/chery/Arrizo-8/unit/7194411,https://legion-images.hatla2ee.com/listing_image/d347fb44-5671-454f-9286-826d5daa414b/medium.jpg,2026-04-30 14:33:17
35,new,Cupra Leon 2026,2026,0 KM,Automatic,Gas,"2,050,000 EGP",,Cupra,Leon,https://eg.hatla2ee.com/en/new-car/cupra/leon-cupra/unit/7200782,https://legion-images.hatla2ee.com/listing_image/bc349ccb-cee0-4371-b26e-cf8b551f1248/medium.jpg,2026-04-30 14:33:17
35,new,Cupra Leon 2026,2026,0 KM,Automatic,Gas,"1,960,000 EGP",,Cupra,Leon,https://eg.hatla2ee.com/en/new-car/cupra/leon-cupra/unit/7209555,https://legion-images.hatla2ee.com/listing_image/5b46e154-11bb-4b6e-a471-f32d5f04010e/medium.jpg,2026-04-30 14:33:18
35,new,Cupra Terramar 2026,2026,0 KM,Automatic,Gas,"2,350,000 EGP",,Cupra,Terramar,https://eg.hatla2ee.com/en/new-car/cupra/Terramar/unit/7209558,https://legion-images.hatla2ee.com/listing_image/e94023e8-1b50-458a-b954-b05adad9e278/medium.jpg,2026-04-30 14:33:18
35,new,Cupra Terramar 2026,2026,0 KM,Automatic,Gas,"2,350,000 EGP",,Cupra,Terramar,https://eg.hatla2ee.com/en/new-car/cupra/Terramar/unit/7209565,https://legion-images.hatla2ee.com/listing_image/279b388e-7743-4229-8d6e-b954711db8b8/medium.jpg,2026-04-30 14:33:18
35,new,Volkswagen Tiguan 2026,2026,0 KM,Automatic,Gas,"2,675,000 EGP",,Volkswagen,Tiguan,https://eg.hatla2ee.com/en/new-car/volks-wagen/tiguan/unit/7209566,https://legion-images.hatla2ee.com/listing_image/6949e040-6ed5-4ac5-83e0-e06ac91e33bf/medium.jpg,2026-04-30 14:33:18
35,new,Volkswagen Tayron 2026,2026,0 KM,Automatic,Electric,"2,930,000 EGP",,Volkswagen,Tayron,https://eg.hatla2ee.com/en/new-car/volks-wagen/tayron/unit/7209567,https://legion-images.hatla2ee.com/listing_image/18315f4e-8722-43ca-a361-44aeb8f44b79/medium.jpg,2026-04-30 14:33:19
35,new,Volkswagen Tayron 2026,2026,0 KM,Automatic,Gas,"2,890,000 EGP",,Volkswagen,Tayron,https://eg.hatla2ee.com/en/new-car/volks-wagen/tayron/unit/7209568,https://legion-images.hatla2ee.com/listing_image/9d75cbc2-2e8a-4918-86c8-ebd4f026e406/medium.jpg,2026-04-30 14:33:19
35,new,Mercedes GLC 43 2026,2026,0 KM,Automatic,Gas,"7,750,000 EGP",,Mercedes,GLC 43,https://eg.hatla2ee.com/en/new-car/mercedes/mercedes-benz-glc-43/unit/7204910,https://legion-images.hatla2ee.com/listing_image/4af6c91d-af31-4e91-9d62-df24b3d769dc/medium.jpg,2026-04-30 14:33:20
35,new,MG Rx5 2026,2026,0 KM,Automatic,Gas,"1,550,000 EGP",,MG,Rx5,https://eg.hatla2ee.com/en/new-car/moris-garage/Rx5/unit/7208520,https://legion-images.hatla2ee.com/listing_image/23f9c573-e067-4e18-a30f-5933b141f328/medium.jpg,2026-04-30 14:33:22
35,new,Kia Other 2025,2025,0 KM,Automatic,Gas,"2,200,000 EGP",,Kia Other,Imported,https://eg.hatla2ee.com/en/new-car/imported/kia/other-kia/7206042,https://legion-images.hatla2ee.com/listing_image/dcadf83c-e845-47a2-a3f1-da24a1b5985e/medium.jpg,2026-04-30 14:33:24
36,new,Chery Arrizo 5 2026,2026,0 KM,Automatic,Gas,"785,000 EGP",,Chery,Arrizo 5,https://eg.hatla2ee.com/en/new-car/chery/Arrizo-5/unit/7194426,https://legion-images.hatla2ee.com/listing_image/b72e87d8-0d2a-4e4a-847b-17b6d644de4d/medium.jpg,2026-04-30 14:33:37
36,new,Chery Tiggo 7 pro max 2026,2026,0 KM,Automatic,Gas,"1,350,000 EGP",,Chery,Tiggo 7 pro max,https://eg.hatla2ee.com/en/new-car/chery/Tiggo-7-pro-max/unit/7194428,https://legion-images.hatla2ee.com/listing_image/8df12132-ac60-4190-987f-445a20b245da/medium.jpg,2026-04-30 14:33:38
36,new,Chery Tiggo 8 2026,2026,0 KM,Automatic,Gas,"1,155,000 EGP",,Chery,Tiggo 8,https://eg.hatla2ee.com/en/new-car/chery/Tiggo-8/unit/7194449,https://legion-images.hatla2ee.com/listing_image/ea11ae6d-19ce-4f00-ad44-571e1020a65b/medium.jpg,2026-04-30 14:33:38
36,new,Chery Tiggo 9 2026,2026,0 KM,Automatic,Gas,"2,100,000 EGP",,Chery,Tiggo 9,https://eg.hatla2ee.com/en/new-car/chery/Tiggo-9/unit/7194502,https://legion-images.hatla2ee.com/listing_image/a747468e-bf51-48e7-98a1-6d1a08d0c6e7/medium.jpg,2026-04-30 14:33:39
36,new,Byd F3 2025,2025,0 KM,Automatic,Gas,"710,000 EGP",,Byd,F3,https://eg.hatla2ee.com/en/new-car/byd/f3/unit/7167202,https://legion-images.hatla2ee.com/listing_image/b2337cf2-3d7c-4a6c-b5ca-13fd005792f1/medium.jpg,2026-04-30 14:33:39
36,new,Toyota Fortuner 2026,2026,0 KM,Automatic,Gas,"4,050,000 EGP",,Toyota,Fortuner,https://eg.hatla2ee.com/en/new-car/toyota/fortuner/unit/7208521,https://legion-images.hatla2ee.com/listing_image/dd5e29c5-c3fd-4452-8a6d-cf943e0a607e/medium.jpg,2026-04-30 14:33:40
36,new,BMW I3 2026,2026,0 KM,Automatic,Electric,"2,370,000 EGP",,BMW,I3,https://eg.hatla2ee.com/en/new-car/bmw/i3/unit/7200038,https://legion-images.hatla2ee.com/listing_image/4d65915a-10a3-47c4-9d02-9fa9005a412d/medium.jpg,2026-04-30 14:33:42
36,new,Porsche Macan 2026,2026,0 KM,Automatic,Gas,"6,000,000 EGP",,Porsche,Macan,https://eg.hatla2ee.com/en/new-car/porsche/macan/unit/7209105,https://legion-images.hatla2ee.com/listing_image/367a3e8f-682d-4be3-9c89-3655522b36c0/medium.jpg,2026-04-30 14:33:42
36,new,Mercedes CLA 200 2026,2026,0 KM,Automatic,Gas,"3,850,000 EGP",,Mercedes,CLA 200,https://eg.hatla2ee.com/en/new-car/mercedes/cla-200/unit/7199534,https://legion-images.hatla2ee.com/listing_image/2be04496-9d8b-4ad0-bc24-d8c7f81523db/medium.jpg,2026-04-30 14:33:43
36,new,Mercedes GLC 300 2026,2026,0 KM,Automatic,Gas,"5,850,000 EGP",,Mercedes,GLC 300,https://eg.hatla2ee.com/en/new-car/mercedes/glc-300/unit/7208567,https://legion-images.hatla2ee.com/listing_image/7a2fc9d0-06c8-4999-8f4a-5108e874798d/medium.jpg,2026-04-30 14:33:43
36,new,Mercedes GLA 200 2026,2026,0 KM,Automatic,Gas,"3,550,000 EGP",,Mercedes,GLA 200,https://eg.hatla2ee.com/en/new-car/mercedes/GLA-200/unit/7156874,https://legion-images.hatla2ee.com/listing_image/ce6163e4-a14d-4337-8ad7-b6e463be0bcd/medium.jpg,2026-04-30 14:33:44
36,new,Rox 01 2026,2026,0 KM,Automatic,Hybrid,"3,900,000 EGP",,Rox,01,https://eg.hatla2ee.com/en/new-car/rox/rox-01/unit/7201046,https://legion-images.hatla2ee.com/listing_image/8b3cb1e9-c37d-4231-89aa-b1a578c40abb/medium.jpg,2026-04-30 14:33:45
36,new,Smart 3 2025,2025,0 KM,Automatic,Electric,"2,930,000 EGP",,Smart 3,A/T / BRABUS,https://eg.hatla2ee.com/en/new-car/imported/smart/smart-3/7205751,https://legion-images.hatla2ee.com/listing_image/f4fe60ce-bcdf-48fc-9da4-1409c153630c/medium.jpg,2026-04-30 14:33:48
36,new,Nissan Sunny 2026,2026,0 KM,Automatic,Gas,"810,000 EGP",,Nissan,Sunny,https://eg.hatla2ee.com/en/new-car/nissan/sunny/unit/7209484,https://legion-images.hatla2ee.com/listing_image/e14c0b33-542e-4c7b-8553-bba6e42faf7a/medium.jpg,2026-04-30 14:33:50
36,new,Mercedes GLC 300 2026,2026,0 KM,Automatic,Gas,"5,850,000 EGP",,Mercedes,GLC 300,https://eg.hatla2ee.com/en/new-car/mercedes/glc-300/unit/7209482,https://legion-images.hatla2ee.com/listing_image/2699e2ec-5703-4809-a8ad-a0370bbfdbac/medium.jpg,2026-04-30 14:33:50
36,new,Mercedes E 300 2021,2021,0 KM,Automatic,Gas,"4,750,000 EGP",,Mercedes,E 300,https://eg.hatla2ee.com/en/new-car/mercedes/e-300/unit/7209475,https://legion-images.hatla2ee.com/listing_image/025f8754-8399-4bce-8b7e-58e049c93e9b/medium.jpg,2026-04-30 14:33:51
37,new,Mercedes C 200 2026,2026,0 KM,Automatic,Gas,"4,150,000 EGP",,Mercedes,C 200,https://eg.hatla2ee.com/en/new-car/mercedes/c-200/unit/null,https://legion-images.hatla2ee.com/listing_image/552d0edb-9724-4211-bdc9-fc841a8aadd7/medium.jpg,2026-04-30 14:34:01
37,new,Mercedes C 180 2026,2026,0 KM,Automatic,Gas,"3,800,000 EGP",,Mercedes,C 180,https://eg.hatla2ee.com/en/new-car/mercedes/c-180/unit/7201338,https://legion-images.hatla2ee.com/listing_image/dd98d145-1fe3-452a-aa52-6bd77c579c55/medium.jpg,2026-04-30 14:34:02
37,new,Chevrolet Pickup 2027,2027,0 KM,Automatic,Diesel,"1,130,000 EGP",,Chevrolet,Pickup,https://eg.hatla2ee.com/en/new-car/chevrolet/pickup/unit/7205644,https://legion-images.hatla2ee.com/listing_image/46109615-03d4-402f-8b6c-a365dcc84c93/medium.jpg,2026-04-30 14:34:02
37,new,Cupra Terramar 2026,2026,0 KM,Automatic,Gas,"2,350,000 EGP",,Cupra,Terramar,https://eg.hatla2ee.com/en/new-car/cupra/Terramar/unit/7198965,https://legion-images.hatla2ee.com/listing_image/7a9383ba-8781-4ab2-bbad-52fe33c1d3a8/medium.jpg,2026-04-30 14:34:02
37,new,Nissan Sentra 2026,2026,0 KM,Automatic,Gas,"1,020,000 EGP",,Nissan,Sentra,https://eg.hatla2ee.com/en/new-car/nissan/sentra/unit/7204432,https://legion-images.hatla2ee.com/listing_image/80680ab3-db40-4e22-8897-b8f7013b5114/medium.jpg,2026-04-30 14:34:03
37,new,Kia Sportage 2025,2025,0 KM,Automatic,Gas,"2,370,000 EGP",,Kia,Sportage,https://eg.hatla2ee.com/en/new-car/kia/sportage/unit/7198959,https://legion-images.hatla2ee.com/listing_image/92a98769-55a1-415f-aa6b-7a06c7d5e2a3/medium.jpg,2026-04-30 14:34:04
37,new,Nissan Sunny 2027,2027,0 KM,Automatic,Gas,"765,000 EGP",,Nissan,Sunny,https://eg.hatla2ee.com/en/new-car/nissan/sunny/unit/7205626,https://legion-images.hatla2ee.com/listing_image/9875ed3c-6da1-4fb3-922c-e9e30e40af49/medium.jpg,2026-04-30 14:34:05
37,new,Chevrolet Optra 2027,2027,0 KM,Automatic,Gas,"800,000 EGP",,Chevrolet,Optra,https://eg.hatla2ee.com/en/new-car/chevrolet/optra/unit/7205639,https://legion-images.hatla2ee.com/listing_image/7fbaabd0-678e-4ebf-bb8b-c70830f73f0d/medium.jpg,2026-04-30 14:34:05
37,new,Cupra Formentor 2026,2026,0 KM,Automatic,Gas,"2,250,000 EGP",,Cupra,Formentor,https://eg.hatla2ee.com/en/new-car/cupra/Formentor/unit/7201422,https://legion-images.hatla2ee.com/listing_image/ddbd2b5f-f293-46c4-b73a-3d870c97c222/medium.jpg,2026-04-30 14:34:06
37,new,Volkswagen Tiguan 2025,2025,0 KM,Automatic,Gas,"2,540,000 EGP",,Volkswagen,Tiguan,https://eg.hatla2ee.com/en/new-car/volks-wagen/tiguan/unit/7197366,https://legion-images.hatla2ee.com/listing_image/6e4a02be-098f-4d27-96b6-863913a571e5/medium.jpg,2026-04-30 14:34:06
37,new,Mercedes C 180 2026,2026,0 KM,Automatic,Gas,"3,750,000 EGP",,Mercedes,C 180,https://eg.hatla2ee.com/en/new-car/mercedes/c-180/unit/7207127,https://legion-images.hatla2ee.com/listing_image/cb4bb326-f98a-4a87-93c1-c08ef3cee00a/medium.jpg,2026-04-30 14:34:07
38,new,Mercedes E 200 2026,2026,0 KM,Automatic,Gas,"5,250,000 EGP",,Mercedes,E 200,https://eg.hatla2ee.com/en/new-car/mercedes/e-200/unit/7201336,https://legion-images.hatla2ee.com/listing_image/25f6d8ca-bcdc-46d2-95e0-d758abaa2eec/medium.jpg,2026-04-30 14:34:21
38,new,Mercedes GLC 300 2025,2025,0 KM,Automatic,Gas,"5,550,000 EGP",,Mercedes,GLC 300,https://eg.hatla2ee.com/en/new-car/mercedes/glc-300/unit/7206191,https://legion-images.hatla2ee.com/listing_image/3641423c-68c5-48a4-9ab1-5890d8fccd35/medium.jpg,2026-04-30 14:34:22
38,new,Nissan Sunny 2027,2027,0 KM,Automatic,Gas,"755,000 EGP",,Nissan,Sunny,https://eg.hatla2ee.com/en/new-car/nissan/sunny/unit/7209545,https://legion-images.hatla2ee.com/listing_image/49c1d12d-415a-4823-a613-5fe0bf09b442/medium.jpg,2026-04-30 14:34:23
38,new,Mercedes CLA 200 2024,2024,0 KM,Automatic,Gas,"3,150,000 EGP",,Mercedes,CLA 200,https://eg.hatla2ee.com/en/new-car/mercedes/cla-200/unit/7209537,https://legion-images.hatla2ee.com/listing_image/e0e6d4d5-baa0-4029-8676-f75f96648a62/medium.jpg,2026-04-30 14:34:24
38,new,Porsche 911 2025,2025,0 KM,Automatic,Gas,"17,000,000 EGP",,Porsche,911,https://eg.hatla2ee.com/en/new-car/porsche/911/unit/7200936,https://legion-images.hatla2ee.com/listing_image/4a57c292-bd18-43c9-9d61-fd0b5bbf010d/medium.jpg,2026-04-30 14:34:25
38,new,Land Rover Range Rover Vogue 2025,2025,0 KM,Automatic,Gas,"26,000,000 EGP",,Land Rover,Range Rover Vogue,https://eg.hatla2ee.com/en/new-car/land-rover/vogue/unit/7184413,https://legion-images.hatla2ee.com/listing_image/a9c5b372-4388-4842-8ee8-ddbfe1154763/medium.jpg,2026-04-30 14:34:27
38,new,Cadillac Escalade 2025,2025,0 KM,Automatic,Gas,"14,500,000 EGP",,Cadillac,Escalade,https://eg.hatla2ee.com/en/new-car/cadillac/escalade/unit/39673,https://legion-images.hatla2ee.com/listing_image/d65cf02a-243f-4aba-a590-336244af8b32/medium.jpg,2026-04-30 14:34:27
38,new,Cadillac Escalade 2026,2026,0 KM,Automatic,Gas,"14,000,000 EGP",,Cadillac,Escalade,https://eg.hatla2ee.com/en/new-car/cadillac/escalade/unit/7205045,https://legion-images.hatla2ee.com/listing_image/d9ec9dba-bd0f-4b0b-9ebb-59f66e879484/medium.jpg,2026-04-30 14:34:27
38,new,Geely Starray 2025,2025,0 KM,Automatic,Gas,"1,600,000 EGP",,Geely,Starray,https://eg.hatla2ee.com/en/new-car/geely/Starray/unit/7192348,https://legion-images.hatla2ee.com/listing_image/6651bc66-3f36-4f80-b832-dc4c4a0d2120/medium.jpg,2026-04-30 14:34:34
39,new,Land Rover Range Rover Vogue 2026,2026,0 KM,Automatic,Gas,"19,000,000 EGP",,Land Rover,Range Rover Vogue,https://eg.hatla2ee.com/en/new-car/land-rover/vogue/unit/7174990,https://legion-images.hatla2ee.com/listing_image/699e4fd2-2741-4acb-83f8-c1d13c7d8649/medium.jpg,2026-04-30 14:34:42
39,new,Toyota Hilux 2026,2026,0 KM,Automatic,Gas,"3,800,000 EGP",,Toyota,Hilux,https://eg.hatla2ee.com/en/new-car/toyota/hilux/unit/7205931,https://legion-images.hatla2ee.com/listing_image/6c5ecad2-0815-4de1-bb98-6695e585237f/medium.jpg,2026-04-30 14:34:43
39,new,Cadillac Escalade 2024,2024,0 KM,Automatic,Gas,"13,250,000 EGP",,Cadillac,Escalade,https://eg.hatla2ee.com/en/new-car/cadillac/escalade/unit/39692,https://legion-images.hatla2ee.com/listing_image/b47d1391-d936-4c8a-87ac-5513b00b97f0/medium.jpg,2026-04-30 14:34:44
39,new,Mercedes C 180 2025,2025,0 KM,Automatic,Gas,"3,825,000 EGP",,Mercedes,C 180,https://eg.hatla2ee.com/en/new-car/mercedes/c-180/unit/7176960,https://legion-images.hatla2ee.com/listing_image/fcddce82-4954-449e-84dd-fd6761385821/medium.jpg,2026-04-30 14:34:45
39,new,Toyota Corolla 2026,2026,0 KM,Automatic,Gas,"1,670,000 EGP",,Toyota,Corolla,https://eg.hatla2ee.com/en/new-car/toyota/corolla/unit/7208522,https://legion-images.hatla2ee.com/listing_image/4fec1352-c04e-4eaf-89b5-20a664ed2f66/medium.jpg,2026-04-30 14:34:45
39,new,Land Rover Velar 2025,2025,0 KM,Automatic,Gas,"5,850,000 EGP",,Land Rover,Velar,https://eg.hatla2ee.com/en/new-car/land-rover/Velar/unit/7160226,https://legion-images.hatla2ee.com/listing_image/377b93ae-4076-483a-a3fc-0116abc711ce/medium.jpg,2026-04-30 14:34:45
39,new,Skoda Kodiaq 2026,2026,0 KM,Automatic,Gas,"3,300,000 EGP",,Skoda,Kodiaq,https://eg.hatla2ee.com/en/new-car/skoda/kodiaq/unit/7189102,https://legion-images.hatla2ee.com/listing_image/c5731770-4d6d-4248-9bf5-22f6558b348c/medium.jpg,2026-04-30 14:34:46
39,new,Mercedes E 200 2026,2026,0 KM,Automatic,Gas,"5,950,000 EGP",,Mercedes,E 200,https://eg.hatla2ee.com/en/new-car/mercedes/e-200/unit/7195463,https://legion-images.hatla2ee.com/listing_image/9082c03b-5d9a-44c8-a47e-e306a1331ed3/medium.jpg,2026-04-30 14:34:46
39,new,Land Rover Velar 2025,2025,0 KM,Automatic,Gas,"5,850,000 EGP",,Land Rover,Velar,https://eg.hatla2ee.com/en/new-car/land-rover/Velar/unit/7160225,https://legion-images.hatla2ee.com/listing_image/d3d26ff4-24af-4216-b48f-ecb9efd1d2e4/medium.jpg,2026-04-30 14:34:46
39,new,Kia K3 2025,2025,0 KM,Automatic,Gas,"1,350,000 EGP",,Kia,K3,https://eg.hatla2ee.com/en/new-car/kia/K3/unit/7154324,https://legion-images.hatla2ee.com/listing_image/0c197aa3-3a40-4eb1-b0f8-f731b663f91e/medium.jpg,2026-04-30 14:34:48
39,new,Hyundai Elantra 2025,2025,0 KM,Automatic,Gas,"1,370,000 EGP",,Hyundai,Elantra,https://eg.hatla2ee.com/en/new-car/hyundai/elantra/unit/7153963,https://legion-images.hatla2ee.com/listing_image/027cee96-294e-47e2-ab59-56b9f9cb8c81/medium.jpg,2026-04-30 14:34:48
39,new,Land Rover Defender 2020,2020,0 KM,Automatic,Gas,"13,000,000 EGP",,Land Rover,Defender,https://eg.hatla2ee.com/en/new-car/land-rover/defender/unit/7209385,https://legion-images.hatla2ee.com/listing_image/fc8b6db0-5606-48f0-93d7-89bcbd9a3695/medium.jpg,2026-04-30 14:34:51
39,new,Chery Tiggo 7 2026,2026,0 KM,Automatic,Gas,"1,060,000 EGP",,Chery,Tiggo 7,https://eg.hatla2ee.com/en/new-car/chery/Tiggo-7/50660/7206863,https://legion-images.hatla2ee.com/listing_image/0cbb5484-57f8-4c31-a6df-a243bb0f3644/medium.jpg,2026-04-30 14:34:51
39,new,Nissan Patrol 2024,2024,0 KM,Automatic,Gas,"8,500,000 EGP",,Nissan,Patrol,https://eg.hatla2ee.com/en/new-car/nissan/patrol/unit/7209366,https://legion-images.hatla2ee.com/listing_image/47d2b614-2c4b-4199-9967-47a1adbd242c/medium.jpg,2026-04-30 14:34:55
40,new,Sandstorm S24 2026,2026,0 KM,Manual,Gas,"2,250,000 EGP",,Sandstorm,S24,https://eg.hatla2ee.com/en/new-car/sandstorm/s24/unit/7152882,https://legion-images.hatla2ee.com/listing_image/fc7f0f2d-a2e2-4264-8e37-f9fcfdfa4023/medium.jpg,2026-04-30 14:35:04
40,new,MG ZS 2026,2026,0 KM,Automatic,Gas,"1,295,000 EGP",,MG,ZS,https://eg.hatla2ee.com/en/new-car/moris-garage/zs/unit/7204594,https://legion-images.hatla2ee.com/listing_image/a71d1bd4-03fd-4d9b-8b4a-3de147da7066/medium.jpg,2026-04-30 14:35:05
40,new,Kia K3 2025,2025,0 KM,Automatic,Gas,"1,350,000 EGP",,Kia,K3,https://eg.hatla2ee.com/en/new-car/kia/K3/unit/7153966,https://legion-images.hatla2ee.com/listing_image/8944c040-f1b8-4b22-b55d-ca517c82dd44/medium.jpg,2026-04-30 14:35:05
40,new,Mercedes Viano 2026,2026,0 KM,Automatic,Gas,"6,900,000 EGP",,Mercedes,Viano,https://eg.hatla2ee.com/en/new-car/mercedes/Viano/unit/7209435,https://legion-images.hatla2ee.com/listing_image/379c3027-585a-4324-867c-45a1cfdb47f0/medium.jpg,2026-04-30 14:35:06
40,new,Mercedes Viano 2026,2026,0 KM,Automatic,Gas,"7,000,000 EGP",,Mercedes,Viano,https://eg.hatla2ee.com/en/new-car/mercedes/Viano/unit/7209422,https://legion-images.hatla2ee.com/listing_image/0ec9b8ce-1f57-428a-99fe-93c77d34c134/medium.jpg,2026-04-30 14:35:08
40,new,Nissan Qashqai 2026,2026,0 KM,Automatic,Gas,"1,570,000 EGP",,Nissan,Qashqai,https://eg.hatla2ee.com/en/new-car/nissan/qashqai/unit/7163143,https://legion-images.hatla2ee.com/listing_image/d94d2cf8-496c-4268-b584-6c08da5d57ca/medium.jpg,2026-04-30 14:35:08
40,new,Mercedes Viano 2026,2026,0 KM,Automatic,Gas,"6,900,000 EGP",,Mercedes,Viano,https://eg.hatla2ee.com/en/new-car/mercedes/Viano/unit/7159831,https://legion-images.hatla2ee.com/listing_image/a14b8c68-2d92-413a-a52e-88d9303e3b4b/medium.jpg,2026-04-30 14:35:08
40,new,BMW M4 2026,2026,0 KM,Automatic,Gas,"10,100,000 EGP",,BMW,M4,https://eg.hatla2ee.com/en/new-car/bmw/M4/unit/7159845,https://legion-images.hatla2ee.com/listing_image/4f8f8d3a-3ae4-4078-9a4e-8c69df5c77fb/medium.jpg,2026-04-30 14:35:09
40,new,Cupra Terramar 2025,2025,0 KM,Automatic,Gas,"2,260,000 EGP",,Cupra,Terramar,https://eg.hatla2ee.com/en/new-car/cupra/Terramar/unit/7142745,https://legion-images.hatla2ee.com/listing_image/440e7ce1-7178-4c02-b94d-3d1551055039/medium.jpg,2026-04-30 14:35:09
40,new,Cupra Leon 2026,2026,0 KM,Automatic,Gas,"1,975,000 EGP",,Cupra,Leon,https://eg.hatla2ee.com/en/new-car/cupra/leon-cupra/unit/43237,https://legion-images.hatla2ee.com/listing_image/256fe898-40cb-43a7-8d44-80b48a5083d0/medium.jpg,2026-04-30 14:35:09
40,new,Cupra Terramar 2026,2026,0 KM,Automatic,Gas,"2,350,000 EGP",,Cupra,Terramar,https://eg.hatla2ee.com/en/new-car/cupra/Terramar/unit/7146519,https://legion-images.hatla2ee.com/listing_image/fe688273-d437-4956-925f-15ce3dcc0ad5/medium.jpg,2026-04-30 14:35:10
40,new,Cupra Terramar 2026,2026,0 KM,Automatic,Gas,"2,349,000 EGP",,Cupra,Terramar,https://eg.hatla2ee.com/en/new-car/cupra/Terramar/unit/7209346,https://legion-images.hatla2ee.com/listing_image/23356487-965c-452c-a229-4cbe8173206d/medium.jpg,2026-04-30 14:35:12
40,new,Nissan N7 2025,2025,0 KM,Automatic,Electric,"1,600,000 EGP",,Nissan,N7,https://eg.hatla2ee.com/en/new-car/nissan/n7/unit/7209341,https://legion-images.hatla2ee.com/listing_image/430412db-20ad-4d1d-9af4-f47c927a17a0/medium.jpg,2026-04-30 14:35:13
40,new,Toyota Corolla 2026,2026,0 KM,Automatic,Gas,"1,620,000 EGP",,Toyota,Corolla,https://eg.hatla2ee.com/en/new-car/toyota/corolla/unit/7209335,https://legion-images.hatla2ee.com/listing_image/69483e8e-f897-4714-854c-6dffb88a1e40/medium.jpg,2026-04-30 14:35:13
40,new,Hyundai Elantra 2026,2026,0 KM,Automatic,Gas,"1,280,000 EGP",,Hyundai,Elantra,https://eg.hatla2ee.com/en/new-car/hyundai/elantra/unit/7209334,https://legion-images.hatla2ee.com/listing_image/af0b75b9-1727-4d4f-be0e-eae65d3f2f22/medium.jpg,2026-04-30 14:35:14
40,new,Hyundai Tucson GDI 2026,2026,0 KM,Automatic,Gas,"1,800,000 EGP",,Hyundai,Tucson GDI,https://eg.hatla2ee.com/en/new-car/hyundai/Tucson-GDI/unit/7209331,https://legion-images.hatla2ee.com/listing_image/c9dfdd63-38d2-4613-818e-e7dd80deabc8/medium.jpg,2026-04-30 14:35:14
41,new,Cupra Formentor 2026,2026,0 KM,Automatic,Gas,"2,335,000 EGP",,Cupra,Formentor,https://eg.hatla2ee.com/en/new-car/cupra/Formentor/unit/7205730,https://legion-images.hatla2ee.com/listing_image/d3e11e8b-a621-423b-a7c2-88c8e6054d20/medium.jpg,2026-04-30 14:35:25
41,new,Mercedes E 200 2026,2026,0 KM,Automatic,Gas,"6,000,000 EGP",,Mercedes,E 200,https://eg.hatla2ee.com/en/new-car/mercedes/e-200/unit/7205513,https://legion-images.hatla2ee.com/listing_image/c9f97c35-0f04-4d3f-ae59-2c431fa1e5bd/medium.jpg,2026-04-30 14:35:26
41,new,Rox 01 2026,2026,0 KM,Automatic,Hybrid,"3,820,000 EGP",,Rox,01,https://eg.hatla2ee.com/en/new-car/rox/rox-01/unit/7205612,https://legion-images.hatla2ee.com/listing_image/51ee187e-6135-4600-904d-0e13f3f36a21/medium.jpg,2026-04-30 14:35:26
41,new,Cupra Formentor 2026,2026,0 KM,Automatic,Gas,"2,270,000 EGP",,Cupra,Formentor,https://eg.hatla2ee.com/en/new-car/cupra/Formentor/unit/7204177,https://legion-images.hatla2ee.com/listing_image/165a1241-dbe0-45df-a560-08d04314ea50/medium.jpg,2026-04-30 14:35:26
41,new,Nissan N7 2025,2025,0 KM,Automatic,Electric,"1,590,000 EGP",,Nissan,N7,https://eg.hatla2ee.com/en/new-car/nissan/n7/unit/7205365,https://legion-images.hatla2ee.com/listing_image/4bc2a55f-71c2-4012-96b6-b0defc05af2e/medium.jpg,2026-04-30 14:35:27
41,new,Volkswagen Tayron 2026,2026,0 KM,Automatic,Gas,"2,900,000 EGP",,Volkswagen,Tayron,https://eg.hatla2ee.com/en/new-car/volks-wagen/tayron/unit/7156288,https://legion-images.hatla2ee.com/listing_image/64c1e345-c3c4-4683-acd1-22529b4a26e6/medium.jpg,2026-04-30 14:35:27
41,new,Alfa Romeo Giulia 2026,2026,0 KM,Automatic,Gas,"3,000,000 EGP",,Alfa Romeo,Giulia,https://eg.hatla2ee.com/en/new-car/alpha-romeo/Giulia/unit/7197120,https://legion-images.hatla2ee.com/listing_image/eab3c7a4-6418-4c92-aec9-85dbc8552329/medium.jpg,2026-04-30 14:35:29
41,new,Citroën C5 2026,2026,0 KM,Automatic,Gas,"1,830,000 EGP",,Citroën,C5,https://eg.hatla2ee.com/en/new-car/citroen/C5/unit/7203341,https://legion-images.hatla2ee.com/listing_image/416443cd-790d-4eb6-a36d-6e5c78a58ecb/medium.jpg,2026-04-30 14:35:31
41,new,Jetour T2 2026,2026,0 KM,Automatic,Gas,"2,170,000 EGP",,Jetour,T2,https://eg.hatla2ee.com/en/new-car/jetour/T2/unit/7209306,https://legion-images.hatla2ee.com/listing_image/7ad8790b-066f-4823-8b50-3a86935970cc/medium.jpg,2026-04-30 14:35:32
41,new,Volkswagen Tiguan 2026,2026,0 KM,Automatic,Gas,"2,690,000 EGP",,Volkswagen,Tiguan,https://eg.hatla2ee.com/en/new-car/volks-wagen/tiguan/unit/7209297,https://legion-images.hatla2ee.com/listing_image/be8c5a6d-dfdc-4a1c-b0dc-1a5a5da768c0/medium.jpg,2026-04-30 14:35:33
41,new,Nissan Qashqai 2026,2026,0 KM,Automatic,Gas,"1,770,000 EGP",,Nissan,Qashqai,https://eg.hatla2ee.com/en/new-car/nissan/qashqai/unit/7209293,https://legion-images.hatla2ee.com/listing_image/f527b3ca-e46d-4570-a641-09e7ae0ea316/medium.jpg,2026-04-30 14:35:34
41,new,Cupra Formentor 2026,2026,0 KM,Automatic,Hybrid,"2,350,000 EGP",,Cupra,Formentor,https://eg.hatla2ee.com/en/new-car/cupra/Formentor/unit/7209289,https://legion-images.hatla2ee.com/listing_image/0e1c429e-ee27-46f1-afd8-5448e88383e4/medium.jpg,2026-04-30 14:35:34
41,new,Toyota Urban Cruiser 2026,2026,0 KM,Automatic,Gas,"1,450,000 EGP",,Toyota,Urban Cruiser,https://eg.hatla2ee.com/en/new-car/toyota/Urban-Cruiser/unit/7209257,https://legion-images.hatla2ee.com/listing_image/2c5ff0dc-551d-4726-96cd-a34083099491/medium.jpg,2026-04-30 14:35:38
42,new,Changan CS 55 2026,2026,0 KM,Automatic,Gas,"1,100,000 EGP",,Changan,CS 55,https://eg.hatla2ee.com/en/new-car/changan/CS-55/unit/7150609,https://legion-images.hatla2ee.com/listing_image/746fcc2c-2890-42ec-a869-a7e009ae0337/medium.jpg,2026-04-30 14:35:46
42,new,Soueast S 07 2027,2027,0 KM,Automatic,Gas,"1,390,000 EGP",,Soueast,S 07,https://eg.hatla2ee.com/en/new-car/soueast/S+07/unit/7149264,https://legion-images.hatla2ee.com/listing_image/6caf71d9-cd8c-46f2-97ce-2f2d463b6c47/medium.jpg,2026-04-30 14:35:46
42,new,Soueast S 06 2027,2027,0 KM,Automatic,Gas,"1,350,000 EGP",,Soueast,S 06,https://eg.hatla2ee.com/en/new-car/soueast/S+06/unit/7149265,https://legion-images.hatla2ee.com/listing_image/8c35b2ba-c377-4df8-b4d9-147f712dc8c8/medium.jpg,2026-04-30 14:35:46
42,new,Soueast S 05 2027,2027,0 KM,Automatic,Gas,"1,070,000 EGP",,Soueast,S 05,https://eg.hatla2ee.com/en/new-car/soueast/S+05/unit/7149266,https://legion-images.hatla2ee.com/listing_image/76ffd963-9f6d-41e6-98b3-1cd1262ed260/medium.jpg,2026-04-30 14:35:46
42,new,Baic BJ30 2025,2025,0 KM,Automatic,Hybrid,"1,675,000 EGP",,Baic,BJ30,https://eg.hatla2ee.com/en/new-car/baic/BJ30/unit/39790,https://legion-images.hatla2ee.com/listing_image/b3e41274-a190-4b02-ae2a-91d053864bae/medium.jpg,2026-04-30 14:35:47
42,new,Chevrolet Optra 2027,2027,0 KM,Automatic,Gas,"805,000 EGP",,Chevrolet,Optra,https://eg.hatla2ee.com/en/new-car/chevrolet/optra/unit/7209378,https://legion-images.hatla2ee.com/listing_image/d42e8ace-0ef8-4b95-9162-ec6aa3ac6a69/medium.jpg,2026-04-30 14:35:47
42,new,Hyundai I30 2026,2026,0 KM,Automatic,Gas,"1,410,000 EGP",,Hyundai,I30,https://eg.hatla2ee.com/en/new-car/hyundai/i30/unit/7209375,https://legion-images.hatla2ee.com/listing_image/407334f9-e17d-4420-ab8e-6e2802d727c7/medium.jpg,2026-04-30 14:35:48
42,new,Rox 01 2026,2026,0 KM,Automatic,Hybrid,"3,950,000 EGP",,Rox,01,https://eg.hatla2ee.com/en/new-car/rox/rox-01/unit/7209371,https://legion-images.hatla2ee.com/listing_image/46afd687-08ca-4306-8cbf-6d995b35ae60/medium.jpg,2026-04-30 14:35:48
42,new,Mercedes C 180 2026,2026,0 KM,Automatic,Gas,"4,050,000 EGP",,Mercedes,C 180,https://eg.hatla2ee.com/en/new-car/mercedes/c-180/unit/7209353,https://legion-images.hatla2ee.com/listing_image/440c5b68-fd68-4e2a-b9d4-a5fdbacf183a/medium.jpg,2026-04-30 14:35:50
42,new,Xiaomi Yu7 2025,2025,0 KM,Automatic,Electric,"3,800,000 EGP",,Xiaomi,Yu7,https://eg.hatla2ee.com/en/new-car/xiaomi/xiaomi-yu7/unit/7151486,https://legion-images.hatla2ee.com/listing_image/241d82d9-dff5-4933-ad04-128f9c3075f3/medium.jpg,2026-04-30 14:35:51
42,new,Xiaomi Yu7 2025,2025,0 KM,Automatic,Electric,"3,250,000 EGP",,Xiaomi,Yu7,https://eg.hatla2ee.com/en/new-car/xiaomi/xiaomi-yu7/unit/7166147,https://legion-images.hatla2ee.com/listing_image/db607a8d-618e-4329-a0c0-1d0369382510/medium.jpg,2026-04-30 14:35:51
42,new,Proton Saga 2026,2026,0 KM,Automatic,Gas,"675,000 EGP",,Proton,Saga,https://eg.hatla2ee.com/en/new-car/proton/saga/unit/7209256,https://legion-images.hatla2ee.com/listing_image/f6a43052-c225-4dbe-a992-4467f1f05cae/medium.jpg,2026-04-30 14:35:52
42,new,MG 5 2026,2026,0 KM,Automatic,Gas,"990,000 EGP",,MG,5,https://eg.hatla2ee.com/en/new-car/moris-garage/mg-5/unit/7209254,https://legion-images.hatla2ee.com/listing_image/e2b7999d-da71-4111-bebe-451403eeb3bb/medium.jpg,2026-04-30 14:35:53
42,new,Nissan Sunny 2026,2026,0 KM,Automatic,Gas,"745,000 EGP",,Nissan,Sunny,https://eg.hatla2ee.com/en/new-car/nissan/sunny/unit/7205414,https://legion-images.hatla2ee.com/listing_image/832a972a-c7cc-4a3c-9ca0-83b79144b03e/medium.jpg,2026-04-30 14:35:53
42,new,Changan Eado 2026,2026,0 KM,Automatic,Gas,"975,000 EGP",,Changan,Eado,https://eg.hatla2ee.com/en/new-car/changan/eado/unit/7209252,https://legion-images.hatla2ee.com/listing_image/85ee3ddb-d0a7-4eb6-93fe-486d3741ff84/medium.jpg,2026-04-30 14:35:53
42,new,Mercedes GLC 300 2026,2026,0 KM,Automatic,Gas,"5,850,000 EGP",,Mercedes,GLC 300,https://eg.hatla2ee.com/en/new-car/mercedes/glc-300/unit/7160267,https://legion-images.hatla2ee.com/listing_image/2ba92601-0cf0-49a9-8f9a-d0fcdb716206/medium.jpg,2026-04-30 14:35:54
42,new,BMW X6 2026,2026,0 KM,Automatic,Gas,"8,000,000 EGP",,BMW,X6,https://eg.hatla2ee.com/en/new-car/bmw/x6/unit/7209247,https://legion-images.hatla2ee.com/listing_image/6e59c602-c180-4e1a-b5d6-20edfbf5eae4/medium.jpg,2026-04-30 14:35:55
42,new,Changan CS 55 2026,2026,0 KM,Automatic,Gas,"1,170,000 EGP",,Changan,CS 55,https://eg.hatla2ee.com/en/new-car/changan/CS-55/unit/7209244,https://legion-images.hatla2ee.com/listing_image/7cb32a0b-4245-4c3e-83ed-9c6bcb9586fb/medium.jpg,2026-04-30 14:35:55
42,new,Nissan Qashqai 2026,2026,0 KM,Automatic,Gas,"1,775,000 EGP",,Nissan,Qashqai,https://eg.hatla2ee.com/en/new-car/nissan/qashqai/unit/7209239,https://legion-images.hatla2ee.com/listing_image/94b63261-78d6-48a3-b544-43cde1be6da8/medium.jpg,2026-04-30 14:35:56
42,new,GAC Empow 2026,2026,0 KM,Automatic,Gas,"1,415,000 EGP",,GAC,Empow,https://eg.hatla2ee.com/en/new-car/gac/Empow/unit/7209238,https://legion-images.hatla2ee.com/listing_image/f7cb32b3-7616-4b61-ab56-4eee00b9c591/medium.jpg,2026-04-30 14:35:56
43,new,Baic U5 plus 2026,2026,0 KM,Automatic,Gas,"850,000 EGP",,Baic,U5 plus,https://eg.hatla2ee.com/en/new-car/baic/U5-plus/unit/7174234,https://legion-images.hatla2ee.com/listing_image/d51813dc-e7e3-4981-9e9e-5caa1c7643b8/medium.jpg,2026-04-30 14:36:06
43,new,Xiaomi SU7 2025,2025,0 KM,Automatic,Electric,"2,590,000 EGP",,Xiaomi,SU7,https://eg.hatla2ee.com/en/new-car/xiaomi/Xiaomi_Su7/unit/7199992,https://legion-images.hatla2ee.com/listing_image/29dd6dad-c0bd-49d0-9d46-09046178864b/medium.jpg,2026-04-30 14:36:06
43,new,Mitsubishi Outlander 2026,2026,0 KM,Automatic,Gas,"1,475,000 EGP",,Mitsubishi,Outlander,https://eg.hatla2ee.com/en/new-car/mitsubishi/outlander/unit/7171069,https://legion-images.hatla2ee.com/listing_image/329135b8-56b1-45ce-8dad-57f38590a4b0/medium.jpg,2026-04-30 14:36:09
43,new,Mercedes CLA 200 2026,2026,0 KM,Automatic,Gas,"2,950,000 EGP",,Mercedes,CLA 200,https://eg.hatla2ee.com/en/new-car/mercedes/cla-200/unit/7209333,https://legion-images.hatla2ee.com/listing_image/6740d526-ab50-458b-ad02-b12355c58d7b/medium.jpg,2026-04-30 14:36:10
43,new,Nissan Sunny 2027,2027,0 KM,Automatic,Gas,"850,000 EGP",,Nissan,Sunny,https://eg.hatla2ee.com/en/new-car/nissan/sunny/unit/7180281,https://legion-images.hatla2ee.com/listing_image/f1374355-abc8-454a-bee8-eec67a7f840d/medium.jpg,2026-04-30 14:36:11
43,new,Kia Carnival 2026,2026,0 KM,Automatic,Hybrid,"2,595,000 EGP",,Kia,Carnival,https://eg.hatla2ee.com/en/new-car/kia/carnival/unit/7209312,https://legion-images.hatla2ee.com/listing_image/32e73577-493c-4f28-abcd-9ca618e8cc3a/medium.jpg,2026-04-30 14:36:11
43,new,Mercedes A 35 AMG 2026,2026,0 KM,Automatic,Gas,"4,650,000 EGP",,Mercedes,A 35 AMG,https://eg.hatla2ee.com/en/new-car/mercedes/A-35-AMG/unit/7173734,https://legion-images.hatla2ee.com/listing_image/6b1bbdb6-3328-41a6-b614-aa050ef106ff/medium.jpg,2026-04-30 14:36:13
43,new,Porsche 911 2025,2025,0 KM,Automatic,Gas,"14,000,000 EGP",,Porsche,911,https://eg.hatla2ee.com/en/new-car/porsche/911/unit/7209222,https://legion-images.hatla2ee.com/listing_image/5269f032-9094-4504-97aa-a02e1e47df5b/medium.jpg,2026-04-30 14:36:13
43,new,Volkswagen Touareg 2025,2025,0 KM,Automatic,Gas,"4,300,000 EGP",,Volkswagen,Touareg,https://eg.hatla2ee.com/en/new-car/volks-wagen/touareg/unit/7209208,https://legion-images.hatla2ee.com/listing_image/c6d51bbf-bd0c-4342-ab51-5c885e3abc25/medium.jpg,2026-04-30 14:36:16
43,new,Kia Carnival 2024,2024,0 KM,Automatic,Gas,"3,250,000 EGP",,Kia,Carnival,https://eg.hatla2ee.com/en/new-car/kia/carnival/unit/7179833,https://legion-images.hatla2ee.com/listing_image/f6c1d53b-4a1e-4c71-b0ca-08c1a5fd8037/medium.jpg,2026-04-30 14:36:18
43,new,Soueast S 06 2026,2026,0 KM,Automatic,Gas,"1,485,000 EGP",,Soueast,S 06,https://eg.hatla2ee.com/en/new-car/soueast/S+06/unit/7134997,https://legion-images.hatla2ee.com/listing_image/919552bf-e078-4092-86fd-0c0582f157a7/medium.jpg,2026-04-30 14:36:19
44,new,Chery Tiggo 4 Pro 2026,2026,0 KM,Automatic,Gas,"950,000 EGP",,Chery,Tiggo 4 Pro,https://eg.hatla2ee.com/en/new-car/chery/Tiggo-4-Pro/unit/7197799,https://legion-images.hatla2ee.com/listing_image/f6dbf089-2510-4d5b-8cf9-5992e8b3ccab/medium.jpg,2026-04-30 14:36:28
44,new,Chery Arrizo 5 2026,2026,0 KM,Manual,Gas,"720,000 EGP",,Chery,Arrizo 5,https://eg.hatla2ee.com/en/new-car/chery/Arrizo-5/unit/39795,https://legion-images.hatla2ee.com/listing_image/2d5f1a13-0052-413b-92de-5a58fddd38ce/medium.jpg,2026-04-30 14:36:28
44,new,Jetour T2 2026,2026,0 KM,Automatic,Gas,"1,900,000 EGP",,Jetour,T2,https://eg.hatla2ee.com/en/new-car/jetour/T2/unit/7141069,https://legion-images.hatla2ee.com/listing_image/d8b2ee57-5dee-4b5d-9965-b565c43bb992/medium.jpg,2026-04-30 14:36:29
44,new,Jetour T1 2026,2026,0 KM,Automatic,Gas,"1,730,000 EGP",,Jetour,T1,https://eg.hatla2ee.com/en/new-car/jetour/T1/unit/7149240,https://legion-images.hatla2ee.com/listing_image/91f763f4-b2c9-435d-9194-4d73ac3cc58b/medium.jpg,2026-04-30 14:36:29
44,new,Jetour Dashing 2026,2026,0 KM,Automatic,Gas,"1,330,000 EGP",,Jetour,Dashing,https://eg.hatla2ee.com/en/new-car/jetour/Dashing/unit/7134324,https://legion-images.hatla2ee.com/listing_image/82cfdc27-c292-4bbf-8887-720b9e93dbb9/medium.jpg,2026-04-30 14:36:30
44,new,Mercedes V 250 2025,2025,0 KM,Automatic,Gas,"8,150,000 EGP",,Mercedes,V 250,https://eg.hatla2ee.com/en/new-car/mercedes/V-250/unit/43734,https://legion-images.hatla2ee.com/listing_image/7eac927c-215b-4bc0-9a73-9dec9c55c624/medium.jpg,2026-04-30 14:36:30
44,new,Mercedes E 200 2025,2025,0 KM,Automatic,Gas,"5,450,000 EGP",,Mercedes,E 200,https://eg.hatla2ee.com/en/new-car/mercedes/e-200/unit/7209302,https://legion-images.hatla2ee.com/listing_image/2f8d34a4-fa44-405e-a007-63df25346666/medium.jpg,2026-04-30 14:36:31
44,new,Skoda Octavia 2026,2026,0 KM,Automatic,Gas,"2,250,000 EGP",,Skoda,Octavia,https://eg.hatla2ee.com/en/new-car/skoda/octavia/unit/7209300,https://legion-images.hatla2ee.com/listing_image/ba7d0d4a-8150-4d17-bf82-f8640959de65/medium.jpg,2026-04-30 14:36:31
44,new,Jetour Dashing 2026,2026,0 KM,Automatic,Gas,"1,420,000 EGP",,Jetour,Dashing,https://eg.hatla2ee.com/en/new-car/jetour/Dashing/unit/7209295,https://legion-images.hatla2ee.com/listing_image/aa72555b-96b4-4de9-9331-e69ee83f45c0/medium.jpg,2026-04-30 14:36:32
44,new,Mercedes GLC 2026,2026,0 KM,Automatic,Gas,"5,850,000 EGP",,Mercedes,GLC,https://eg.hatla2ee.com/en/new-car/mercedes/GLC/unit/7207223,https://legion-images.hatla2ee.com/listing_image/cd89ba9a-e262-4f1b-83c5-54e731f38c70/medium.jpg,2026-04-30 14:36:32
44,new,Hyundai Tucson GDI 2026,2026,0 KM,Automatic,Gas,"1,745,000 EGP",,Hyundai,Tucson GDI,https://eg.hatla2ee.com/en/new-car/hyundai/Tucson-GDI/unit/7208640,https://legion-images.hatla2ee.com/listing_image/ea9aca8d-d1a2-433f-8fa5-015d901e8c07/medium.jpg,2026-04-30 14:36:33
44,new,Volkswagen ID 4 2024,2024,0 KM,Automatic,Electric,"1,900,000 EGP",,Volkswagen,ID 4,https://eg.hatla2ee.com/en/new-car/volks-wagen/ID-4/unit/7195332,https://legion-images.hatla2ee.com/listing_image/a20d4277-8b37-4d9a-821f-da32e5059f41/medium.jpg,2026-04-30 14:36:34
44,new,MG ZS 2026,2026,0 KM,Automatic,Gas,"1,300,000 EGP",,MG,ZS,https://eg.hatla2ee.com/en/new-car/moris-garage/zs/unit/7197306,https://legion-images.hatla2ee.com/listing_image/faa7a4cc-586c-49d6-a8d2-e673411f3801/medium.jpg,2026-04-30 14:36:34
44,new,Volkswagen ID 6 2024,2024,0 KM,Automatic,Electric,"2,100,000 EGP",,Volkswagen,ID 6,https://eg.hatla2ee.com/en/new-car/volks-wagen/ID-6/unit/7195330,https://legion-images.hatla2ee.com/listing_image/6c4772d0-4fc4-47d3-b6a5-21462470b0ce/medium.jpg,2026-04-30 14:36:34
44,new,MG 5 2026,2026,0 KM,Automatic,Gas,"1,150,000 EGP",,MG,5,https://eg.hatla2ee.com/en/new-car/moris-garage/mg-5/unit/7201387,https://legion-images.hatla2ee.com/listing_image/519bc1c6-cc49-4820-aba3-1c9a166e083a/medium.jpg,2026-04-30 14:36:35
44,new,Geely Cool Ray 2026,2026,0 KM,Automatic,Gas,"1,450,000 EGP",,Geely,Cool Ray,https://eg.hatla2ee.com/en/new-car/geely/Coolray/unit/7209173,https://legion-images.hatla2ee.com/listing_image/01f7b5b0-c1f3-4c17-ba97-12c8c465e62e/medium.jpg,2026-04-30 14:36:37
44,new,Byd Sealion 7 2025,2025,0 KM,Automatic,Electric,"2,100,000 EGP",,Byd,Sealion 7,https://eg.hatla2ee.com/en/new-car/byd/sealion-7/unit/7209151,https://legion-images.hatla2ee.com/listing_image/de7d2650-0ca7-4c73-9329-3a93e6d99bea/medium.jpg,2026-04-30 14:36:40
45,new,Jetour X90 2026,2026,0 KM,Automatic,Gas,"1,560,000 EGP",,Jetour,X90,https://eg.hatla2ee.com/en/new-car/jetour/X90/unit/7150617,https://legion-images.hatla2ee.com/listing_image/ed6f99f9-8ba7-4d0a-8f30-780abdd5a2f2/medium.jpg,2026-04-30 14:36:48
45,new,Jetour X70S 2026,2026,0 KM,Automatic,Gas,"1,095,000 EGP",,Jetour,X70S,https://eg.hatla2ee.com/en/new-car/jetour/X70S/unit/39743,https://legion-images.hatla2ee.com/listing_image/d187e3df-d12a-4e3d-a22a-6ec80c11e452/medium.jpg,2026-04-30 14:36:49
45,new,Nissan Sentra 2027,2027,0 KM,Automatic,Gas,"1,050,000 EGP",,Nissan,Sentra,https://eg.hatla2ee.com/en/new-car/nissan/sentra/unit/7134351,https://legion-images.hatla2ee.com/listing_image/0079d4d3-f165-425f-acdb-11fa49805bb4/medium.jpg,2026-04-30 14:36:49
45,new,MG One 2026,2026,0 KM,Automatic,Gas,"1,450,000 EGP",,MG,One,https://eg.hatla2ee.com/en/new-car/moris-garage/MG+One/unit/7205545,https://legion-images.hatla2ee.com/listing_image/e3f38d8d-ccf0-4eea-8709-3c00ccab0a31/medium.jpg,2026-04-30 14:36:50
45,new,MG ZS 2026,2026,0 KM,Automatic,Gas,"1,050,000 EGP",,MG,ZS,https://eg.hatla2ee.com/en/new-car/moris-garage/zs/unit/7141100,https://legion-images.hatla2ee.com/listing_image/6e6f4aaf-6c38-4c13-9149-e571492d1b63/medium.jpg,2026-04-30 14:36:51
45,new,Chevrolet Captiva 2026,2026,0 KM,Automatic,Gas,"1,300,000 EGP",,Chevrolet,Captiva,https://eg.hatla2ee.com/en/new-car/chevrolet/captiva/unit/7201540,https://legion-images.hatla2ee.com/listing_image/163741f6-c511-4dce-9998-02641882e2eb/medium.jpg,2026-04-30 14:36:53
45,new,Toyota Land Cruiser 2026,2026,0 KM,Automatic,Gas,"9,000,000 EGP",,Toyota,Land Cruiser,https://eg.hatla2ee.com/en/new-car/toyota/land-cruiser/unit/7209268,https://legion-images.hatla2ee.com/listing_image/d0a2b2fa-60d7-40f4-a705-88dce0ad169c/medium.jpg,2026-04-30 14:36:54
45,new,BMW 520 2026,2026,0 KM,Automatic,Gas,"4,750,000 EGP",,BMW,520,https://eg.hatla2ee.com/en/new-car/bmw/520/unit/7201636,https://legion-images.hatla2ee.com/listing_image/0e5af220-b474-4e9c-87fa-c3020a735991/medium.jpg,2026-04-30 14:36:54
45,new,MG HS 2023,2023,0 KM,Automatic,Gas,"1,390,000 EGP",,MG,HS,https://eg.hatla2ee.com/en/new-car/moris-garage/MG-HS/unit/7209263,https://legion-images.hatla2ee.com/listing_image/c8348d98-d09e-4332-ad13-9177b6a2651a/medium.jpg,2026-04-30 14:36:55
45,new,Byd Leopard 8 2026,2026,0 KM,Automatic,Hybrid,"3,400,000 EGP",,Byd,Leopard 8,https://eg.hatla2ee.com/en/new-car/byd/Leopard+_8/unit/7185019,https://legion-images.hatla2ee.com/listing_image/f4bb2384-56f1-45b0-b715-d2c98b1554e4/medium.jpg,2026-04-30 14:36:55
45,new,Kia EV5 2026,2026,0 KM,Automatic,Electric,"2,300,000 EGP",,Kia,EV5,https://eg.hatla2ee.com/en/new-car/kia/EV5/unit/7190300,https://legion-images.hatla2ee.com/listing_image/e0320972-350d-4223-8e20-598c9a6872c0/medium.jpg,2026-04-30 14:36:57
45,new,Mercedes EQS 450+ 2023,2023,0 KM,Automatic,Electric,"5,000,000 EGP",,Mercedes,EQS 450+,https://eg.hatla2ee.com/en/new-car/mercedes/mercedes-benz-eqs-450-plus/unit/7209150,https://legion-images.hatla2ee.com/listing_image/2505e509-da7f-443d-936e-390dad7ce14d/medium.jpg,2026-04-30 14:36:57
46,new,MG 5 2026,2026,0 KM,Automatic,Gas,"900,000 EGP",,MG,5,https://eg.hatla2ee.com/en/new-car/moris-garage/mg-5/unit/7141094,https://legion-images.hatla2ee.com/listing_image/9a5df7be-e00e-44d8-ab2c-fee42b0230d7/medium.jpg,2026-04-30 14:37:10
46,new,Nissan Sunny 2027,2027,0 KM,Automatic,Gas,"765,000 EGP",,Nissan,Sunny,https://eg.hatla2ee.com/en/new-car/nissan/sunny/unit/39778,https://legion-images.hatla2ee.com/listing_image/dc9478e3-424c-441c-bce7-2634d5f39456/medium.jpg,2026-04-30 14:37:11
46,new,Nissan Qashqai 2026,2026,0 KM,Automatic,Gas,"1,500,000 EGP",,Nissan,Qashqai,https://eg.hatla2ee.com/en/new-car/nissan/qashqai/unit/7134828,https://legion-images.hatla2ee.com/listing_image/e8adf94d-1642-4b28-ad82-75b001641b64/medium.jpg,2026-04-30 14:37:11
46,new,Mercedes E 200 2026,2026,0 KM,Automatic,Gas,"5,850,000 EGP",,Mercedes,E 200,https://eg.hatla2ee.com/en/new-car/mercedes/e-200/unit/7178975,https://legion-images.hatla2ee.com/listing_image/3009ed80-7ba1-4382-b47b-88b20075f216/medium.jpg,2026-04-30 14:37:12
46,new,Cupra Terramar 2026,2026,0 KM,Automatic,Gas,"2,350,000 EGP",,Cupra,Terramar,https://eg.hatla2ee.com/en/new-car/cupra/Terramar/unit/7205618,https://legion-images.hatla2ee.com/listing_image/5756038a-684e-4ce3-9c71-a8d0fdd26015/medium.jpg,2026-04-30 14:37:13
46,new,Skoda Octavia 2026,2026,0 KM,Automatic,Gas,"2,100,000 EGP",,Skoda,Octavia,https://eg.hatla2ee.com/en/new-car/skoda/octavia/unit/7205428,https://legion-images.hatla2ee.com/listing_image/66f20111-b6e4-423c-8260-0dad79b4df84/medium.jpg,2026-04-30 14:37:13
46,new,Chevrolet Optra 2027,2027,0 KM,Automatic,Gas,"820,000 EGP",,Chevrolet,Optra,https://eg.hatla2ee.com/en/new-car/chevrolet/optra/unit/7206178,https://legion-images.hatla2ee.com/listing_image/6e17186e-d566-45ca-917c-0c9a72a00d57/medium.jpg,2026-04-30 14:37:14
46,new,Byd Leopard 5 2025,2025,0 KM,Automatic,Hybrid,"3,150,000 EGP",,Byd,Leopard 5,https://eg.hatla2ee.com/en/new-car/byd/Byd_Leopard+5/unit/7171117,https://legion-images.hatla2ee.com/listing_image/df6fd69c-437f-43b0-822c-16bc554d7188/medium.jpg,2026-04-30 14:37:14
46,new,Audi Q2 2025,2025,0 KM,Automatic,Gas,"2,350,000 EGP",,Audi,Q2,https://eg.hatla2ee.com/en/new-car/audi/Q2/unit/7205474,https://legion-images.hatla2ee.com/listing_image/9cd5991e-738a-4c83-80dd-4d0e6e10f82d/medium.jpg,2026-04-30 14:37:15
46,new,Cupra Leon 2026,2026,0 KM,Automatic,Gas,"1,975,000 EGP",,Cupra,Leon,https://eg.hatla2ee.com/en/new-car/cupra/leon-cupra/unit/43440,https://legion-images.hatla2ee.com/listing_image/d22949c0-8d4a-450f-9737-7d99874c64bb/medium.jpg,2026-04-30 14:37:15
46,new,Cadillac Escalade 2026,2026,0 KM,Automatic,Gas,"19,900,000 EGP",,Cadillac,Escalade,https://eg.hatla2ee.com/en/new-car/cadillac/escalade/unit/7194112,https://legion-images.hatla2ee.com/listing_image/24030dac-ec46-4a28-b408-4b7ec0b770cb/medium.jpg,2026-04-30 14:37:16
46,new,MG ZS 2026,2026,0 KM,Automatic,Gas,"1,220,000 EGP",,MG,ZS,https://eg.hatla2ee.com/en/new-car/moris-garage/zs/unit/7205416,https://legion-images.hatla2ee.com/listing_image/75833444-cd55-4950-9809-b0a20d4533df/medium.jpg,2026-04-30 14:37:16
46,new,Baic U5 plus 2026,2026,0 KM,Automatic,Gas,"925,000 EGP",,Baic,U5 plus,https://eg.hatla2ee.com/en/new-car/baic/U5-plus/unit/7171640,https://legion-images.hatla2ee.com/listing_image/9870cc08-93d8-49da-bacb-f8a91d897193/medium.jpg,2026-04-30 14:37:17
46,new,Jetour Dashing 2026,2026,0 KM,Automatic,Gas,"1,450,000 EGP",,Jetour,Dashing,https://eg.hatla2ee.com/en/new-car/jetour/Dashing/unit/7149351,https://legion-images.hatla2ee.com/listing_image/df9d77c6-dc17-44bb-8d42-2009313c0894/medium.jpg,2026-04-30 14:37:17
46,new,Kia K3 2025,2025,0 KM,Automatic,Gas,"1,500,000 EGP",,Kia,K3,https://eg.hatla2ee.com/en/new-car/kia/K3/unit/7205411,https://legion-images.hatla2ee.com/listing_image/ce76a6b7-c476-4684-80a3-eb8cf95cbfb9/medium.jpg,2026-04-30 14:37:17
46,new,Mercedes Other 2026,2026,0 KM,Automatic,Gas,"6,400,000 EGP",,Mercedes,Other,https://eg.hatla2ee.com/en/new-car/mercedes/other-mercedes/unit/7153096,https://legion-images.hatla2ee.com/listing_image/61790db9-b2d1-4dbe-af2c-7c551f1944b5/medium.jpg,2026-04-30 14:37:18
46,new,Audi A5 2025,2025,0 KM,Automatic,Gas,"3,190,000 EGP",,Audi,A5,https://eg.hatla2ee.com/en/new-car/audi/a5/unit/40406,https://legion-images.hatla2ee.com/listing_image/3623f07c-c4ee-4755-ba64-0093c1522ac3/medium.jpg,2026-04-30 14:37:18
46,new,Mercedes CLE 300 2024,2024,0 KM,Automatic,Gas,"5,500,000 EGP",,Mercedes,CLE 300,https://eg.hatla2ee.com/en/new-car/mercedes/mercedes-benz-cle-300/unit/43019,https://legion-images.hatla2ee.com/listing_image/2d0d7e75-c296-4c0b-844a-4d4314f965ad/medium.jpg,2026-04-30 14:37:19
46,new,Gmc Yukon 2024,2024,0 KM,Automatic,Gas,"11,500,000 EGP",,Gmc,Yukon,https://eg.hatla2ee.com/en/new-car/gmc/yukon/unit/7209040,https://legion-images.hatla2ee.com/listing_image/497310b9-8374-4085-9fea-9eeb22d13d68/medium.jpg,2026-04-30 14:37:24
47,new,Xiaomi Yu7 2025,2025,0 KM,Automatic,Electric,"3,100,000 EGP",,Xiaomi,Yu7,https://eg.hatla2ee.com/en/new-car/xiaomi/xiaomi-yu7/unit/7199704,https://legion-images.hatla2ee.com/listing_image/f5fa8bb6-7d65-4af6-bca2-8df16d9123e2/medium.jpg,2026-04-30 14:37:33
47,new,Porsche Cayenne S 2025,2025,0 KM,Automatic,Gas,"15,250,000 EGP",,Porsche,Cayenne S,https://eg.hatla2ee.com/en/new-car/porsche/cayenne-s/unit/7205398,https://legion-images.hatla2ee.com/listing_image/e7ebdee3-cf4d-44d7-b7e9-154c65d52430/medium.jpg,2026-04-30 14:37:33
47,new,Mercedes E 200 2026,2026,0 KM,Automatic,Gas,"6,000,000 EGP",,Mercedes,E 200,https://eg.hatla2ee.com/en/new-car/mercedes/e-200/unit/7187307,https://legion-images.hatla2ee.com/listing_image/8f40c1c7-9b4d-4c67-919c-0fad5d6dc0b3/medium.jpg,2026-04-30 14:37:34
47,new,Peugeot 5008 2026,2026,0 KM,Automatic,Gas,"2,575,000 EGP",,Peugeot,5008,https://eg.hatla2ee.com/en/new-car/peugeot/5008/unit/7205385,https://legion-images.hatla2ee.com/listing_image/2fdc01d5-927f-4f4e-a660-dd20970bd49b/medium.jpg,2026-04-30 14:37:34
47,new,Xiaomi Yu7 2025,2025,0 KM,Automatic,Electric,"3,150,000 EGP",,Xiaomi,Yu7,https://eg.hatla2ee.com/en/new-car/xiaomi/xiaomi-yu7/unit/7156756,https://legion-images.hatla2ee.com/listing_image/2ea86002-74bc-451f-ba72-ba835649fb75/medium.jpg,2026-04-30 14:37:35
47,new,Renault Duster 2026,2026,0 KM,Automatic,Gas,"1,475,000 EGP",,Renault,Duster,https://eg.hatla2ee.com/en/new-car/renault/duster/unit/41519,https://legion-images.hatla2ee.com/listing_image/d8650f93-da53-44e6-8357-cba098a55ece/medium.jpg,2026-04-30 14:37:38
47,new,Mercedes CLA 200 2026,2026,0 KM,Automatic,Gas,"3,000,000 EGP",,Mercedes,CLA 200,https://eg.hatla2ee.com/en/new-car/mercedes/cla-200/unit/7201713,https://legion-images.hatla2ee.com/listing_image/83219ddc-48c2-4dd5-8bd7-feb4c0a4e8af/medium.jpg,2026-04-30 14:37:39
47,new,Mercedes E 200 2025,2025,0 KM,Automatic,Gas,"5,500,000 EGP",,Mercedes,E 200,https://eg.hatla2ee.com/en/new-car/mercedes/e-200/unit/7195158,https://legion-images.hatla2ee.com/listing_image/2e14cbdb-8b7d-4c3a-aeff-9e2ef0aa01ab/medium.jpg,2026-04-30 14:37:39
47,new,Seat Ibiza 2026,2026,0 KM,Automatic,Gas,"1,490,000 EGP",,Seat,Ibiza,https://eg.hatla2ee.com/en/new-car/seat/ibiza/unit/7163528,https://legion-images.hatla2ee.com/listing_image/9dcd2e68-3501-423d-8d3a-31d47009d3a1/medium.jpg,2026-04-30 14:37:39
47,new,Volkswagen Tiguan 2026,2026,0 KM,Automatic,Gas,"2,700,000 EGP",,Volkswagen,Tiguan,https://eg.hatla2ee.com/en/new-car/volks-wagen/tiguan/unit/7169132,https://legion-images.hatla2ee.com/listing_image/83a7a648-9bee-451f-abbc-f4a919bed3ea/medium.jpg,2026-04-30 14:37:39
47,new,Mercedes E 200 2026,2026,0 KM,Automatic,Gas,"6,200,000 EGP",,Mercedes,E 200,https://eg.hatla2ee.com/en/new-car/mercedes/e-200/unit/7163523,https://legion-images.hatla2ee.com/listing_image/bc3dda94-78da-468d-8b5c-1f274d12b534/medium.jpg,2026-04-30 14:37:40
48,new,Mercedes CLA 200 2026,2026,0 KM,Automatic,Gas,"3,850,000 EGP",,Mercedes,CLA 200,https://eg.hatla2ee.com/en/new-car/mercedes/cla-200/unit/7175459,https://legion-images.hatla2ee.com/listing_image/84b613ac-40a9-419e-8986-bd3b13c976a1/medium.jpg,2026-04-30 14:37:55
48,new,Mercedes CLA 200 2026,2026,0 KM,Automatic,Gas,"3,800,000 EGP",,Mercedes,CLA 200,https://eg.hatla2ee.com/en/new-car/mercedes/cla-200/unit/7192751,https://legion-images.hatla2ee.com/listing_image/69b7ec68-d540-4bfe-8fed-75abf1b9707f/medium.jpg,2026-04-30 14:37:56
48,new,Land Rover Range Rover Evoque 2026,2026,0 KM,Automatic,Gas,"4,300,000 EGP",,Land Rover,Range Rover Evoque,https://eg.hatla2ee.com/en/new-car/land-rover/evoque/unit/7142593,https://legion-images.hatla2ee.com/listing_image/94af8cf5-b487-4e0a-a8b0-b2675399346c/medium.jpg,2026-04-30 14:37:57
48,new,Mercedes C 200 2026,2026,0 KM,Automatic,Gas,"4,250,000 EGP",,Mercedes,C 200,https://eg.hatla2ee.com/en/new-car/mercedes/c-200/unit/43445,https://legion-images.hatla2ee.com/listing_image/a632f8ed-92a5-4eb2-a2ff-06797bf16ab5/medium.jpg,2026-04-30 14:37:57
48,new,Mercedes E 200 2026,2026,0 KM,Automatic,Gas,"5,850,000 EGP",,Mercedes,E 200,https://eg.hatla2ee.com/en/new-car/mercedes/e-200/unit/7137536,https://legion-images.hatla2ee.com/listing_image/9fe766b1-659e-4b76-9450-2e47dca2f103/medium.jpg,2026-04-30 14:37:58
48,new,Mitsubishi Outlander 2026,2026,0 KM,Automatic,Gas,"1,375,000 EGP",,Mitsubishi,Outlander,https://eg.hatla2ee.com/en/new-car/mitsubishi/outlander/unit/7164561,https://legion-images.hatla2ee.com/listing_image/b9d68847-4665-4fa7-8bb4-1d7428198180/medium.jpg,2026-04-30 14:38:02
48,new,Toyota Land Cruiser 2026,2026,0 KM,Automatic,Gas,"8,900,000 EGP",,Toyota Land Cruiser,Imported,https://eg.hatla2ee.com/en/new-car/imported/toyota/land-cruiser/7209144,https://legion-images.hatla2ee.com/listing_image/a04d7934-bdbf-40a6-8589-fb8bd941d0c7/medium.jpg,2026-04-30 14:38:03
48,new,Dongfeng E Pai 007 2025,2025,0 KM,Automatic,Gas,"1,550,000 EGP",,Dongfeng,E Pai 007,https://eg.hatla2ee.com/en/new-car/dfm/E+Pai+007/unit/7209171,https://legion-images.hatla2ee.com/listing_image/b4393cc7-c615-45bb-911c-2e9809529610/medium.jpg,2026-04-30 14:38:03
48,new,Mercedes C 180 2026,2026,0 KM,Automatic,Gas,"3,850,000 EGP",,Mercedes C 180,A/T / Sport,https://eg.hatla2ee.com/en/new-car/imported/mercedes/c-180/7208943,https://legion-images.hatla2ee.com/listing_image/8c86b37e-dd79-489a-bcb5-34084cd1308f/medium.jpg,2026-04-30 14:38:08
49,new,Xiaomi Yu7 2025,2025,0 KM,Automatic,Electric,"3,150,000 EGP",,Xiaomi,Yu7,https://eg.hatla2ee.com/en/new-car/xiaomi/xiaomi-yu7/unit/7187585,https://legion-images.hatla2ee.com/listing_image/633a69e5-3738-4080-b82a-2b0a16f80940/medium.jpg,2026-04-30 14:38:19
49,new,Xiaomi SU7 2025,2025,0 KM,Automatic,Electric,"2,590,000 EGP",,Xiaomi,SU7,https://eg.hatla2ee.com/en/new-car/xiaomi/Xiaomi_Su7/unit/7194933,https://legion-images.hatla2ee.com/listing_image/97c94ae5-2f5c-4a74-bb1b-d70e586595c5/medium.jpg,2026-04-30 14:38:20
49,new,Mercedes C 200 2026,2026,0 KM,Automatic,Gas,"4,300,000 EGP",,Mercedes,C 200,https://eg.hatla2ee.com/en/new-car/mercedes/c-200/unit/7205324,https://legion-images.hatla2ee.com/listing_image/bb4239e1-4ad7-4de9-86bd-8c1e9446ed09/medium.jpg,2026-04-30 14:38:20
49,new,Mercedes GLC 300 2026,2026,0 KM,Automatic,Gas,"5,950,000 EGP",,Mercedes,GLC 300,https://eg.hatla2ee.com/en/new-car/mercedes/glc-300/unit/7205321,https://legion-images.hatla2ee.com/listing_image/6a912531-50a4-4336-bb86-4d6175c3184c/medium.jpg,2026-04-30 14:38:21
49,new,Mercedes CLA 200 2026,2026,0 KM,Automatic,Gas,"3,850,000 EGP",,Mercedes,CLA 200,https://eg.hatla2ee.com/en/new-car/mercedes/cla-200/unit/7185516,https://legion-images.hatla2ee.com/listing_image/6bc642a5-cbc2-4a35-bdbd-0ed462fec97d/medium.jpg,2026-04-30 14:38:21
49,new,Mercedes GLC 300 2026,2026,0 KM,Automatic,Gas,"5,950,000 EGP",,Mercedes,GLC 300,https://eg.hatla2ee.com/en/new-car/mercedes/glc-300/unit/7208745,https://legion-images.hatla2ee.com/listing_image/ba84540e-7b2c-47d9-b0a3-136d6defa6ac/medium.jpg,2026-04-30 14:38:22
49,new,Mercedes E 200 2026,2026,0 KM,Automatic,Gas,"5,850,000 EGP",,Mercedes,E 200,https://eg.hatla2ee.com/en/new-car/mercedes/e-200/unit/7208731,https://legion-images.hatla2ee.com/listing_image/dd72125f-72fc-42e7-8457-387f2740288a/medium.jpg,2026-04-30 14:38:22
49,new,Xiaomi Yu7 2025,2025,0 KM,Automatic,Electric,"3,700,000 EGP",,Xiaomi,Yu7,https://eg.hatla2ee.com/en/new-car/xiaomi/xiaomi-yu7/unit/43132,https://legion-images.hatla2ee.com/listing_image/b423ebd7-d8a6-46e3-b674-8f88c6916425/medium.jpg,2026-04-30 14:38:23
49,new,Volkswagen ID 4 2025,2025,0 KM,Automatic,Electric,"2,150,000 EGP",,Volkswagen,ID 4,https://eg.hatla2ee.com/en/new-car/volks-wagen/ID-4/unit/7209133,https://legion-images.hatla2ee.com/listing_image/c8255453-3f34-4c47-94c5-52fcc8cb7fce/medium.jpg,2026-04-30 14:38:24
49,new,BMW 520 2025,2025,0 KM,Automatic,Gas,"1,750,000 EGP",,BMW,520,https://eg.hatla2ee.com/en/new-car/bmw/520/unit/7209129,https://legion-images.hatla2ee.com/listing_image/9c95343b-61c0-4a16-8fe8-22ff81f5fe99/medium.jpg,2026-04-30 14:38:24
49,new,Kia Sportage 2023,2023,0 KM,Automatic,Gas,"2,100,000 EGP",,Kia,Sportage,https://eg.hatla2ee.com/en/new-car/kia/sportage/unit/7209126,https://legion-images.hatla2ee.com/listing_image/1d8ed0bb-e711-4275-b624-54d4cca8bcc1/medium.jpg,2026-04-30 14:38:25
49,new,BMW 316 2015,2015,0 KM,Automatic,Gas,"930,000 EGP",,BMW,316,https://eg.hatla2ee.com/en/new-car/bmw/316/unit/7205594,https://legion-images.hatla2ee.com/listing_image/c77ca3bc-eb54-4b40-8f63-a45c0310e109/medium.jpg,2026-04-30 14:38:27
50,new,Byd Leopard 5 2025,2025,0 KM,Automatic,Hybrid,"3,100,000 EGP",,Byd,Leopard 5,https://eg.hatla2ee.com/en/new-car/byd/Byd_Leopard+5/unit/43300,https://legion-images.hatla2ee.com/listing_image/666a998a-4a5c-489e-8b60-10333e79c78e/medium.jpg,2026-04-30 14:38:41
50,new,Mercedes GLC 2026,2026,0 KM,Automatic,Gas,"7,750,000 EGP",,Mercedes,GLC,https://eg.hatla2ee.com/en/new-car/mercedes/GLC/unit/7196446,https://legion-images.hatla2ee.com/listing_image/67dbed5c-5f7f-422b-866d-6ff6fdd2f027/medium.jpg,2026-04-30 14:38:41
50,new,Seat Ibiza 2026,2026,0 KM,Automatic,Gas,"1,450,000 EGP",,Seat,Ibiza,https://eg.hatla2ee.com/en/new-car/seat/ibiza/unit/7204136,https://legion-images.hatla2ee.com/listing_image/9a476e00-cc33-4cc9-b39a-100856045201/medium.jpg,2026-04-30 14:38:45
50,new,Mercedes C 180 2026,2026,0 KM,Automatic,Gas,"4,100,000 EGP",,Mercedes,C 180,https://eg.hatla2ee.com/en/new-car/mercedes/c-180/unit/7208457,https://legion-images.hatla2ee.com/listing_image/9dc26ee8-3b52-4d60-9e2b-3108da25b90b/medium.jpg,2026-04-30 14:38:46
50,new,Rox 01 2026,2026,0 KM,Automatic,Gas,"3,940,000 EGP",,Rox,01,https://eg.hatla2ee.com/en/new-car/rox/rox-01/unit/7202727,https://legion-images.hatla2ee.com/listing_image/be4ccdd8-960d-46cc-bc0f-d378a378106d/medium.jpg,2026-04-30 14:38:47
50,new,Cupra Formentor 2026,2026,0 KM,Automatic,Hybrid,"2,300,000 EGP",,Cupra,Formentor,https://eg.hatla2ee.com/en/new-car/cupra/Formentor/51053/7205306,https://legion-images.hatla2ee.com/listing_image/71202d6a-838b-4350-9ece-374e33510302/medium.jpg,2026-04-30 14:38:48
50,new,Mercedes SLK 55 AMG 2024,2024,0 KM,Automatic,Gas,"11,250,000 EGP",,Mercedes,SLK 55 AMG,https://eg.hatla2ee.com/en/new-car/mercedes/SLK-55-AMG/unit/7205292,https://legion-images.hatla2ee.com/listing_image/8615e9a1-3d22-4f1f-b058-44d99eb5a622/medium.jpg,2026-04-30 14:38:49
50,new,Baic BJ30 2025,2025,0 KM,Automatic,Hybrid,"1,750,000 EGP",,Baic,BJ30,https://eg.hatla2ee.com/en/new-car/baic/BJ30/49658/7205152,https://legion-images.hatla2ee.com/original_image/baic/thumbnail.png,2026-04-30 14:38:51
50,new,Mercedes GLC 300 2026,2026,0 KM,Automatic,Gas,"5,650,000 EGP",,Mercedes,GLC 300,https://eg.hatla2ee.com/en/new-car/mercedes/glc-300/unit/7205101,https://legion-images.hatla2ee.com/listing_image/2d32cd2d-5127-40d5-9710-ce597949f991/medium.jpg,2026-04-30 14:38:52
50,new,Deepal S 05 2026,2026,0 KM,Automatic,Hybrid,"1,850,000 EGP",,Deepal,S 05,https://eg.hatla2ee.com/en/new-car/deepal/Deepal_S05/50853/7205064,https://legion-images.hatla2ee.com/listing_image/56952709-3052-4419-831b-7ed62d1b93f5/medium.jpg,2026-04-30 14:38:53
51,new,Xpeng G6 2025,2025,0 KM,Automatic,Electric,"2,050,000 EGP",,Xpeng,G6,https://eg.hatla2ee.com/en/new-car/xpeng/Xpeng-G6/unit/7203237,https://legion-images.hatla2ee.com/listing_image/702e4e34-bf93-4de9-89c4-e74805ea9424/medium.jpg,2026-04-30 14:38:59
51,new,Toyota Fortuner 2026,2026,0 KM,Automatic,Gas,"3,900,000 EGP",,Toyota,Fortuner,https://eg.hatla2ee.com/en/new-car/toyota/fortuner/unit/7205007,https://legion-images.hatla2ee.com/listing_image/4e395d52-33b7-464d-994d-188559f1ca25/medium.jpg,2026-04-30 14:39:00
51,new,Rox 01 2026,2026,0 KM,Automatic,Electric,"3,750,000 EGP",,Rox,01,https://eg.hatla2ee.com/en/new-car/rox/rox-01/unit/7209025,https://legion-images.hatla2ee.com/listing_image/e0f491f7-9de2-4f78-af85-e899181c12dc/medium.jpg,2026-04-30 14:39:00
51,new,Nissan Patrol 2026,2026,0 KM,Automatic,Gas,"9,600,000 EGP",,Nissan,Patrol,https://eg.hatla2ee.com/en/new-car/nissan/patrol/unit/7196123,https://legion-images.hatla2ee.com/listing_image/ec9e5618-f49c-4fea-8118-9b4923e29a10/medium.jpg,2026-04-30 14:39:00
51,new,Land Rover Range Rover Vogue 2025,2025,0 KM,Automatic,Gas,"15,500,000 EGP",,Land Rover,Range Rover Vogue,https://eg.hatla2ee.com/en/new-car/land-rover/vogue/unit/7196130,https://legion-images.hatla2ee.com/listing_image/96a66cb1-fecc-413e-84b8-408af9f74ead/medium.jpg,2026-04-30 14:39:01
51,new,Kia Sportage 2024,2024,0 KM,Automatic,Gas,"2,250,000 EGP",,Kia,Sportage,https://eg.hatla2ee.com/en/new-car/kia/sportage/unit/7204375,https://legion-images.hatla2ee.com/listing_image/8dfa7085-0c29-4e04-afde-76d763a9f9db/medium.jpg,2026-04-30 14:39:01
51,new,Chevrolet Optra 2027,2027,0 KM,Automatic,Gas,"815,000 EGP",,Chevrolet,Optra,https://eg.hatla2ee.com/en/new-car/chevrolet/optra/unit/7208977,https://legion-images.hatla2ee.com/listing_image/46f94d8d-d20c-4a0b-bfcb-c07002676bf2/medium.jpg,2026-04-30 14:39:02
51,new,Proton Saga 2026,2026,0 KM,Automatic,Gas,"670,000 EGP",,Proton,Saga,https://eg.hatla2ee.com/en/new-car/proton/saga/unit/7208965,https://legion-images.hatla2ee.com/listing_image/c3905fd5-3aef-4d2d-a6ee-d7070474dd4e/medium.jpg,2026-04-30 14:39:03
51,new,Nissan N7 2025,2025,0 KM,Automatic,Electric,"1,550,000 EGP",,Nissan,N7,https://eg.hatla2ee.com/en/new-car/nissan/n7/unit/7196314,https://legion-images.hatla2ee.com/listing_image/d4dc284b-291f-43b4-a5e7-b0fa945ff80a/medium.jpg,2026-04-30 14:39:04
51,new,Cupra Terramar 2026,2026,0 KM,Automatic,Gas,"2,350,000 EGP",,Cupra,Terramar,https://eg.hatla2ee.com/en/new-car/cupra/Terramar/unit/7203606,https://legion-images.hatla2ee.com/listing_image/fa3eb417-0e88-44b5-8802-1583c75acd32/medium.jpg,2026-04-30 14:39:04
51,new,Jetour T1 2026,2026,0 KM,Automatic,Gas,"1,750,000 EGP",,Jetour,T1,https://eg.hatla2ee.com/en/new-car/jetour/T1/unit/7208902,https://legion-images.hatla2ee.com/listing_image/d1fcb3b0-86e6-40e7-80c4-918959c4eb72/medium.jpg,2026-04-30 14:39:06
51,new,Mercedes CLE 300 2024,2024,0 KM,Automatic,Gas,"5,400,000 EGP",,Mercedes,CLE 300,https://eg.hatla2ee.com/en/new-car/mercedes/mercedes-benz-cle-300/unit/7208883,https://legion-images.hatla2ee.com/listing_image/c913c2f5-0ec1-4b0a-b520-f72f8ba0ac16/medium.jpg,2026-04-30 14:39:09
52,new,Dongfeng 008 2026,2026,0 KM,Automatic,Gas,"1,900,000 EGP",,Dongfeng,008,https://eg.hatla2ee.com/en/new-car/dfm/008/unit/7195570,https://legion-images.hatla2ee.com/listing_image/faa0216f-5884-4fc9-a746-c9c6ea065d6c/medium.jpg,2026-04-30 14:39:16
52,new,Nissan Sunny 2027,2027,0 KM,Automatic,Gas,"765,000 EGP",,Nissan,Sunny,https://eg.hatla2ee.com/en/new-car/nissan/sunny/unit/7208949,https://legion-images.hatla2ee.com/listing_image/dcf2f7f1-ed61-431a-8f7f-32915bb26fde/medium.jpg,2026-04-30 14:39:17
52,new,Skoda Octavia 2026,2026,0 KM,Automatic,Gas,"2,250,000 EGP",,Skoda,Octavia,https://eg.hatla2ee.com/en/new-car/skoda/octavia/unit/7203278,https://legion-images.hatla2ee.com/listing_image/62f57c72-bcbd-470d-85fa-4337f7962e1a/medium.jpg,2026-04-30 14:39:19
52,new,MG 5 2025,2025,0 KM,Automatic,Gas,"950,000 EGP",,MG,5,https://eg.hatla2ee.com/en/new-car/moris-garage/mg-5/unit/7208854,https://legion-images.hatla2ee.com/listing_image/8f4aeb90-8434-448c-ae67-83368c4f1460/medium.jpg,2026-04-30 14:39:23
52,new,Mercedes C 180 2026,2026,0 KM,Automatic,Gas,"4,000,000 EGP",,Mercedes,C 180,https://eg.hatla2ee.com/en/new-car/mercedes/c-180/unit/7193171,https://legion-images.hatla2ee.com/listing_image/365bdf44-83c3-439f-b82b-22dcda7d92f7/medium.jpg,2026-04-30 14:39:24
52,new,Mercedes CLA 200 2026,2026,0 KM,Automatic,Gas,"3,000,000 EGP",,Mercedes,CLA 200,https://eg.hatla2ee.com/en/new-car/mercedes/cla-200/unit/7193188,https://legion-images.hatla2ee.com/listing_image/55d07c32-d68d-449d-bc5a-1c66d66bc1ad/medium.jpg,2026-04-30 14:39:25
52,new,Nissan Sunny 2025,2025,0 KM,Automatic,Diesel,"780,000 EGP",,Nissan,Sunny,https://eg.hatla2ee.com/en/new-car/nissan/sunny/48648/7208839,https://legion-images.hatla2ee.com/listing_image/696d3a84-56c1-434d-9b65-bf98553fa324/medium.jpg,2026-04-30 14:39:26
53,new,Seat Leon 2026,2026,0 KM,Automatic,Gas,"1,600,000 EGP",,Seat,Leon,https://eg.hatla2ee.com/en/new-car/seat/leon/unit/7203615,https://legion-images.hatla2ee.com/listing_image/ad543ead-8fc6-49c6-94ef-cd9d30c3f50f/medium.jpg,2026-04-30 14:39:39
53,new,Toyota Fortuner 2026,2026,0 KM,Automatic,Gas,"3,950,000 EGP",,Toyota,Fortuner,https://eg.hatla2ee.com/en/new-car/toyota/fortuner/unit/7202395,https://legion-images.hatla2ee.com/listing_image/ac871ed3-d6f5-40c3-955e-c6b04b5e4025/medium.jpg,2026-04-30 14:39:44
53,new,Geely Starray 2026,2026,0 KM,Automatic,Gas,"1,380,000 EGP",,Geely,Starray,https://eg.hatla2ee.com/en/new-car/geely/Starray/unit/7208808,https://legion-images.hatla2ee.com/listing_image/fa75b05a-1271-47f2-922e-cf2f2961087b/medium.jpg,2026-04-30 14:39:46
53,new,Geely Starray 2026,2026,0 KM,Automatic,Gas,"1,380,000 EGP",,Geely,Starray,https://eg.hatla2ee.com/en/new-car/geely/Starray/unit/7208806,https://legion-images.hatla2ee.com/listing_image/6730b0e1-d166-4927-868e-2ac6abf7d823/medium.jpg,2026-04-30 14:39:47
53,new,Seat Leon 2026,2026,0 KM,Automatic,Gas,"1,615,000 EGP",,Seat,Leon,https://eg.hatla2ee.com/en/new-car/seat/leon/unit/7208796,https://legion-images.hatla2ee.com/listing_image/558cfa02-4ec3-4633-bbae-a01811178bba/medium.jpg,2026-04-30 14:39:49
54,new,Mercedes C 200 2025,2025,0 KM,Automatic,Gas,"3,975,000 EGP",,Mercedes,C 200,https://eg.hatla2ee.com/en/new-car/mercedes/c-200/unit/7208833,https://legion-images.hatla2ee.com/listing_image/12d17bf7-801b-4637-9ff7-bf082d526019/medium.jpg,2026-04-30 14:40:03
54,new,Land Rover Range Rover Vogue 2025,2025,0 KM,Automatic,Gas,"17,500,000 EGP",,Land Rover,Range Rover Vogue,https://eg.hatla2ee.com/en/new-car/land-rover/vogue/unit/7197192,https://legion-images.hatla2ee.com/listing_image/27dca772-27ff-44d6-b62f-e93741c6dc7c/medium.jpg,2026-04-30 14:40:04
54,new,Cupra Terramar 2026,2026,0 KM,Automatic,Gas,"2,350,000 EGP",,Cupra,Terramar,https://eg.hatla2ee.com/en/new-car/cupra/Terramar/unit/7208822,https://legion-images.hatla2ee.com/listing_image/b34185b8-0128-4e2b-be02-32a2f7c4ad34/medium.jpg,2026-04-30 14:40:06
54,new,Byd Sealion 6 2025,2025,0 KM,Automatic,Electric,"2,000,000 EGP",,Byd,Sealion 6,https://eg.hatla2ee.com/en/new-car/byd/sealion-6/unit/7157216,https://legion-images.hatla2ee.com/listing_image/ebc4d43e-6a53-471a-be88-46e97789ec8d/medium.jpg,2026-04-30 14:40:07
54,new,Seat Ibiza 2026,2026,0 KM,Automatic,Gas,"1,420,000 EGP",,Seat,Ibiza,https://eg.hatla2ee.com/en/new-car/seat/ibiza/unit/7193564,https://legion-images.hatla2ee.com/listing_image/9ab37a7a-88ff-40ed-8d4d-4b1ef162115f/medium.jpg,2026-04-30 14:40:09
54,new,Mercedes E 200 2026,2026,0 KM,Automatic,Gas,"6,200,000 EGP",,Mercedes,E 200,https://eg.hatla2ee.com/en/new-car/mercedes/e-200/unit/7193358,https://legion-images.hatla2ee.com/listing_image/031f9405-4e9b-4730-ab09-f4128b889591/medium.jpg,2026-04-30 14:40:10
54,new,Soueast S 05 2027,2027,0 KM,Automatic,Gas,"1,190,000 EGP",,Soueast,S 05,https://eg.hatla2ee.com/en/new-car/soueast/S+05/unit/7208739,https://legion-images.hatla2ee.com/listing_image/699e2008-1950-4df2-a344-10005182ec9c/medium.jpg,2026-04-30 14:40:10
54,new,Mercedes EQB 2027,2027,0 KM,Automatic,Gas,"2,980,000 EGP",,Mercedes,EQB,https://eg.hatla2ee.com/en/new-car/mercedes/EQB/unit/7208738,https://legion-images.hatla2ee.com/listing_image/a006f1eb-9b8b-455b-ab96-8daf043deb6e/medium.jpg,2026-04-30 14:40:11
54,new,Porsche Cayenne S 2027,2027,0 KM,Automatic,Electric,"10,560,000 EGP",,Porsche,Cayenne S,https://eg.hatla2ee.com/en/new-car/porsche/cayenne-s/unit/7208702,https://legion-images.hatla2ee.com/listing_image/7e86d2d3-118c-4eba-aa4a-81d6ab4fbf97/medium.jpg,2026-04-30 14:40:14
55,new,Mercedes 500 2025,2025,0 KM,Automatic,Electric,"3,850,000 EGP",,Mercedes,500,https://eg.hatla2ee.com/en/new-car/mercedes/mercedes-benz-eqe-500/unit/7188252,https://legion-images.hatla2ee.com/listing_image/507fdc9e-5a4b-4d62-93ec-a5f81092367e/medium.jpg,2026-04-30 14:40:24
55,new,Mercedes GLA 200 2025,2025,0 KM,Automatic,Gas,"3,300,000 EGP",,Mercedes,GLA 200,https://eg.hatla2ee.com/en/new-car/mercedes/GLA-200/unit/7187434,https://legion-images.hatla2ee.com/listing_image/41af220e-6728-4f0a-a920-dc276d7b7826/medium.jpg,2026-04-30 14:40:24
55,new,Volkswagen ID7 2024,2024,0 KM,Automatic,Electric,"2,050,000 EGP",,Volkswagen,ID7,https://eg.hatla2ee.com/en/new-car/volks-wagen/volkswagen-id7/unit/7188254,https://legion-images.hatla2ee.com/listing_image/61b495e8-1242-4a2c-ac7c-3c8ab85549ef/medium.jpg,2026-04-30 14:40:24
55,new,Toyota Corolla 2026,2026,0 KM,Automatic,Gas,"1,500,000 EGP",,Toyota,Corolla,https://eg.hatla2ee.com/en/new-car/toyota/corolla/unit/41751,https://legion-images.hatla2ee.com/listing_image/63707812-0e09-47d0-a2b6-6ce82d11f7ed/medium.jpg,2026-04-30 14:40:26
55,new,BMW 520 2026,2026,0 KM,Automatic,Gas,"4,750,000 EGP",,BMW,520,https://eg.hatla2ee.com/en/new-car/bmw/520/unit/7208759,https://legion-images.hatla2ee.com/listing_image/6cfc27b3-4885-48ef-b518-0c850007d927/medium.jpg,2026-04-30 14:40:27
55,new,Soueast S 05 2027,2027,0 KM,Automatic,Gas,"1,160,000 EGP",,Soueast,S 05,https://eg.hatla2ee.com/en/new-car/soueast/S+05/unit/7208749,https://legion-images.hatla2ee.com/listing_image/2d9fb2e1-970f-433c-aab5-412075348cc2/medium.jpg,2026-04-30 14:40:27
55,new,MG 7 2026,2026,0 KM,Automatic,Gas,"1,700,000 EGP",,MG,7,https://eg.hatla2ee.com/en/new-car/moris-garage/mg-7/unit/41790,https://legion-images.hatla2ee.com/listing_image/5e0ac519-46b5-4aff-bba2-2b411b0bf3cc/medium.jpg,2026-04-30 14:40:28
55,new,Cupra Leon 2026,2026,0 KM,Automatic,Gas,"1,990,000 EGP",,Cupra,Leon,https://eg.hatla2ee.com/en/new-car/cupra/leon-cupra/unit/7208696,https://legion-images.hatla2ee.com/listing_image/2c940c85-0e76-4eac-a062-4feda8f09e43/medium.jpg,2026-04-30 14:40:29
55,new,Mercedes C 200 2026,2026,0 KM,Automatic,Gas,"3,000,000 EGP",,Mercedes,C 200,https://eg.hatla2ee.com/en/new-car/mercedes/c-200/unit/7208693,https://legion-images.hatla2ee.com/listing_image/550fae5b-fcd5-49de-a5eb-3c8d24e13195/medium.jpg,2026-04-30 14:40:29
55,new,Toyota Corolla 2026,2026,0 KM,Automatic,Gas,"1,570,000 EGP",,Toyota,Corolla,https://eg.hatla2ee.com/en/new-car/toyota/corolla/unit/7208678,https://legion-images.hatla2ee.com/listing_image/26baab64-b7a0-475e-9352-0419dd5d61de/medium.jpg,2026-04-30 14:40:32
55,new,Mercedes S580 2026,2026,0 KM,Automatic,Gas,"11,000,000 EGP",,Mercedes,S580,https://eg.hatla2ee.com/en/new-car/mercedes/mercedes-benz-s580/unit/7193066,https://legion-images.hatla2ee.com/listing_image/47ac1cb8-c341-436c-b5f1-341bc200c2b8/medium.jpg,2026-04-30 14:40:32
55,new,Porsche Cayenne S 2027,2027,0 KM,Automatic,Electric,"6,930,000 EGP",,Porsche,Cayenne S,https://eg.hatla2ee.com/en/new-car/porsche/cayenne-s/unit/7208674,https://legion-images.hatla2ee.com/listing_image/a51b700a-5904-464c-8056-0ece66d5a878/medium.jpg,2026-04-30 14:40:32
55,new,Mercedes C 180 2010,2010,0 KM,Automatic,Gas,"980,000 EGP",,Mercedes,C 180,https://eg.hatla2ee.com/en/new-car/mercedes/c-180/unit/7204861,https://legion-images.hatla2ee.com/listing_image/41d1eac8-c241-4507-9c8a-305e1db905da/medium.jpg,2026-04-30 14:40:33
56,new,Cupra Formentor 2026,2026,0 KM,Automatic,Gas,"2,079,000 EGP",,Cupra,Formentor,https://eg.hatla2ee.com/en/new-car/cupra/Formentor/unit/7198632,https://legion-images.hatla2ee.com/listing_image/d9ed7a8b-d5e4-45d4-bcc1-ced89186483b/medium.jpg,2026-04-30 14:40:43
56,new,Baic BJ30 2026,2026,0 KM,Automatic,Hybrid,"1,675,000 EGP",,Baic,BJ30,https://eg.hatla2ee.com/en/new-car/baic/BJ30/unit/43481,https://legion-images.hatla2ee.com/listing_image/02fc03d1-cbac-4997-b0c3-7b1c1c5862b4/medium.jpg,2026-04-30 14:40:44
56,new,Mercedes CLA 200 2026,2026,0 KM,Automatic,Gas,"2,950,000 EGP",,Mercedes,CLA 200,https://eg.hatla2ee.com/en/new-car/mercedes/cla-200/unit/7208743,https://legion-images.hatla2ee.com/listing_image/d351b788-24fb-4e77-9e56-be5edba95f42/medium.jpg,2026-04-30 14:40:45
56,new,Skoda Octavia 2026,2026,0 KM,Automatic,Gas,"2,080,000 EGP",,Skoda,Octavia,https://eg.hatla2ee.com/en/new-car/skoda/octavia/unit/7208741,https://legion-images.hatla2ee.com/listing_image/742ecbeb-52a3-4b9d-8df1-31b9bbe9e1bd/medium.jpg,2026-04-30 14:40:45
56,new,Cadillac Escalade 2026,2026,0 KM,Automatic,Gas,"11,300,000 EGP",,Cadillac,Escalade,https://eg.hatla2ee.com/en/new-car/cadillac/escalade/unit/7192471,https://legion-images.hatla2ee.com/listing_image/44f4001e-fc49-44cb-9397-bfdf5755b575/medium.jpg,2026-04-30 14:40:47
56,new,Toyota Land Cruiser 2026,2026,0 KM,Automatic,Gas,"7,850,000 EGP",,Toyota,Land Cruiser,https://eg.hatla2ee.com/en/new-car/toyota/land-cruiser/unit/7184075,https://legion-images.hatla2ee.com/listing_image/bcc23e6d-b7cf-4166-893b-146b43705fc3/medium.jpg,2026-04-30 14:40:47
56,new,Mercedes G63 2026,2026,0 KM,Automatic,Gas,"13,600,000 EGP",,Mercedes,G63,https://eg.hatla2ee.com/en/new-car/mercedes/mercedes-benz-g63/unit/7194616,https://legion-images.hatla2ee.com/listing_image/a4417d5b-6206-4509-89ee-28248a2e791b/medium.jpg,2026-04-30 14:40:48
56,new,MG GT 2026,2026,0 KM,Automatic,Gas,"1,405,000 EGP",,MG,GT,https://eg.hatla2ee.com/en/new-car/moris-garage/MG-GT/unit/7167827,https://legion-images.hatla2ee.com/listing_image/d296da7f-3f23-4f83-b65f-7442ee7ce3f9/medium.jpg,2026-04-30 14:40:50
57,new,MG GT 2026,2026,0 KM,Automatic,Gas,"1,405,000 EGP",,MG,GT,https://eg.hatla2ee.com/en/new-car/moris-garage/MG-GT/unit/7167827,https://legion-images.hatla2ee.com/listing_image/d296da7f-3f23-4f83-b65f-7442ee7ce3f9/medium.jpg,2026-04-30 14:41:06
57,new,Geely Cool Ray 2026,2026,0 KM,Automatic,Gas,"1,225,000 EGP",,Geely,Cool Ray,https://eg.hatla2ee.com/en/new-car/geely/Coolray/unit/7208673,https://legion-images.hatla2ee.com/listing_image/4fa4c6fc-356d-45c8-bab6-935429013066/medium.jpg,2026-04-30 14:41:10
57,new,Audi A3 2026,2026,0 KM,Automatic,Gas,"2,590,000 EGP",,Audi,A3,https://eg.hatla2ee.com/en/new-car/audi/a3/unit/7193321,https://legion-images.hatla2ee.com/listing_image/4a50150c-1b54-4b46-81df-232124c752f5/medium.jpg,2026-04-30 14:41:11
57,new,MG 5 2026,2026,0 KM,Automatic,Gas,"980,000 EGP",,MG,5,https://eg.hatla2ee.com/en/new-car/moris-garage/mg-5/unit/7145282,https://legion-images.hatla2ee.com/listing_image/bf24968e-efcd-4016-9ca5-c05e07c59b1f/medium.jpg,2026-04-30 14:41:11
57,new,Mercedes CLA 200 2026,2026,0 KM,Automatic,Gas,"3,950,000 EGP",,Mercedes,CLA 200,https://eg.hatla2ee.com/en/new-car/mercedes/cla-200/unit/7208620,https://legion-images.hatla2ee.com/listing_image/44ec4212-e196-4cab-9381-3dbbcbdc7ef2/medium.jpg,2026-04-30 14:41:13
57,new,Avatr 12 2024,2024,0 KM,Automatic,Electric,"2,700,000 EGP",,Avatr,12,https://eg.hatla2ee.com/en/new-car/avatr/avatr-12/unit/7208600,https://legion-images.hatla2ee.com/listing_image/09c9b0ba-f600-47bc-b629-968f175a68c7/medium.jpg,2026-04-30 14:41:16
57,new,Cupra Terramar 2026,2026,0 KM,Automatic,Gas,"2,365,000 EGP",,Cupra,Terramar,https://eg.hatla2ee.com/en/new-car/cupra/Terramar/unit/7208597,https://legion-images.hatla2ee.com/listing_image/92bdea78-8b79-4e9b-9335-a5184045b189/medium.jpg,2026-04-30 14:41:16
58,new,Mercedes Viano 2026,2026,0 KM,Automatic,Gas,"6,800,000 EGP",,Mercedes,Viano,https://eg.hatla2ee.com/en/new-car/mercedes/Viano/unit/7195957,https://legion-images.hatla2ee.com/listing_image/6b013a79-5735-4128-9777-4436c7bcc984/medium.jpg,2026-04-30 14:41:27
58,new,Land Rover Range Rover Evoque 2026,2026,0 KM,Automatic,Gas,"4,500,000 EGP",,Land Rover,Range Rover Evoque,https://eg.hatla2ee.com/en/new-car/land-rover/evoque/unit/7208362,https://legion-images.hatla2ee.com/listing_image/baac9812-ecb9-47fd-bba8-8ed05ab9e75b/medium.jpg,2026-04-30 14:41:28
58,new,Toyota Hilux 2025,2025,0 KM,Automatic,Diesel,"4,200,000 EGP",,Toyota,Hilux,https://eg.hatla2ee.com/en/new-car/toyota/hilux/unit/7200388,https://legion-images.hatla2ee.com/listing_image/39a308e2-bc28-4795-8e5a-b92006ca95ac/medium.jpg,2026-04-30 14:41:29
58,new,Mercedes A 200 2026,2026,0 KM,Automatic,Gas,"2,500,000 EGP",,Mercedes,A 200,https://eg.hatla2ee.com/en/new-car/mercedes/a-200/unit/7208635,https://legion-images.hatla2ee.com/listing_image/86ddee89-cf06-4da6-ae02-994190a3df33/medium.jpg,2026-04-30 14:41:29
58,new,Changan CS75 2026,2026,0 KM,Automatic,Gas,"1,610,000 EGP",,Changan,CS75,https://eg.hatla2ee.com/en/new-car/changan/CS75/unit/7200714,https://legion-images.hatla2ee.com/listing_image/81ec4631-8821-419c-bfcf-2554fcb9bd9c/medium.jpg,2026-04-30 14:41:30
58,new,Chery Arrizo 5 2026,2026,0 KM,Automatic,Gas,"845,000 EGP",,Chery,Arrizo 5,https://eg.hatla2ee.com/en/new-car/chery/Arrizo-5/unit/7167149,https://legion-images.hatla2ee.com/listing_image/ff1850e9-4482-44ed-bada-47487c64938f/medium.jpg,2026-04-30 14:41:30
58,new,GAC Emzoom 2026,2026,0 KM,Automatic,Gas,"1,390,000 EGP",,GAC,Emzoom,https://eg.hatla2ee.com/en/new-car/gac/Emzoom/unit/7208629,https://legion-images.hatla2ee.com/listing_image/cf3844a7-780a-40b2-be20-c401ecbae77b/medium.jpg,2026-04-30 14:41:31
58,new,Kaiyi X7 2026,2026,0 KM,Automatic,Gas,"1,445,000 EGP",,Kaiyi,X7,https://eg.hatla2ee.com/en/new-car/Kaiyi/Kaiyi-X7/unit/7145286,https://legion-images.hatla2ee.com/listing_image/c93ef7dd-87bf-416e-b536-72f8c874efb0/medium.jpg,2026-04-30 14:41:31
58,new,MG ZS 2026,2026,0 KM,Automatic,Gas,"1,275,000 EGP",,MG,ZS,https://eg.hatla2ee.com/en/new-car/moris-garage/zs/unit/7151022,https://legion-images.hatla2ee.com/listing_image/4865d977-e9df-45d7-a0db-eb642c994c81/medium.jpg,2026-04-30 14:41:32
58,new,MG G50 2026,2026,0 KM,Automatic,Gas,"1,400,000 EGP",,MG,G50,https://eg.hatla2ee.com/en/new-car/moris-garage/g50/unit/7168250,https://legion-images.hatla2ee.com/listing_image/a05b5d84-1b85-4676-a8f5-d0c6c28d265c/medium.jpg,2026-04-30 14:41:32
58,new,Forthing S7 2026,2026,0 KM,Automatic,Hybrid,"1,650,000 EGP",,Forthing,S7,https://eg.hatla2ee.com/en/new-car/forthing/Forthing-S7/unit/7189781,https://legion-images.hatla2ee.com/listing_image/d16ff48f-4350-44ff-9895-fb14e3497be6/medium.jpg,2026-04-30 14:41:33
58,new,Nissan Sunny 2026,2026,0 KM,Automatic,Gas,"790,000 EGP",,Nissan,Sunny,https://eg.hatla2ee.com/en/new-car/nissan/sunny/unit/7147216,https://legion-images.hatla2ee.com/listing_image/59811aa1-f9c7-44b4-8481-b371b4bf4fda/medium.jpg,2026-04-30 14:41:33
58,new,Nissan Sunny 2026,2026,0 KM,Automatic,Gas,"820,000 EGP",,Nissan,Sunny,https://eg.hatla2ee.com/en/new-car/nissan/sunny/unit/7147057,https://legion-images.hatla2ee.com/listing_image/7a6c04e2-90a8-4e5c-b6d7-c6ed01afc3b8/medium.jpg,2026-04-30 14:41:33
58,new,MG 7 2026,2026,0 KM,Automatic,Gas,"1,800,000 EGP",,MG,7,https://eg.hatla2ee.com/en/new-car/moris-garage/mg-7/unit/7167744,https://legion-images.hatla2ee.com/listing_image/471d9d0b-ac37-4d64-b4cf-64eeab26b446/medium.jpg,2026-04-30 14:41:34
59,new,MG 7 2026,2026,0 KM,Automatic,Gas,"1,700,000 EGP",,MG,7,https://eg.hatla2ee.com/en/new-car/moris-garage/mg-7/unit/7151029,https://legion-images.hatla2ee.com/listing_image/a8475582-45ae-4108-aa60-45a4ef1324f7/medium.jpg,2026-04-30 14:41:47
59,new,Chery Tiggo 7 2026,2026,0 KM,Automatic,Gas,"1,060,000 EGP",,Chery,Tiggo 7,https://eg.hatla2ee.com/en/new-car/chery/Tiggo-7/unit/7147183,https://legion-images.hatla2ee.com/listing_image/5d8c2fae-4e8e-47c9-a52a-239d325f1c5c/medium.jpg,2026-04-30 14:41:48
59,new,Chery Tiggo 8 2026,2026,0 KM,Automatic,Gas,"1,225,000 EGP",,Chery,Tiggo 8,https://eg.hatla2ee.com/en/new-car/chery/Tiggo-8/unit/7167257,https://legion-images.hatla2ee.com/listing_image/871d08dc-e647-4fe2-988f-23ff4ef07a93/medium.jpg,2026-04-30 14:41:48
59,new,Chery Arrizo 6 2026,2026,0 KM,Automatic,Gas,"1,040,000 EGP",,Chery,Arrizo 6,https://eg.hatla2ee.com/en/new-car/chery/Arrizo-6/unit/7174569,https://legion-images.hatla2ee.com/listing_image/f9a7b14b-e44f-4dab-8351-5cfb83e6b7aa/medium.jpg,2026-04-30 14:41:49
59,new,Chery Arrizo 6 2026,2026,0 KM,Automatic,Diesel,"1,100,000 EGP",,Chery,Arrizo 6,https://eg.hatla2ee.com/en/new-car/chery/Arrizo-6/unit/7174572,https://legion-images.hatla2ee.com/listing_image/70c3d5a2-573e-47fa-ade0-48e979597fa3/medium.jpg,2026-04-30 14:41:49
59,new,MG HS 2026,2026,0 KM,Automatic,Hybrid,"1,710,000 EGP",,MG,HS,https://eg.hatla2ee.com/en/new-car/moris-garage/MG-HS/unit/7168058,https://legion-images.hatla2ee.com/listing_image/a1d06d7f-fbb9-4859-9fc0-a98f151b5f20/medium.jpg,2026-04-30 14:41:50
59,new,Rox 01 2026,2026,0 KM,Automatic,Gas,"4,000,000 EGP",,Rox,01,https://eg.hatla2ee.com/en/new-car/rox/rox-01/unit/7150927,https://legion-images.hatla2ee.com/listing_image/7d08a57c-08de-479d-8434-752596a3c729/medium.jpg,2026-04-30 14:41:50
59,new,Nissan Sentra 2026,2026,0 KM,Automatic,Gas,"1,020,000 EGP",,Nissan,Sentra,https://eg.hatla2ee.com/en/new-car/nissan/sentra/unit/7144762,https://legion-images.hatla2ee.com/listing_image/2b280385-ec9f-455a-8fba-85e9a1137411/medium.jpg,2026-04-30 14:41:50
59,new,MG Rx5 2026,2026,0 KM,Automatic,Gas,"1,590,000 EGP",,MG,Rx5,https://eg.hatla2ee.com/en/new-car/moris-garage/Rx5/unit/7147153,https://legion-images.hatla2ee.com/listing_image/e3a9bf33-a933-4e69-b325-3f81cce8f1de/medium.jpg,2026-04-30 14:41:51
59,new,MG 5 2026,2026,0 KM,Automatic,Gas,"1,080,000 EGP",,MG,5,https://eg.hatla2ee.com/en/new-car/moris-garage/mg-5/unit/7160748,https://legion-images.hatla2ee.com/listing_image/f7fe24ae-611c-49a7-8d68-3c41ceff296f/medium.jpg,2026-04-30 14:41:51
59,new,MG One 2026,2026,0 KM,Automatic,Gas,"1,550,000 EGP",,MG,One,https://eg.hatla2ee.com/en/new-car/moris-garage/MG+One/unit/7147143,https://legion-images.hatla2ee.com/listing_image/0816be3c-3fa7-45cb-9795-6ffa63393585/medium.jpg,2026-04-30 14:41:51
59,new,Mercedes GLC 300 2026,2026,0 KM,Automatic,Gas,"5,900,000 EGP",,Mercedes,GLC 300,https://eg.hatla2ee.com/en/new-car/mercedes/glc-300/unit/43835,https://legion-images.hatla2ee.com/listing_image/c4cb6582-75f1-4097-823e-e5ccad794a8f/medium.jpg,2026-04-30 14:41:52
59,new,Mercedes GLA 2026,2026,0 KM,Automatic,Gas,"3,200,000 EGP",,Mercedes,GLA,https://eg.hatla2ee.com/en/new-car/mercedes/gla/unit/7208619,https://legion-images.hatla2ee.com/listing_image/65941dcc-7ea8-41a1-888c-a0261236b58c/medium.jpg,2026-04-30 14:41:52
59,new,Hyundai Elantra 2026,2026,0 KM,Automatic,Gas,"1,350,000 EGP",,Hyundai,Elantra,https://eg.hatla2ee.com/en/new-car/hyundai/elantra/unit/7204667,https://legion-images.hatla2ee.com/listing_image/d711a3df-70bd-4bf5-9c8b-3120c68fe5c6/medium.jpg,2026-04-30 14:41:52
59,new,Changan CS 55 2026,2026,0 KM,Automatic,Gas,"1,230,000 EGP",,Changan,CS 55,https://eg.hatla2ee.com/en/new-car/changan/CS-55/unit/7203633,https://legion-images.hatla2ee.com/listing_image/d606082f-83c6-4c29-83fa-79dcbe48a1c6/medium.jpg,2026-04-30 14:41:53
59,new,Chery Tiggo 4 Pro 2025,2025,0 KM,Automatic,Gas,"1,050,000 EGP",,Chery,Tiggo 4 Pro,https://eg.hatla2ee.com/en/new-car/chery/Tiggo-4-Pro/unit/7180129,https://legion-images.hatla2ee.com/listing_image/739cde36-43c0-45a1-a0a8-d7b5de6177df/medium.jpg,2026-04-30 14:41:55
59,new,Mercedes C 200 2025,2025,0 KM,Automatic,Gas,"4,100,000 EGP",,Mercedes,C 200,https://eg.hatla2ee.com/en/new-car/mercedes/c-200/unit/7180095,https://legion-images.hatla2ee.com/listing_image/d5076508-6a3a-4b3c-9cc7-bf20bb3dea47/medium.jpg,2026-04-30 14:41:55
60,new,MG 5 2026,2026,0 KM,Automatic,Gas,"1,100,000 EGP",,MG,5,https://eg.hatla2ee.com/en/new-car/moris-garage/mg-5/unit/7203735,https://legion-images.hatla2ee.com/listing_image/9cdf6f92-f2ee-4d7a-9e73-751a164b801d/medium.jpg,2026-04-30 14:42:11
60,new,Mercedes CLA 200 2026,2026,0 KM,Automatic,Gas,"2,900,000 EGP",,Mercedes,CLA 200,https://eg.hatla2ee.com/en/new-car/mercedes/cla-200/unit/7203728,https://legion-images.hatla2ee.com/listing_image/1489b4c5-7d28-41b0-b699-978a3d1c4334/medium.jpg,2026-04-30 14:42:12
60,new,MG HS 2026,2026,0 KM,Automatic,Diesel,"1,575,000 EGP",,MG,HS,https://eg.hatla2ee.com/en/new-car/moris-garage/MG-HS/unit/7186184,https://legion-images.hatla2ee.com/listing_image/9657ca00-b24c-436a-bb21-8caee691f4b4/medium.jpg,2026-04-30 14:42:12
60,new,Mercedes GLC 300 2026,2026,0 KM,Automatic,Gas,"6,200,000 EGP",,Mercedes,GLC 300,https://eg.hatla2ee.com/en/new-car/mercedes/glc-300/unit/7204656,https://legion-images.hatla2ee.com/listing_image/990e3779-9237-427d-b8a5-1fae698b3026/medium.jpg,2026-04-30 14:42:13
60,new,Cupra Leon 2026,2026,0 KM,Automatic,Gas,"1,950,000 EGP",,Cupra,Leon,https://eg.hatla2ee.com/en/new-car/cupra/leon-cupra/unit/7204670,https://legion-images.hatla2ee.com/listing_image/492e08c2-46aa-497a-99b5-121a13655f4e/medium.jpg,2026-04-30 14:42:13
60,new,Nissan N7 2025,2025,0 KM,Automatic,Electric,"1,550,000 EGP",,Nissan,N7,https://eg.hatla2ee.com/en/new-car/nissan/n7/unit/7208615,https://legion-images.hatla2ee.com/listing_image/3fac424d-96e3-407a-9497-72db8dc5bbca/medium.jpg,2026-04-30 14:42:14
60,new,Chery Tiggo 7 pro max 2026,2026,0 KM,Automatic,Gas,"1,430,000 EGP",,Chery,Tiggo 7 pro max,https://eg.hatla2ee.com/en/new-car/chery/Tiggo-7-pro-max/unit/7201228,https://legion-images.hatla2ee.com/listing_image/80f657b3-1df3-4d1b-9439-8a2a86a387af/medium.jpg,2026-04-30 14:42:14
60,new,Chery Arrizo 6 2026,2026,0 KM,Automatic,Gas,"1,015,000 EGP",,Chery,Arrizo 6,https://eg.hatla2ee.com/en/new-car/chery/Arrizo-6/unit/7202219,https://legion-images.hatla2ee.com/listing_image/6997eaca-8a81-43e0-8adb-ea7d26187915/medium.jpg,2026-04-30 14:42:14
60,new,Chery Tiggo 4 Pro 2026,2026,0 KM,Automatic,Gas,"965,000 EGP",,Chery,Tiggo 4 Pro,https://eg.hatla2ee.com/en/new-car/chery/Tiggo-4-Pro/unit/7194773,https://legion-images.hatla2ee.com/listing_image/74d07a02-4aa2-4853-aeeb-1433865f0bbf/medium.jpg,2026-04-30 14:42:15
60,new,Changan CS 55 2026,2026,0 KM,Automatic,Gas,"1,260,000 EGP",,Changan,CS 55,https://eg.hatla2ee.com/en/new-car/changan/CS-55/unit/7200027,https://legion-images.hatla2ee.com/listing_image/e6ae4919-bb14-45d3-ad6d-0ac5e26ade36/medium.jpg,2026-04-30 14:42:15
60,new,Chery Tiggo 7 2026,2026,0 KM,Automatic,Gas,"1,025,000 EGP",,Chery,Tiggo 7,https://eg.hatla2ee.com/en/new-car/chery/Tiggo-7/unit/7202206,https://legion-images.hatla2ee.com/listing_image/f04803a3-cbd6-48bb-bf98-6df7b9e8b7a6/medium.jpg,2026-04-30 14:42:16
60,new,Chery Arrizo 5 2026,2026,0 KM,Automatic,Gas,"840,000 EGP",,Chery,Arrizo 5,https://eg.hatla2ee.com/en/new-car/chery/Arrizo-5/unit/7200498,https://legion-images.hatla2ee.com/listing_image/e6f8c599-a67b-4590-98a2-bf4b28ea4da8/medium.jpg,2026-04-30 14:42:16
60,new,Hyundai Elantra 2026,2026,0 KM,Automatic,Gas,"1,275,000 EGP",,Hyundai,Elantra,https://eg.hatla2ee.com/en/new-car/hyundai/elantra/unit/7201002,https://legion-images.hatla2ee.com/listing_image/5caa56b8-ab41-4713-b4ea-e9763bb2bcea/medium.jpg,2026-04-30 14:42:16
60,new,BMW 520 2026,2026,0 KM,Automatic,Gas,"4,800,000 EGP",,BMW,520,https://eg.hatla2ee.com/en/new-car/bmw/520/unit/7208610,https://legion-images.hatla2ee.com/listing_image/61f83320-c0ab-4406-92fe-3cce1fbf7420/medium.jpg,2026-04-30 14:42:16
61,new,Changan CS 55 2026,2026,0 KM,Automatic,Gas,"1,285,000 EGP",,Changan,CS 55,https://eg.hatla2ee.com/en/new-car/changan/CS-55/unit/7208589,https://legion-images.hatla2ee.com/listing_image/5818f866-ec21-414f-8439-cada0fc919e1/medium.jpg,2026-04-30 14:42:33
61,new,Changan CS75 2026,2026,0 KM,Automatic,Gas,"1,610,000 EGP",,Changan,CS75,https://eg.hatla2ee.com/en/new-car/changan/CS75/unit/7208588,https://legion-images.hatla2ee.com/listing_image/f0cf22e1-dc30-4be0-9aa7-08e839e91ce5/medium.jpg,2026-04-30 14:42:34
61,new,Mercedes E 200 2026,2026,0 KM,Automatic,Gas,"6,250,000 EGP",,Mercedes,E 200,https://eg.hatla2ee.com/en/new-car/mercedes/e-200/unit/7202737,https://legion-images.hatla2ee.com/listing_image/fcd63dd5-c82f-48d4-b0b3-9ef4dc9e6040/medium.jpg,2026-04-30 14:42:35
61,new,Mercedes E 200 2026,2026,0 KM,Automatic,Gas,"5,800,000 EGP",,Mercedes,E 200,https://eg.hatla2ee.com/en/new-car/mercedes/e-200/unit/7208562,https://legion-images.hatla2ee.com/listing_image/2d0c1d1e-d177-4d41-b3a3-5ce0d5a57c14/medium.jpg,2026-04-30 14:42:35
61,new,Xiaomi Yu7 2025,2025,0 KM,Automatic,Electric,"3,800,000 EGP",,Xiaomi,Yu7,https://eg.hatla2ee.com/en/new-car/xiaomi/xiaomi-yu7/unit/7206670,https://legion-images.hatla2ee.com/listing_image/bbf8311f-d8ef-4be1-a7a6-318ec2716689/medium.jpg,2026-04-30 14:42:36
61,new,Land Rover Velar 2024,2024,0 KM,Automatic,Gas,"5,300,000 EGP",,Land Rover,Velar,https://eg.hatla2ee.com/en/new-car/land-rover/Velar/unit/40844,https://legion-images.hatla2ee.com/listing_image/83207acc-e555-44ef-a8f0-41201320220b/medium.jpg,2026-04-30 14:42:37
61,new,Mercedes CLA 200 2026,2026,0 KM,Automatic,Gas,"4,050,000 EGP",,Mercedes,CLA 200,https://eg.hatla2ee.com/en/new-car/mercedes/cla-200/unit/7198449,https://legion-images.hatla2ee.com/listing_image/b3a5257c-4b76-4b55-b43e-de54263fd2c3/medium.jpg,2026-04-30 14:42:37
62,new,Mercedes CLA 200 2026,2026,0 KM,Automatic,Gas,"4,050,000 EGP",,Mercedes,CLA 200,https://eg.hatla2ee.com/en/new-car/mercedes/cla-200/unit/7198449,https://legion-images.hatla2ee.com/listing_image/b3a5257c-4b76-4b55-b43e-de54263fd2c3/medium.jpg,2026-04-30 14:42:52
62,new,Mercedes GLC 43 2026,2026,0 KM,Automatic,Gas,"7,400,000 EGP",,Mercedes,GLC 43,https://eg.hatla2ee.com/en/new-car/mercedes/mercedes-benz-glc-43/unit/7202482,https://legion-images.hatla2ee.com/listing_image/5405e7d9-25ae-4270-abb5-88c3941ba4c1/medium.jpg,2026-04-30 14:42:52
62,new,Mercedes E 200 2026,2026,0 KM,Automatic,Gas,"5,850,000 EGP",,Mercedes,E 200,https://eg.hatla2ee.com/en/new-car/mercedes/e-200/unit/7206667,https://legion-images.hatla2ee.com/listing_image/987aeafe-86c0-4195-beba-b0e76de94076/medium.jpg,2026-04-30 14:42:53
62,new,Mercedes A 35 AMG 2026,2026,0 KM,Automatic,Gas,"4,650,000 EGP",,Mercedes,A 35 AMG,https://eg.hatla2ee.com/en/new-car/mercedes/A-35-AMG/unit/7175697,https://legion-images.hatla2ee.com/listing_image/690aa87f-abfa-440c-9440-5e18baccb00a/medium.jpg,2026-04-30 14:42:53
62,new,Mercedes C 180 2026,2026,0 KM,Automatic,Gas,"4,100,000 EGP",,Mercedes,C 180,https://eg.hatla2ee.com/en/new-car/mercedes/c-180/unit/7199134,https://legion-images.hatla2ee.com/listing_image/f43319cf-0afb-43d0-a627-a17e2a8c2cc9/medium.jpg,2026-04-30 14:42:54
62,new,Soueast S 07 2027,2027,0 KM,Automatic,Gas,"1,600,000 EGP",,Soueast,S 07,https://eg.hatla2ee.com/en/new-car/soueast/S+07/unit/7204264,https://legion-images.hatla2ee.com/listing_image/3a9e7b55-1c11-43fb-a1d8-b94dc50144e8/medium.jpg,2026-04-30 14:42:54
62,new,Peugeot 2008 2026,2026,0 KM,Automatic,Gas,"1,710,000 EGP",,Peugeot,2008,https://eg.hatla2ee.com/en/new-car/peugeot/2008/unit/7204245,https://legion-images.hatla2ee.com/listing_image/26589854-df7a-41e1-8168-c4e317875fb9/medium.jpg,2026-04-30 14:42:55
62,new,Peugeot 3008 2026,2026,0 KM,Automatic,Gas,"2,500,000 EGP",,Peugeot,3008,https://eg.hatla2ee.com/en/new-car/peugeot/3008/unit/7204238,https://legion-images.hatla2ee.com/listing_image/ebbf528f-7c5b-4bab-abab-895d8f20dc08/medium.jpg,2026-04-30 14:42:55
62,new,MG ZS 2026,2026,0 KM,Automatic,Gas,"1,265,000 EGP",,MG,ZS,https://eg.hatla2ee.com/en/new-car/moris-garage/zs/unit/7204275,https://legion-images.hatla2ee.com/listing_image/cedb6a2c-9ec1-4ccb-82f1-74c7c42823d3/medium.jpg,2026-04-30 14:42:55
62,new,Smart 3 2025,2025,0 KM,Automatic,Electric,"2,200,000 EGP",,Smart,3,https://eg.hatla2ee.com/en/new-car/smart/smart-3/unit/42830,https://legion-images.hatla2ee.com/listing_image/1659924f-b504-4565-945a-d9d503835b57/medium.jpg,2026-04-30 14:42:56
62,new,Mercedes C 180 2024,2024,0 KM,Automatic,Gas,"2,900,000 EGP",,Mercedes,C 180,https://eg.hatla2ee.com/en/new-car/mercedes/c-180/unit/7208357,https://legion-images.hatla2ee.com/listing_image/81044ec9-a026-4efd-aea7-34a1ae1db109/medium.jpg,2026-04-30 14:42:57
62,new,Mercedes GLS 2026,2026,0 KM,Automatic,Gas,"10,450,000 EGP",,Mercedes,GLS,https://eg.hatla2ee.com/en/new-car/mercedes/GLS/unit/7204583,https://legion-images.hatla2ee.com/listing_image/93b75142-26db-432b-b5e8-89c5485fc81e/medium.jpg,2026-04-30 14:43:02
63,new,Mercedes E 300 2026,2026,0 KM,Automatic,Plug-in Hybrid,"6,000,000 EGP",,Mercedes E 300,Imported,https://eg.hatla2ee.com/en/new-car/imported/mercedes/e-300/7208434,https://legion-images.hatla2ee.com/listing_image/df8ed25b-9ce5-4d02-a957-f1886fc9580f/medium.jpg,2026-04-30 14:43:11
63,new,Mercedes CLA 200 2026,2026,0 KM,Automatic,Gas,"3,450,000 EGP",,Mercedes,CLA 200,https://eg.hatla2ee.com/en/new-car/mercedes/cla-200/unit/40357,https://legion-images.hatla2ee.com/listing_image/85c125cd-c941-4fb4-b136-3b9feccbb2b8/medium.jpg,2026-04-30 14:43:13
63,new,Mercedes A 200 2023,2023,0 KM,Automatic,Gas,"2,525,000 EGP",,Mercedes,A 200,https://eg.hatla2ee.com/en/new-car/mercedes/a-200/unit/43021,https://legion-images.hatla2ee.com/listing_image/b9aa5ca3-cd76-489c-adce-fbf68d92389e/medium.jpg,2026-04-30 14:43:13
63,new,Mercedes E 200 2025,2025,0 KM,Automatic,Gas,"5,400,000 EGP",,Mercedes,E 200,https://eg.hatla2ee.com/en/new-car/mercedes/e-200/unit/7196494,https://legion-images.hatla2ee.com/listing_image/6a4eabab-d319-4ffb-8414-ab36618e40fb/medium.jpg,2026-04-30 14:43:13
64,new,Mercedes CLA 200 2026,2026,0 KM,Automatic,Gas,"3,000,000 EGP",,Mercedes,CLA 200,https://eg.hatla2ee.com/en/new-car/mercedes/cla-200/unit/7197501,https://legion-images.hatla2ee.com/listing_image/00ffa630-7f33-4d30-9ec8-8e8ae83ed895/medium.jpg,2026-04-30 14:43:27
64,new,Mercedes GLA 200 2026,2026,0 KM,Automatic,Gas,"3,600,000 EGP",,Mercedes,GLA 200,https://eg.hatla2ee.com/en/new-car/mercedes/GLA-200/unit/7165096,https://legion-images.hatla2ee.com/listing_image/9914751b-7fce-403d-bb27-ffba44a1fcf3/medium.jpg,2026-04-30 14:43:28
64,new,Mercedes GLC 43 2026,2026,0 KM,Automatic,Gas,"7,500,000 EGP",,Mercedes,GLC 43,https://eg.hatla2ee.com/en/new-car/mercedes/mercedes-benz-glc-43/unit/7199722,https://legion-images.hatla2ee.com/listing_image/04c5aefa-f078-4464-a893-1fff90c23692/medium.jpg,2026-04-30 14:43:29
64,new,Skoda Superb 2026,2026,0 KM,Automatic,Gas,"3,000,000 EGP",,Skoda,Superb,https://eg.hatla2ee.com/en/new-car/skoda/superb/unit/7205465,https://legion-images.hatla2ee.com/listing_image/390287a3-7432-4c1c-89f9-d159fd9e8775/medium.jpg,2026-04-30 14:43:30
64,new,Nissan Juke 2026,2026,0 KM,Automatic,Gas,"1,100,000 EGP",,Nissan,Juke,https://eg.hatla2ee.com/en/new-car/nissan/juke/unit/42517,https://legion-images.hatla2ee.com/listing_image/6126cd30-2412-4f70-b168-27ad19ed17c6/medium.jpg,2026-04-30 14:43:33
64,new,Land Rover Range Rover Evoque 2026,2026,0 KM,Automatic,Gas,"4,475,000 EGP",,Land Rover,Range Rover Evoque,https://eg.hatla2ee.com/en/new-car/land-rover/evoque/unit/7208335,https://legion-images.hatla2ee.com/listing_image/32ce34a3-e9f2-4ad4-bf3b-78af7b355f4e/medium.jpg,2026-04-30 14:43:36
64,new,Changan CS 55 2026,2026,0 KM,Automatic,Gas,"1,230,000 EGP",,Changan,CS 55,https://eg.hatla2ee.com/en/new-car/changan/CS-55/unit/7208294,https://legion-images.hatla2ee.com/listing_image/ec93b21a-b6e0-42b5-9e7a-724fd00cdd6b/medium.jpg,2026-04-30 14:43:40
65,new,Nissan Juke 2026,2026,0 KM,Automatic,Gas,"1,100,000 EGP",,Nissan,Juke,https://eg.hatla2ee.com/en/new-car/nissan/juke/unit/42517,https://legion-images.hatla2ee.com/listing_image/6126cd30-2412-4f70-b168-27ad19ed17c6/medium.jpg,2026-04-30 14:43:52
65,new,Mercedes C 180 2026,2026,0 KM,Automatic,Gas,"4,000,000 EGP",,Mercedes,C 180,https://eg.hatla2ee.com/en/new-car/mercedes/c-180/unit/7202297,https://legion-images.hatla2ee.com/listing_image/f691608b-878f-4f4f-b8b7-6a153a57a5fd/medium.jpg,2026-04-30 14:43:54
65,new,Land Rover Range Rover Evoque 2026,2026,0 KM,Automatic,Gas,"4,400,000 EGP",,Land Rover,Range Rover Evoque,https://eg.hatla2ee.com/en/new-car/land-rover/evoque/unit/7198771,https://legion-images.hatla2ee.com/listing_image/b08ffab7-194a-4c60-aa1e-0481f144c9d5/medium.jpg,2026-04-30 14:43:54
65,new,Volkswagen ID7 2024,2024,0 KM,Automatic,Electric,"1,975,000 EGP",,Volkswagen,ID7,https://eg.hatla2ee.com/en/new-car/volks-wagen/volkswagen-id7/unit/7190296,https://legion-images.hatla2ee.com/listing_image/4ccf7dc6-89c1-4f09-9e9d-ef3f50571005/medium.jpg,2026-04-30 14:43:56
65,new,Mercedes CLA 200 2024,2024,0 KM,Automatic,Gas,"3,200,000 EGP",,Mercedes,CLA 200,https://eg.hatla2ee.com/en/new-car/mercedes/cla-200/unit/7190293,https://legion-images.hatla2ee.com/listing_image/754e977c-f771-49b3-80fe-1979ba1da538/medium.jpg,2026-04-30 14:43:56
65,new,Mercedes GLE 450 2026,2026,0 KM,Automatic,Gas,"7,200,000 EGP",,Mercedes,GLE 450,https://eg.hatla2ee.com/en/new-car/mercedes/Mercedes_GLE+450/unit/7192518,https://legion-images.hatla2ee.com/listing_image/28346f3f-9448-4c79-ad6b-4f2a4f377679/medium.jpg,2026-04-30 14:43:56
65,new,Mercedes GLS 2026,2026,0 KM,Automatic,Gas,"9,900,000 EGP",,Mercedes,GLS,https://eg.hatla2ee.com/en/new-car/mercedes/GLS/unit/7192519,https://legion-images.hatla2ee.com/listing_image/97cb2143-971e-42ef-9903-b65b2cf1fce7/medium.jpg,2026-04-30 14:43:57
65,new,BMW I3 2026,2026,0 KM,Automatic,Electric,"2,700,000 EGP",,BMW,I3,https://eg.hatla2ee.com/en/new-car/bmw/i3/unit/7173657,https://legion-images.hatla2ee.com/listing_image/5ff2cdb0-6720-4653-b5b8-4d6b7e694999/medium.jpg,2026-04-30 14:44:00
65,new,Dongfeng E Pai 007 2025,2025,0 KM,Automatic,Electric,"1,550,000 EGP",,Dongfeng,E Pai 007,https://eg.hatla2ee.com/en/new-car/dfm/E+Pai+007/unit/7208266,https://legion-images.hatla2ee.com/listing_image/1379a27e-dbd7-449c-be99-da7a8a9a2eb5/medium.jpg,2026-04-30 14:44:02
65,new,Nissan N7 2025,2025,0 KM,Automatic,Electric,"1,650,000 EGP",,Nissan,N7,https://eg.hatla2ee.com/en/new-car/nissan/n7/unit/7208257,https://legion-images.hatla2ee.com/listing_image/6266c8d0-cf3e-4cca-9789-fe5a4cec2982/medium.jpg,2026-04-30 14:44:04
66,new,Nissan Sunny 2026,2026,0 KM,Automatic,Gas,"735,000 EGP",,Nissan,Sunny,https://eg.hatla2ee.com/en/new-car/nissan/sunny/unit/7173266,https://legion-images.hatla2ee.com/listing_image/c9850257-3478-4621-9d2c-2fc17f496312/medium.jpg,2026-04-30 14:44:15
66,new,MG HS 2024,2024,0 KM,Automatic,Gas,"1,330,000 EGP",,MG,HS,https://eg.hatla2ee.com/en/new-car/moris-garage/MG-HS/unit/7208265,https://legion-images.hatla2ee.com/listing_image/d621d1a1-cf06-4092-8640-baaadcce530e/medium.jpg,2026-04-30 14:44:16
66,new,Chery Arrizo 6 2026,2026,0 KM,Automatic,Gas,"1,100,000 EGP",,Chery,Arrizo 6,https://eg.hatla2ee.com/en/new-car/chery/Arrizo-6/unit/7186879,https://legion-images.hatla2ee.com/listing_image/5a655e59-c842-4fdd-aeda-b40ceddaee2f/medium.jpg,2026-04-30 14:44:16
66,new,Chevrolet Optra 2026,2026,0 KM,Automatic,Gas,"805,000 EGP",,Chevrolet,Optra,https://eg.hatla2ee.com/en/new-car/chevrolet/optra/unit/41096,https://legion-images.hatla2ee.com/listing_image/4ae474e8-d914-4a00-a1b8-9003889ca9d3/medium.jpg,2026-04-30 14:44:17
66,new,Hyundai Elantra 2026,2026,0 KM,Automatic,Gas,"1,100,000 EGP",,Hyundai,Elantra,https://eg.hatla2ee.com/en/new-car/hyundai/elantra/unit/41239,https://legion-images.hatla2ee.com/listing_image/a1c2e202-b0c3-4026-810e-314cf6949416/medium.jpg,2026-04-30 14:44:17
66,new,Hyundai Elantra 2026,2026,0 KM,Automatic,Gas,"1,275,000 EGP",,Hyundai,Elantra,https://eg.hatla2ee.com/en/new-car/hyundai/elantra/unit/40290,https://legion-images.hatla2ee.com/listing_image/93087907-fb79-4015-b3b7-cf6108b4b7c8/medium.jpg,2026-04-30 14:44:17
66,new,Proton Saga 2026,2026,0 KM,Automatic,Gas,"660,000 EGP",,Proton,Saga,https://eg.hatla2ee.com/en/new-car/proton/saga/unit/7188730,https://legion-images.hatla2ee.com/listing_image/7e09a421-28e0-42d7-bc89-45e0b5553131/medium.jpg,2026-04-30 14:44:18
66,new,Forthing T5 2026,2026,0 KM,Automatic,Gas,"1,250,000 EGP",,Forthing,T5,https://eg.hatla2ee.com/en/new-car/forthing/T5/unit/7198305,https://legion-images.hatla2ee.com/listing_image/c5379bf7-4587-4613-a237-0acd0c84f550/medium.jpg,2026-04-30 14:44:18
66,new,Chery Arrizo 6 2026,2026,0 KM,Automatic,Gas,"1,075,000 EGP",,Chery,Arrizo 6,https://eg.hatla2ee.com/en/new-car/chery/Arrizo-6/unit/7207217,https://legion-images.hatla2ee.com/listing_image/20f00607-1ed3-4b62-891a-2b6d1f5a9d8b/medium.jpg,2026-04-30 14:44:18
66,new,Mercedes C 200 2025,2025,0 KM,Automatic,Gas,"3,300,000 EGP",,Mercedes,C 200,https://eg.hatla2ee.com/en/new-car/mercedes/c-200/unit/7179841,https://legion-images.hatla2ee.com/listing_image/c17ee4b3-a49c-4d1f-8a77-512fb7148e38/medium.jpg,2026-04-30 14:44:19
66,new,Seat Ibiza 2026,2026,0 KM,Automatic,Gas,"1,400,000 EGP",,Seat,Ibiza,https://eg.hatla2ee.com/en/new-car/seat/ibiza/unit/7203613,https://legion-images.hatla2ee.com/listing_image/4157a3d4-7640-4321-8148-099c6a99af47/medium.jpg,2026-04-30 14:44:24
67,new,Mercedes C 200 2025,2025,0 KM,Automatic,Gas,"3,300,000 EGP",,Mercedes,C 200,https://eg.hatla2ee.com/en/new-car/mercedes/c-200/unit/7179841,https://legion-images.hatla2ee.com/listing_image/c17ee4b3-a49c-4d1f-8a77-512fb7148e38/medium.jpg,2026-04-30 14:44:33
67,new,Toyota Fortuner 2026,2026,0 KM,Automatic,Gas,"3,900,000 EGP",,Toyota,Fortuner,https://eg.hatla2ee.com/en/new-car/toyota/fortuner/unit/41246,https://legion-images.hatla2ee.com/listing_image/7e7a7b6b-59d8-4934-a390-2483d766bc73/medium.jpg,2026-04-30 14:44:34
67,new,MG ZS 2025,2025,0 KM,Automatic,Gas,"1,295,000 EGP",,MG,ZS,https://eg.hatla2ee.com/en/new-car/moris-garage/zs/unit/40919,https://legion-images.hatla2ee.com/listing_image/f3085279-6efe-4aed-a16b-46b32fe2468a/medium.jpg,2026-04-30 14:44:35
67,new,MG 5 2026,2026,0 KM,Automatic,Gas,"995,000 EGP",,MG,5,https://eg.hatla2ee.com/en/new-car/moris-garage/mg-5/unit/41675,https://legion-images.hatla2ee.com/listing_image/ef088ab3-b872-4b15-9cfd-351b1175a6d7/medium.jpg,2026-04-30 14:44:36
67,new,Hyundai I30 2026,2026,0 KM,Automatic,Gas,"1,350,000 EGP",,Hyundai,I30,https://eg.hatla2ee.com/en/new-car/hyundai/i30/unit/7174669,https://legion-images.hatla2ee.com/listing_image/61d97703-4ab5-4e43-b298-51a164f674d2/medium.jpg,2026-04-30 14:44:36
67,new,Volkswagen Tiguan 2026,2026,0 KM,Automatic,Gas,"2,650,000 EGP",,Volkswagen,Tiguan,https://eg.hatla2ee.com/en/new-car/volks-wagen/tiguan/unit/42851,https://legion-images.hatla2ee.com/listing_image/75e508bb-f8bd-4829-a75c-cd37877deffa/medium.jpg,2026-04-30 14:44:37
67,new,Toyota Urban Cruiser 2026,2026,0 KM,Automatic,Gas,"1,530,000 EGP",,Toyota,Urban Cruiser,https://eg.hatla2ee.com/en/new-car/toyota/Urban-Cruiser/unit/7179807,https://legion-images.hatla2ee.com/listing_image/7c9201ad-45ba-4b0c-969e-b067edf3c2d0/medium.jpg,2026-04-30 14:44:37
67,new,Audi Q3 2026,2026,0 KM,Automatic,Gas,"3,450,000 EGP",,Audi,Q3,https://eg.hatla2ee.com/en/new-car/audi/q3/unit/7208235,https://legion-images.hatla2ee.com/listing_image/6aa18b75-2c27-4db2-bdbf-5f51e7706354/medium.jpg,2026-04-30 14:44:38
67,new,BMW X5 2025,2025,0 KM,Automatic,Gas,"8,200,000 EGP",,BMW,X5,https://eg.hatla2ee.com/en/new-car/bmw/x5/unit/7150695,https://legion-images.hatla2ee.com/listing_image/fbcea796-92c6-4a7c-b279-9d31bcdb14f8/medium.jpg,2026-04-30 14:44:40
67,new,Dongfeng Other 2025,2025,0 KM,Automatic,Hybrid,"1,520,000 EGP",,Dongfeng,Other,https://eg.hatla2ee.com/en/new-car/dfm/other-dongfeng/unit/7202017,https://legion-images.hatla2ee.com/listing_image/cebe8547-ae82-4aed-9018-db01c43cea52/medium.jpg,2026-04-30 14:44:41
67,new,Toyota Urban Cruiser 2026,2026,0 KM,Automatic,Gas,"1,530,000 EGP",,Toyota,Urban Cruiser,https://eg.hatla2ee.com/en/new-car/toyota/Urban-Cruiser/unit/7208180,https://legion-images.hatla2ee.com/listing_image/0509e989-a67e-4f81-9320-2c3a3c281e55/medium.jpg,2026-04-30 14:44:43
67,new,BMW M4 2025,2025,0 KM,Automatic,Gas,"11,700,000 EGP",,BMW,M4,https://eg.hatla2ee.com/en/new-car/bmw/M4/unit/7208140,https://legion-images.hatla2ee.com/listing_image/2337a275-c6a0-4178-8689-4332acb31951/medium.jpg,2026-04-30 14:44:47
68,new,Mercedes GLC 200 2026,2026,0 KM,Automatic,Gas,"4,750,000 EGP",,Mercedes,GLC 200,https://eg.hatla2ee.com/en/new-car/mercedes/GLC-200/unit/7208192,https://legion-images.hatla2ee.com/listing_image/3d996a65-0aed-423e-a2a4-f379dbaa04fa/medium.jpg,2026-04-30 14:44:56
68,new,Byd Leopard 5 2025,2025,0 KM,Automatic,Hybrid,"3,150,000 EGP",,Byd,Leopard 5,https://eg.hatla2ee.com/en/new-car/byd/Byd_Leopard+5/unit/7155364,https://legion-images.hatla2ee.com/listing_image/0e4b09e3-f6f8-41bc-b217-bbfd9c534eb4/medium.jpg,2026-04-30 14:44:57
68,new,Byd Leopard 7 2025,2025,0 KM,Automatic,Electric,"2,950,000 EGP",,Byd,Leopard 7,https://eg.hatla2ee.com/en/new-car/byd/leopard-7/unit/7200665,https://legion-images.hatla2ee.com/listing_image/9c72b752-deab-4ee3-b9a8-4c4f3429ae1f/medium.jpg,2026-04-30 14:44:57
68,new,Nissan N7 2025,2025,0 KM,Automatic,Electric,"1,549,999 EGP",,Nissan,N7,https://eg.hatla2ee.com/en/new-car/nissan/n7/unit/7179495,https://legion-images.hatla2ee.com/listing_image/01ede629-bfbd-441a-8e0c-7cc6ed18960f/medium.jpg,2026-04-30 14:44:58
68,new,Mercedes C 180 2026,2026,0 KM,Automatic,Gas,"3,950,000 EGP",,Mercedes,C 180,https://eg.hatla2ee.com/en/new-car/mercedes/c-180/unit/7208185,https://legion-images.hatla2ee.com/listing_image/092a85d9-fa2a-4e42-b669-345bd28467f1/medium.jpg,2026-04-30 14:44:59
68,new,Audi Q8 2025,2025,0 KM,Automatic,Gas,"6,850,000 EGP",,Audi,Q8,https://eg.hatla2ee.com/en/new-car/audi/q8/unit/7195980,https://legion-images.hatla2ee.com/listing_image/49c878ce-6d96-40d3-bb1c-f3d1274bcf7f/medium.jpg,2026-04-30 14:45:00
68,new,Mercedes E 200 2026,2026,0 KM,Automatic,Gas,"6,000,000 EGP",,Mercedes,E 200,https://eg.hatla2ee.com/en/new-car/mercedes/e-200/unit/7199712,https://legion-images.hatla2ee.com/listing_image/5f247104-5daa-43b9-8982-11101d51294d/medium.jpg,2026-04-30 14:45:01
68,new,Mercedes C 180 2025,2025,0 KM,Automatic,Diesel,"3,600,000 EGP",,Mercedes,C 180,https://eg.hatla2ee.com/en/new-car/mercedes/c-180/unit/7208122,https://legion-images.hatla2ee.com/listing_image/9a65bb30-b4cd-4fcc-87ef-60e9011491b7/medium.jpg,2026-04-30 14:45:04
68,new,Jetour X70S 2026,2026,0 KM,Automatic,Gas,"1,400,000 EGP",,Jetour,X70S,https://eg.hatla2ee.com/en/new-car/jetour/X70S/unit/7208104,https://legion-images.hatla2ee.com/listing_image/85fc4ae0-7acf-444c-b111-55e004c412e8/medium.jpg,2026-04-30 14:45:07
69,new,Mercedes E 200 2026,2026,0 KM,Automatic,Gas,"6,000,000 EGP",,Mercedes,E 200,https://eg.hatla2ee.com/en/new-car/mercedes/e-200/unit/7199712,https://legion-images.hatla2ee.com/listing_image/5f247104-5daa-43b9-8982-11101d51294d/medium.jpg,2026-04-30 14:45:13
69,new,Mercedes E 300 2025,2025,0 KM,Automatic,Hybrid,"5,700,000 EGP",,Mercedes,E 300,https://eg.hatla2ee.com/en/new-car/mercedes/e-300/unit/7196007,https://legion-images.hatla2ee.com/listing_image/c9ccb3fc-053d-445c-be77-15ad17044f08/medium.jpg,2026-04-30 14:45:17
69,new,BMW 318 2026,2026,0 KM,Automatic,Gas,"3,000,000 EGP",,BMW,318,https://eg.hatla2ee.com/en/new-car/bmw/318/unit/7192352,https://legion-images.hatla2ee.com/listing_image/c9d2924b-fd1b-494f-bf48-7c1860005f7a/medium.jpg,2026-04-30 14:45:18
69,new,Cadillac Vistiq 2026,2026,0 KM,Automatic,Electric,"4,980,000 EGP",,Cadillac,Vistiq,https://eg.hatla2ee.com/en/new-car/cadillac/vistiq/unit/7192345,https://legion-images.hatla2ee.com/listing_image/26def608-268e-4b71-bd39-fbb79ede928d/medium.jpg,2026-04-30 14:45:18
69,new,Skoda Octavia 2026,2026,0 KM,Automatic,Gas,"1,875,000 EGP",,Skoda,Octavia,https://eg.hatla2ee.com/en/new-car/skoda/octavia/unit/7208138,https://legion-images.hatla2ee.com/listing_image/57dc4a1a-6e42-476e-9806-565c0c77c4ff/medium.jpg,2026-04-30 14:45:20
69,new,Mercedes GLC 2024,2024,0 KM,Automatic,Gas,"5,250,000 EGP",,Mercedes,GLC,https://eg.hatla2ee.com/en/new-car/mercedes/GLC/unit/7207304,https://legion-images.hatla2ee.com/listing_image/7bcbf757-7969-4087-9dd1-8032de89df62/medium.jpg,2026-04-30 14:45:21
69,new,Kia Carnival 2025,2025,0 KM,Automatic,Hybrid,"2,425,000 EGP",,Kia,Carnival,https://eg.hatla2ee.com/en/new-car/kia/carnival/unit/7208068,https://legion-images.hatla2ee.com/listing_image/1dd84622-6d58-4613-896c-e1643497c64e/medium.jpg,2026-04-30 14:45:26
69,new,Mercedes C 180 2026,2026,0 KM,Automatic,Gas,"3,450,000 EGP",,Mercedes,C 180,https://eg.hatla2ee.com/en/new-car/mercedes/c-180/unit/7195403,https://legion-images.hatla2ee.com/listing_image/c6556835-59b5-4956-8a83-235b63abd4bb/medium.jpg,2026-04-30 14:45:27
70,new,Skoda Kodiaq 2025,2025,0 KM,Automatic,Gas,"2,830,000 EGP",,Skoda,Kodiaq,https://eg.hatla2ee.com/en/new-car/skoda/kodiaq/unit/7197580,https://legion-images.hatla2ee.com/listing_image/eb178f28-7cc3-4517-97a0-5f2dcec24c18/medium.jpg,2026-04-30 14:45:36
70,new,Nissan Sunny 2027,2027,0 KM,Automatic,Gas,"765,000 EGP",,Nissan,Sunny,https://eg.hatla2ee.com/en/new-car/nissan/sunny/unit/7206176,https://legion-images.hatla2ee.com/listing_image/fb642d6b-2525-4cf2-af6d-100dda6855be/medium.jpg,2026-04-30 14:45:37
70,new,Fiat 500 X 2026,2026,0 KM,Automatic,Gas,"1,110,000 EGP",,Fiat,500 X,https://eg.hatla2ee.com/en/new-car/fiat/500X/unit/7206174,https://legion-images.hatla2ee.com/listing_image/9a6aac1d-18f9-457a-8999-435aadf794b0/medium.jpg,2026-04-30 14:45:37
70,new,Honda ZRV 2026,2026,0 KM,Automatic,Gas,"2,100,000 EGP",,Honda,ZRV,https://eg.hatla2ee.com/en/new-car/honda/ZRV/unit/7208129,https://legion-images.hatla2ee.com/listing_image/350257ef-89e5-4d92-844a-b8ccd70b025e/medium.jpg,2026-04-30 14:45:38
70,new,Forthing T5 evo 2026,2026,0 KM,Automatic,Gas,"1,250,000 EGP",,Forthing,T5 evo,https://eg.hatla2ee.com/en/new-car/forthing/T5+evo/unit/7183388,https://legion-images.hatla2ee.com/listing_image/dcc44526-2d31-4ffe-ae3f-22fb696ada53/medium.jpg,2026-04-30 14:45:39
70,new,Shineray X30 2026,2026,0 KM,Manual,Gas,"620,000 EGP",,Shineray,X30,https://eg.hatla2ee.com/en/new-car/shineray/Shineray-X30/unit/7156323,https://legion-images.hatla2ee.com/listing_image/ce6cf333-5065-4f6a-b0d7-5af3546152d6/medium.jpg,2026-04-30 14:45:39
70,new,Cupra Terramar 2026,2026,0 KM,Automatic,Gas,"2,350,000 EGP",,Cupra,Terramar,https://eg.hatla2ee.com/en/new-car/cupra/Terramar/unit/7198231,https://legion-images.hatla2ee.com/listing_image/8a35f836-7122-49a2-8f88-d04d8fc16778/medium.jpg,2026-04-30 14:45:39
70,new,Shineray X30 2026,2026,0 KM,Manual,Gas,"600,000 EGP",,Shineray,X30,https://eg.hatla2ee.com/en/new-car/shineray/Shineray-X30/unit/7167229,https://legion-images.hatla2ee.com/listing_image/5eaeae94-4308-4075-9301-ba4322be5762/medium.jpg,2026-04-30 14:45:40
71,new,Mercedes GLC 200 2026,2026,0 KM,Automatic,Gas,"5,500,000 EGP",,Mercedes,GLC 200,https://eg.hatla2ee.com/en/new-car/mercedes/GLC-200/unit/7192403,https://legion-images.hatla2ee.com/listing_image/a6ec4b8f-42b5-419c-80c5-9dc477cd4c45/medium.jpg,2026-04-30 14:46:00
71,new,Hyundai Staria 2025,2025,0 KM,Automatic,Hybrid,"2,690,000 EGP",,Hyundai,Staria,https://eg.hatla2ee.com/en/new-car/hyundai/Staria/unit/7208075,https://legion-images.hatla2ee.com/listing_image/3cfdfff9-e04d-495a-a769-8f2d7faa1343/medium.jpg,2026-04-30 14:46:00
71,new,Hyundai Tucson GDI 2025,2025,0 KM,Automatic,Gas,"2,135,000 EGP",,Hyundai,Tucson GDI,https://eg.hatla2ee.com/en/new-car/hyundai/Tucson-GDI/unit/7208061,https://legion-images.hatla2ee.com/listing_image/ab99a5e9-79de-40b4-955f-634ba4d0d4b2/medium.jpg,2026-04-30 14:46:01
71,new,Skoda Kodiaq 2026,2026,0 KM,Automatic,Gas,"2,900,000 EGP",,Skoda,Kodiaq,https://eg.hatla2ee.com/en/new-car/skoda/kodiaq/unit/7195949,https://legion-images.hatla2ee.com/listing_image/04102f2e-1ce6-45da-b23b-bac64a5b6db3/medium.jpg,2026-04-30 14:46:01
71,new,Jetour T2 2026,2026,0 KM,Automatic,Gas,"2,100,000 EGP",,Jetour,T2,https://eg.hatla2ee.com/en/new-car/jetour/T2/unit/7158922,https://legion-images.hatla2ee.com/listing_image/c06609e6-e76a-48e8-b50d-08da6ca2c843/medium.jpg,2026-04-30 14:46:02
71,new,Seat Arona 2026,2026,0 KM,Automatic,Gas,"1,440,000 EGP",,Seat,Arona,https://eg.hatla2ee.com/en/new-car/seat/arona/unit/7202283,https://legion-images.hatla2ee.com/listing_image/001b05ad-afb8-48d4-bcdc-a83367bbd24b/medium.jpg,2026-04-30 14:46:03
71,new,Seat Ibiza 2026,2026,0 KM,Automatic,Gas,"1,220,000 EGP",,Seat,Ibiza,https://eg.hatla2ee.com/en/new-car/seat/ibiza/unit/7208023,https://legion-images.hatla2ee.com/listing_image/d54da125-81d2-443f-9dd5-8e9369593470/medium.jpg,2026-04-30 14:46:04
72,new,Avatr 12 2025,2025,0 KM,Automatic,Electric,"3,720,000 EGP",,Avatr 12,Imported,https://eg.hatla2ee.com/en/new-car/imported/avatr/avatr-12/7207892,https://legion-images.hatla2ee.com/listing_image/7a87a33e-4bb1-43b9-8563-140f865bab93/medium.jpg,2026-04-30 14:46:22
72,new,Mercedes E 200 2024,2024,0 KM,Automatic,Gas,"5,250,000 EGP",,Mercedes,E 200,https://eg.hatla2ee.com/en/new-car/mercedes/e-200/unit/42807,https://legion-images.hatla2ee.com/listing_image/b39c28e5-1455-4226-9baa-ac543609f3d6/medium.jpg,2026-04-30 14:46:25
72,new,Mercedes GLC 300 2026,2026,0 KM,Automatic,Gas,"5,550,000 EGP",,Mercedes,GLC 300,https://eg.hatla2ee.com/en/new-car/mercedes/glc-300/unit/7207853,https://legion-images.hatla2ee.com/listing_image/984e94ee-9937-4eba-b3af-261d6169e961/medium.jpg,2026-04-30 14:46:25
72,new,Kia Sportage 2026,2026,0 KM,Automatic,Gas,"2,450,000 EGP",,Kia,Sportage,https://eg.hatla2ee.com/en/new-car/kia/sportage/unit/7188796,https://legion-images.hatla2ee.com/listing_image/63a21ee1-7fbb-4c99-9d01-a1cd16696d22/medium.jpg,2026-04-30 14:46:26
72,new,Nissan Sentra 2026,2026,0 KM,Automatic,Gas,"1,020,000 EGP",,Nissan,Sentra,https://eg.hatla2ee.com/en/new-car/nissan/sentra/unit/7188790,https://legion-images.hatla2ee.com/listing_image/99bf66fe-9216-4496-91d4-5c0d5a3e3793/medium.jpg,2026-04-30 14:46:27
72,new,Chery Arrizo 5 2026,2026,0 KM,Automatic,Gas,"810,000 EGP",,Chery,Arrizo 5,https://eg.hatla2ee.com/en/new-car/chery/Arrizo-5/unit/7188793,https://legion-images.hatla2ee.com/listing_image/ff2e06e6-784b-4e58-a551-8cf25a70b40e/medium.jpg,2026-04-30 14:46:28
73,new,Proton Saga 2026,2026,0 KM,Automatic,Gas,"675,000 EGP",,Proton,Saga,https://eg.hatla2ee.com/en/new-car/proton/saga/unit/7168982,https://legion-images.hatla2ee.com/listing_image/66929640-98bc-4e86-850b-3317c96cb9c5/medium.jpg,2026-04-30 14:46:45
73,new,Nissan Navra 2026,2026,0 KM,Manual,Diesel,"1,300,000 EGP",,Nissan,Navra,https://eg.hatla2ee.com/en/new-car/nissan/Navra/unit/7201939,https://legion-images.hatla2ee.com/listing_image/e01293b6-8e05-4e47-9d8d-dfa6bf6d894d/medium.jpg,2026-04-30 14:46:45
73,new,Nissan Navara 2026,2026,0 KM,Manual,Diesel,"1,300,000 EGP",,Nissan,Navara,https://eg.hatla2ee.com/en/new-car/nissan/Navara/unit/7201949,https://legion-images.hatla2ee.com/listing_image/ae8f302f-62d3-4406-b48a-8ee0f61674f4/medium.jpg,2026-04-30 14:46:46
73,new,Suzuki Swift 2026,2026,0 KM,Automatic,Gas,"910,000 EGP",,Suzuki,Swift,https://eg.hatla2ee.com/en/new-car/suzuki/swift/unit/7202328,https://legion-images.hatla2ee.com/listing_image/ccb304d4-0e27-46c6-aa8c-b8554bd6cd39/medium.jpg,2026-04-30 14:46:47
73,new,Mercedes C 200 2024,2024,0 KM,Automatic,Gas,"3,700,000 EGP",,Mercedes,C 200,https://eg.hatla2ee.com/en/new-car/mercedes/c-200/unit/7181545,https://legion-images.hatla2ee.com/listing_image/88ef3c13-6a78-4f0d-9a35-8a2b620e8183/medium.jpg,2026-04-30 14:46:49
73,new,Cupra Terramar 2026,2026,0 KM,Automatic,Gas,"2,425,000 EGP",,Cupra,Terramar,https://eg.hatla2ee.com/en/new-car/cupra/Terramar/unit/7207840,https://legion-images.hatla2ee.com/listing_image/b70dc2c4-4c1a-45d1-844a-fa42dc129743/medium.jpg,2026-04-30 14:46:54
74,new,JMC New Boarding 2026,2026,0 KM,Manual,Diesel,"735,000 EGP",,JMC,New Boarding,https://eg.hatla2ee.com/en/new-car/jmc/New-Boarding/unit/7167413,https://legion-images.hatla2ee.com/listing_image/27ed4cea-4689-4f6b-a921-6f894443da45/medium.jpg,2026-04-30 14:47:09
74,new,Dongfeng 008 2025,2025,0 KM,Automatic,Electric,"2,100,000 EGP",,Dongfeng,008,https://eg.hatla2ee.com/en/new-car/dfm/008/unit/7200429,https://legion-images.hatla2ee.com/listing_image/daa8687a-916e-4262-8220-eb82baa8962f/medium.jpg,2026-04-30 14:47:09
74,new,Dongfeng E Pai 007 2025,2025,0 KM,Automatic,Hybrid,"1,550,000 EGP",,Dongfeng,E Pai 007,https://eg.hatla2ee.com/en/new-car/dfm/E+Pai+007/unit/7206598,https://legion-images.hatla2ee.com/listing_image/00dc40af-ab8a-43a1-8999-b43e10950467/medium.jpg,2026-04-30 14:47:10
74,new,Volkswagen Tayron 2026,2026,0 KM,Automatic,Gas,"2,930,000 EGP",,Volkswagen,Tayron,https://eg.hatla2ee.com/en/new-car/volks-wagen/tayron/unit/7207703,https://legion-images.hatla2ee.com/listing_image/752ad556-77ec-4741-98bd-d267ad803491/medium.jpg,2026-04-30 14:47:11
74,new,MG 5 2026,2026,0 KM,Automatic,Gas,"1,100,000 EGP",,MG,5,https://eg.hatla2ee.com/en/new-car/moris-garage/mg-5/unit/42053,https://legion-images.hatla2ee.com/listing_image/841f1505-bdfc-4a57-801b-af369817413f/medium.jpg,2026-04-30 14:47:13
74,new,Hyundai Tucson 2025,2025,0 KM,Automatic,Gas,"1,080,000 EGP",,Hyundai Tucson,A/T / Blaze,https://eg.hatla2ee.com/en/new-car/imported/hyundai/tucson/7204401,https://legion-images.hatla2ee.com/original_image/hyundai/thumbnail.png,2026-04-30 14:47:14
74,new,Toyota Fortuner 2025,2025,0 KM,Automatic,Plug-in Hybrid,"3,450,000 EGP",,Toyota Fortuner,Imported,https://eg.hatla2ee.com/en/new-car/imported/toyota/fortuner/7204362,https://legion-images.hatla2ee.com/listing_image/7a541c57-2eae-40ca-b92c-820807279abe/medium.jpg,2026-04-30 14:47:15
74,new,Mercedes SL Roadster 2024,2024,0 KM,Automatic,Gas,"11,250,000 EGP",,Mercedes SL Roadster,Imported,https://eg.hatla2ee.com/en/new-car/imported/mercedes/SL-Roadster/7204259,https://legion-images.hatla2ee.com/listing_image/0dbccaef-9d2e-4f33-aaaa-be7ee656a0d1/medium.jpg,2026-04-30 14:47:17
74,new,Kia Sportage 2025,2025,0 KM,Automatic,Gas,"2,300,000 EGP",,Kia Sportage,A/T / GT-Line,https://eg.hatla2ee.com/en/new-car/imported/kia/sportage/7204256,https://legion-images.hatla2ee.com/listing_image/15b34173-72e4-425d-9c60-cb20fd7c6715/medium.jpg,2026-04-30 14:47:18
74,new,Mercedes GLA 2026,2026,0 KM,Automatic,Gas,"8,600,000 EGP",,Mercedes,GLA,https://eg.hatla2ee.com/en/new-car/mercedes/gla/unit/7204255,https://legion-images.hatla2ee.com/listing_image/3aef4081-bfbf-489d-a2b1-bf3f4ac2b889/medium.jpg,2026-04-30 14:47:18
75,new,MG 5 2026,2026,0 KM,Automatic,Gas,"1,100,000 EGP",,MG,5,https://eg.hatla2ee.com/en/new-car/moris-garage/mg-5/unit/42053,https://legion-images.hatla2ee.com/listing_image/841f1505-bdfc-4a57-801b-af369817413f/medium.jpg,2026-04-30 14:47:28
75,new,Skoda Kodiaq 2026,2026,0 KM,Automatic,Gas,"2,850,000 EGP",,Skoda,Kodiaq,https://eg.hatla2ee.com/en/new-car/skoda/kodiaq/unit/7207674,https://legion-images.hatla2ee.com/listing_image/bb769fab-7dcd-4d11-b8c1-bcb366dc4ed4/medium.jpg,2026-04-30 14:47:28
75,new,Xiaomi Yu7 2025,2025,0 KM,Automatic,Electric,"3,300,000 EGP",,Xiaomi,Yu7,https://eg.hatla2ee.com/en/new-car/xiaomi/xiaomi-yu7/unit/7166154,https://legion-images.hatla2ee.com/listing_image/8be29010-eefe-4106-85b8-61e3e73e2136/medium.jpg,2026-04-30 14:47:30
75,new,Mercedes CLA 300L 2025,2025,0 KM,Automatic,Electric,"3,300,000 EGP",,Mercedes,CLA 300L,https://eg.hatla2ee.com/en/new-car/mercedes/cla-300l/unit/7198744,https://legion-images.hatla2ee.com/listing_image/ff7c24da-ad2e-4618-9138-f8aa4dc3144b/medium.jpg,2026-04-30 14:47:31
75,new,Cupra Terramar 2026,2026,0 KM,Automatic,Diesel,"2,370,000 EGP",,Cupra,Terramar,https://eg.hatla2ee.com/en/new-car/cupra/Terramar/unit/7207647,https://legion-images.hatla2ee.com/listing_image/f078b05b-327b-4424-b773-ce4530fc95a4/medium.jpg,2026-04-30 14:47:31
75,new,Seat Leon 2026,2026,0 KM,Automatic,Gas,"1,630,000 EGP",,Seat,Leon,https://eg.hatla2ee.com/en/new-car/seat/leon/unit/7207645,https://legion-images.hatla2ee.com/listing_image/228c9385-32aa-40fc-9a3a-18f5446ae65d/medium.jpg,2026-04-30 14:47:31
75,new,Cupra Leon 2026,2026,0 KM,Automatic,Gas,"2,000,000 EGP",,Cupra,Leon,https://eg.hatla2ee.com/en/new-car/cupra/leon-cupra/unit/7207643,https://legion-images.hatla2ee.com/listing_image/6b8494ab-c951-47be-95c3-bcd05782c69a/medium.jpg,2026-04-30 14:47:32
75,new,Mercedes C 180 2024,2024,0 KM,Automatic,Gas,"3,300,000 EGP",,Mercedes,C 180,https://eg.hatla2ee.com/en/new-car/mercedes/c-180/unit/7198769,https://legion-images.hatla2ee.com/listing_image/dff902d6-0dc9-4fa2-b027-5dfbef38cf3c/medium.jpg,2026-04-30 14:47:32
75,new,Volkswagen Tayron 2026,2026,0 KM,Automatic,Gas,"2,890,000 EGP",,Volkswagen,Tayron,https://eg.hatla2ee.com/en/new-car/volks-wagen/tayron/unit/7171944,https://legion-images.hatla2ee.com/listing_image/3f861f63-3dc8-444b-815e-276ce8682c30/medium.jpg,2026-04-30 14:47:32
75,new,Mercedes GLA 2026,2026,0 KM,Automatic,Gas,"3,600,000 EGP",,Mercedes,GLA,https://eg.hatla2ee.com/en/new-car/mercedes/gla/unit/7144148,https://legion-images.hatla2ee.com/listing_image/08a0a64d-bb81-4337-bc2b-d11578e26524/medium.jpg,2026-04-30 14:47:33
75,new,Avatr 11 2025,2025,0 KM,Automatic,Electric,"4,050,000 EGP",,Avatr,11,https://eg.hatla2ee.com/en/new-car/avatr/avatr-11/unit/7147147,https://legion-images.hatla2ee.com/listing_image/cdb892ba-3519-4dfa-a044-a0d993441bf3/medium.jpg,2026-04-30 14:47:33
75,new,Toyota Fortuner 2026,2026,0 KM,Automatic,Gas,"4,150,000 EGP",,Toyota,Fortuner,https://eg.hatla2ee.com/en/new-car/toyota/fortuner/unit/7204052,https://legion-images.hatla2ee.com/listing_image/3e34605e-71b1-46cd-bac2-a57d4c77fde5/medium.jpg,2026-04-30 14:47:36
76,new,Mercedes GLC 300 2026,2026,0 KM,Automatic,Gas,"6,000,000 EGP",,Mercedes,GLC 300,https://eg.hatla2ee.com/en/new-car/mercedes/glc-300/unit/7199284,https://legion-images.hatla2ee.com/listing_image/27583f5f-0ae9-4627-a2a6-8782672b4b90/medium.jpg,2026-04-30 14:47:51
76,new,Mercedes EQA 260 2025,2025,0 KM,Automatic,Electric,"2,250,000 EGP",,Mercedes,EQA 260,https://eg.hatla2ee.com/en/new-car/mercedes/mercedes-benz-eqa-260/unit/7179574,https://legion-images.hatla2ee.com/listing_image/0730bff3-aab7-4534-9d62-01a0dd421ab9/medium.jpg,2026-04-30 14:47:51
76,new,Volkswagen Tiguan 2026,2026,0 KM,Automatic,Gas,"2,590,000 EGP",,Volkswagen,Tiguan,https://eg.hatla2ee.com/en/new-car/volks-wagen/tiguan/unit/7177259,https://legion-images.hatla2ee.com/listing_image/79d4066c-87c3-4f60-a753-0566334abc65/medium.jpg,2026-04-30 14:47:52
76,new,Tesla Cybertruck 2024,2024,0 KM,Automatic,Electric,"8,000,000 EGP",,Tesla,Cybertruck,https://eg.hatla2ee.com/en/new-car/tesla/tesla-cybertruck/unit/43530,https://legion-images.hatla2ee.com/listing_image/92ee59a3-f235-4afe-853f-1db49a94ae6d/medium.jpg,2026-04-30 14:47:52
76,new,Xiaomi Yu7 2025,2025,0 KM,Automatic,Electric,"3,700,000 EGP",,Xiaomi,Yu7,https://eg.hatla2ee.com/en/new-car/xiaomi/xiaomi-yu7/unit/44098,https://legion-images.hatla2ee.com/listing_image/42da5ca3-b7ee-45d0-90f7-d41b4882050d/medium.jpg,2026-04-30 14:47:53
76,new,Land Rover Range Rover Evoque 2026,2026,0 KM,Automatic,Electric,"4,100,000 EGP",,Land Rover,Range Rover Evoque,https://eg.hatla2ee.com/en/new-car/land-rover/evoque/unit/7180174,https://legion-images.hatla2ee.com/listing_image/29e503f2-72d1-4595-9c03-28996d9195b9/medium.jpg,2026-04-30 14:47:53
76,new,Mercedes Viano 2026,2026,0 KM,Automatic,Gas,"6,900,000 EGP",,Mercedes,Viano,https://eg.hatla2ee.com/en/new-car/mercedes/Viano/unit/7193623,https://legion-images.hatla2ee.com/listing_image/6abdf92a-2acb-4ef9-9dae-a2f3381d9258/medium.jpg,2026-04-30 14:47:54
76,new,MG 5 2026,2026,0 KM,Automatic,Gas,"1,100,000 EGP",,MG,5,https://eg.hatla2ee.com/en/new-car/moris-garage/mg-5/unit/7207611,https://legion-images.hatla2ee.com/listing_image/1a829de5-9f50-4c56-8a99-48d8c46510e6/medium.jpg,2026-04-30 14:47:55
76,new,Jetour X70 Plus 2026,2026,0 KM,Automatic,Gas,"1,360,000 EGP",,Jetour,X70 Plus,https://eg.hatla2ee.com/en/new-car/jetour/X70-Plus/unit/7176460,https://legion-images.hatla2ee.com/listing_image/cb2c4796-6090-4707-8479-e5408b9bcfcf/medium.jpg,2026-04-30 14:47:55
76,new,Toyota Urban Cruiser 2026,2026,0 KM,Automatic,Gas,"1,570,000 EGP",,Toyota,Urban Cruiser,https://eg.hatla2ee.com/en/new-car/toyota/Urban-Cruiser/unit/7177745,https://legion-images.hatla2ee.com/listing_image/399f3225-981e-49f1-895d-e7b1b316b895/medium.jpg,2026-04-30 14:47:56
76,new,Chevrolet Optra 2026,2026,0 KM,Automatic,Gas,"800,000 EGP",,Chevrolet,Optra,https://eg.hatla2ee.com/en/new-car/chevrolet/optra/unit/7207771,https://legion-images.hatla2ee.com/listing_image/79c0530b-a62a-4ae2-a231-262f519d75ff/medium.jpg,2026-04-30 14:47:58
77,new,BMW 320i 2026,2026,0 KM,Automatic,Gas,"3,800,000 EGP",,BMW,320i,https://eg.hatla2ee.com/en/new-car/bmw/320i/unit/7202634,https://legion-images.hatla2ee.com/listing_image/b8d14355-a583-463f-acfb-c7bfb9b4d285/medium.jpg,2026-04-30 14:48:11
77,new,Hyundai I30 2026,2026,0 KM,Automatic,Gas,"1,210,000 EGP",,Hyundai,I30,https://eg.hatla2ee.com/en/new-car/hyundai/i30/unit/7193279,https://legion-images.hatla2ee.com/listing_image/9b387fab-3219-49a6-aa12-96e3eb6b91f4/medium.jpg,2026-04-30 14:48:11
77,new,Skoda Kodiaq 2026,2026,0 KM,Automatic,Gas,"1,380,000 EGP",,Skoda,Kodiaq,https://eg.hatla2ee.com/en/new-car/skoda/kodiaq/unit/7170376,https://legion-images.hatla2ee.com/listing_image/2181ad61-baf4-4890-921b-f0465353f9b9/medium.jpg,2026-04-30 14:48:12
77,new,Gmc Sierra 2025,2025,0 KM,Automatic,Gas,"2,850,000 EGP",,Gmc,Sierra,https://eg.hatla2ee.com/en/new-car/gmc/sierra/unit/7201865,https://legion-images.hatla2ee.com/listing_image/da9d90e3-4c00-4964-ba7c-e02ceab96de8/medium.jpg,2026-04-30 14:48:12
77,new,Gmc Sierra 2025,2025,0 KM,Automatic,Gas,"2,650,000 EGP",,Gmc,Sierra,https://eg.hatla2ee.com/en/new-car/gmc/sierra/unit/7203372,https://legion-images.hatla2ee.com/listing_image/766c23a1-f5e6-471f-a1ee-e714b549130d/medium.jpg,2026-04-30 14:48:13
77,new,Toyota Hilux 2025,2025,0 KM,Automatic,Gas,"3,600,000 EGP",,Toyota,Hilux,https://eg.hatla2ee.com/en/new-car/toyota/hilux/unit/7181451,https://legion-images.hatla2ee.com/listing_image/deb4e981-e87e-435d-beae-2d88365e487d/medium.jpg,2026-04-30 14:48:14
77,new,Chevrolet Aveo 2014,2014,0 KM,Automatic,Gas,"420,000 EGP",,Chevrolet,Aveo,https://eg.hatla2ee.com/en/new-car/chevrolet/aveo/unit/7207731,https://legion-images.hatla2ee.com/listing_image/fe963aa8-9b24-4aae-9274-431c8aab3c99/medium.jpg,2026-04-30 14:48:17
78,new,Volkswagen Tiguan 2026,2026,0 KM,Automatic,Gas,"2,700,000 EGP",,Volkswagen,Tiguan,https://eg.hatla2ee.com/en/new-car/volks-wagen/tiguan/unit/7190883,https://legion-images.hatla2ee.com/listing_image/280f78a8-3fc7-44af-a291-ff7527f6f327/medium.jpg,2026-04-30 14:48:33
78,new,Mercedes E 200 2024,2024,0 KM,Automatic,Gas,"5,200,000 EGP",,Mercedes,E 200,https://eg.hatla2ee.com/en/new-car/mercedes/e-200/unit/40920,https://legion-images.hatla2ee.com/listing_image/63faac9d-ea4f-47d4-a8d5-f7619b57f23e/medium.jpg,2026-04-30 14:48:34
78,new,Kia Sportage 2026,2026,0 KM,Automatic,Diesel,"2,525,000 EGP",,Kia,Sportage,https://eg.hatla2ee.com/en/new-car/kia/sportage/50775/7207518,https://legion-images.hatla2ee.com/listing_image/90e92b30-5b22-4902-ae2b-c07248730315/medium.jpg,2026-04-30 14:48:35
78,new,Peugeot 504 SW 1979,1979,0 KM,Manual,Natural Gas,"140,000 EGP",,Peugeot,504 SW,https://eg.hatla2ee.com/en/new-car/peugeot/peugeot-504-sw/unit/7207661,https://legion-images.hatla2ee.com/listing_image/1c4c1317-b1db-41d4-af6b-d3fb93f53111/medium.jpg,2026-04-30 14:48:40
78,new,Hyundai Elantra 2026,2026,0 KM,Automatic,Gas,"1,180,000 EGP",,Hyundai,Elantra,https://eg.hatla2ee.com/en/new-car/hyundai/elantra/unit/7207634,https://legion-images.hatla2ee.com/listing_image/11f13c40-e80c-4ac6-8b01-8826b13a7d57/medium.jpg,2026-04-30 14:48:43
78,new,Opel Astra 2007,2007,0 KM,Automatic,Natural Gas,"365,000 EGP",,Opel,Astra,https://eg.hatla2ee.com/en/new-car/opel/astra/unit/7207618,https://legion-images.hatla2ee.com/listing_image/3b8cdda8-e713-486b-aa06-d36acfac88ad/medium.jpg,2026-04-30 14:48:45
79,new,Porsche 718 2024,2024,0 KM,Automatic,Gas,"7,450,000 EGP",,Porsche,718,https://eg.hatla2ee.com/en/new-car/porsche/718/unit/7207106,https://legion-images.hatla2ee.com/listing_image/e2f89054-a50f-44c4-9772-d790ef0877ae/medium.jpg,2026-04-30 14:48:55
79,new,Mercedes GLC 300 2026,2026,0 KM,Automatic,Gas,"6,300,000 EGP",,Mercedes,GLC 300,https://eg.hatla2ee.com/en/new-car/mercedes/glc-300/unit/7207309,https://legion-images.hatla2ee.com/listing_image/e28a8454-ff82-43e4-9a9f-76547b98b8a1/medium.jpg,2026-04-30 14:48:56
79,new,Land Rover Velar 2025,2025,0 KM,Automatic,Gas,"6,550,000 EGP",,Land Rover,Velar,https://eg.hatla2ee.com/en/new-car/land-rover/Velar/unit/7207294,https://legion-images.hatla2ee.com/listing_image/700750a6-0ba7-4e9f-8b1b-abdc5c277f8f/medium.jpg,2026-04-30 14:48:56
79,new,Jaguar F-Pace 2024,2024,0 KM,Automatic,Gas,"5,250,000 EGP",,Jaguar,F-Pace,https://eg.hatla2ee.com/en/new-car/jaguar/f-pace/unit/7207274,https://legion-images.hatla2ee.com/listing_image/1f49df9a-43c3-45e2-891c-7bdd64f58a59/medium.jpg,2026-04-30 14:48:56
79,new,Maserati Grecale 2024,2024,0 KM,Automatic,Gas,"6,400,000 EGP",,Maserati,Grecale,https://eg.hatla2ee.com/en/new-car/maserati/Grecale/unit/7206901,https://legion-images.hatla2ee.com/listing_image/4393c6b5-cdfa-4282-987b-fac01db4c241/medium.jpg,2026-04-30 14:48:58
79,new,Mercedes Maybach 2024,2024,0 KM,Automatic,Gas,"22,000,000 EGP",,Mercedes,Maybach,https://eg.hatla2ee.com/en/new-car/mercedes/Maybach/unit/7206677,https://legion-images.hatla2ee.com/listing_image/b76ea21f-1963-420a-9c1c-87ff0eefc0b4/medium.jpg,2026-04-30 14:48:58
79,new,Mercedes GLC 43 2026,2026,0 KM,Automatic,Gas,"7,450,000 EGP",,Mercedes,GLC 43,https://eg.hatla2ee.com/en/new-car/mercedes/mercedes-benz-glc-43/unit/7144319,https://legion-images.hatla2ee.com/listing_image/71e99a5e-46ac-46a0-a927-22bf52983565/medium.jpg,2026-04-30 14:48:59
79,new,Mercedes GLC 43 2026,2026,0 KM,Automatic,Gas,"7,750,000 EGP",,Mercedes,GLC 43,https://eg.hatla2ee.com/en/new-car/mercedes/mercedes-benz-glc-43/unit/7207364,https://legion-images.hatla2ee.com/listing_image/5d37f4b1-59f3-47d2-b7ca-6169fa05bb13/medium.jpg,2026-04-30 14:49:00
79,new,Geely Emgrand 2026,2026,0 KM,Automatic,Gas,"1,030,000 EGP",,Geely,Emgrand,https://eg.hatla2ee.com/en/new-car/geely/Gelly-Emgrand/unit/7207610,https://legion-images.hatla2ee.com/listing_image/412fc12e-8a71-4134-9360-5a1bea6f6faf/medium.jpg,2026-04-30 14:49:00
79,new,Citroën Ds4 2024,2024,0 KM,Automatic,Diesel,"2,050,000 EGP",,Citroën,Ds4,https://eg.hatla2ee.com/en/new-car/citroen/citroen-ds4/unit/7207604,https://legion-images.hatla2ee.com/listing_image/5ac89dc9-5529-45b6-994e-316cc49fdb0d/medium.jpg,2026-04-30 14:49:02
79,new,Chery Tiggo 4 Pro 2026,2026,0 KM,Automatic,Gas,"1,055,000 EGP",,Chery,Tiggo 4 Pro,https://eg.hatla2ee.com/en/new-car/chery/Tiggo-4-Pro/unit/7207596,https://legion-images.hatla2ee.com/listing_image/d1d6ca01-5a1e-4323-a755-1637c944de33/medium.jpg,2026-04-30 14:49:03
79,new,Ssang Yong Torres 2026,2026,0 KM,Automatic,Gas,"1,625,000 EGP",,Ssang Yong,Torres,https://eg.hatla2ee.com/en/new-car/ssang-yong/Torres/unit/7207594,https://legion-images.hatla2ee.com/listing_image/1b00c5de-6701-45ea-94a0-009f082e626e/medium.jpg,2026-04-30 14:49:04
80,new,Mercedes C 200 2024,2024,0 KM,Automatic,Gas,"3,250,000 EGP",,Mercedes,C 200,https://eg.hatla2ee.com/en/new-car/mercedes/c-200/unit/7207354,https://legion-images.hatla2ee.com/listing_image/5d4209b3-14ca-4966-adab-daf1a428c54c/medium.jpg,2026-04-30 14:49:15
80,new,Byd Leopard 5 2025,2025,0 KM,Automatic,Electric,"3,200,000 EGP",,Byd,Leopard 5,https://eg.hatla2ee.com/en/new-car/byd/Byd_Leopard+5/unit/7207291,https://legion-images.hatla2ee.com/listing_image/8651f5d6-de4b-4e45-a547-10d60ed57540/medium.jpg,2026-04-30 14:49:17
80,new,Mercedes GLC 43 2026,2026,0 KM,Automatic,Gas,"7,500,000 EGP",,Mercedes,GLC 43,https://eg.hatla2ee.com/en/new-car/mercedes/mercedes-benz-glc-43/unit/7207286,https://legion-images.hatla2ee.com/listing_image/a6e5a2c9-fc96-498c-a428-3d6509623920/medium.jpg,2026-04-30 14:49:19
80,new,MG G50 2026,2026,0 KM,Automatic,Gas,"1,350,000 EGP",,MG,G50,https://eg.hatla2ee.com/en/new-car/moris-garage/g50/unit/7207283,https://legion-images.hatla2ee.com/listing_image/2af5c6ac-1c6f-44a4-8d7a-0c83050ce3f1/medium.jpg,2026-04-30 14:49:19
80,new,Mercedes GLC 300 2026,2026,0 KM,Automatic,Gas,"5,850,000 EGP",,Mercedes,GLC 300,https://eg.hatla2ee.com/en/new-car/mercedes/glc-300/unit/7207280,https://legion-images.hatla2ee.com/listing_image/8211d352-fa81-476a-ac4d-cc053242e6ca/medium.jpg,2026-04-30 14:49:20
80,new,Peugeot 3008 2026,2026,0 KM,Automatic,Gas,"2,390,000 EGP",,Peugeot,3008,https://eg.hatla2ee.com/en/new-car/peugeot/3008/unit/7192363,https://legion-images.hatla2ee.com/listing_image/3cdca1fb-f994-4b93-9c86-1ae98ebcfb84/medium.jpg,2026-04-30 14:49:23
80,new,Peugeot 5008 2026,2026,0 KM,Automatic,Gas,"2,575,000 EGP",,Peugeot,5008,https://eg.hatla2ee.com/en/new-car/peugeot/5008/unit/7164627,https://legion-images.hatla2ee.com/listing_image/4f296787-1ea9-4008-94b6-64e53617f86c/medium.jpg,2026-04-30 14:49:23
80,new,Opel Grandland 2026,2026,0 KM,Automatic,Gas,"2,100,000 EGP",,Opel,Grandland,https://eg.hatla2ee.com/en/new-car/opel/Grandland/unit/7192376,https://legion-images.hatla2ee.com/listing_image/8fb31191-eadd-4f53-bb15-d92bd07494f2/medium.jpg,2026-04-30 14:49:24
81,new,Mercedes GLC 300 2026,2026,0 KM,Automatic,Gas,"5,850,000 EGP",,Mercedes,GLC 300,https://eg.hatla2ee.com/en/new-car/mercedes/glc-300/unit/7207280,https://legion-images.hatla2ee.com/listing_image/8211d352-fa81-476a-ac4d-cc053242e6ca/medium.jpg,2026-04-30 14:49:35
81,new,Mercedes Viano 2026,2026,0 KM,Automatic,Gas,"6,400,000 EGP",,Mercedes,Viano,https://eg.hatla2ee.com/en/new-car/mercedes/Viano/unit/7207262,https://legion-images.hatla2ee.com/listing_image/0f47dfdc-0ece-4af7-b1e7-507256cfb5d0/medium.jpg,2026-04-30 14:49:36
81,new,Mercedes Viano 2026,2026,0 KM,Automatic,Gas,"6,400,000 EGP",,Mercedes,Viano,https://eg.hatla2ee.com/en/new-car/mercedes/Viano/unit/7207253,https://legion-images.hatla2ee.com/listing_image/c3b2321f-e5c8-42bc-b741-5a57aae09728/medium.jpg,2026-04-30 14:49:37
81,new,Toyota Land Cruiser 2026,2026,0 KM,Automatic,Gas,"9,350,000 EGP",,Toyota,Land Cruiser,https://eg.hatla2ee.com/en/new-car/toyota/land-cruiser/unit/7207226,https://legion-images.hatla2ee.com/listing_image/cab3d64a-02f8-4835-8ca3-70c905593653/medium.jpg,2026-04-30 14:49:37
81,new,Byd Seagull 2025,2025,0 KM,Automatic,Electric,"915,000 EGP",,Byd,Seagull,https://eg.hatla2ee.com/en/new-car/byd/Seagull/unit/7207238,https://legion-images.hatla2ee.com/listing_image/72afcaa6-d4ee-4a23-b67b-3a714a1797db/medium.jpg,2026-04-30 14:49:38
81,new,Byd Leopard 5 2025,2025,0 KM,Automatic,Hybrid,"3,250,000 EGP",,Byd,Leopard 5,https://eg.hatla2ee.com/en/new-car/byd/Byd_Leopard+5/unit/7207232,https://legion-images.hatla2ee.com/listing_image/49d30bc0-2579-4446-9143-26ed2bb5ab12/medium.jpg,2026-04-30 14:49:39
81,new,Mercedes GLC 300 2026,2026,0 KM,Automatic,Diesel,"6,400,000 EGP",,Mercedes,GLC 300,https://eg.hatla2ee.com/en/new-car/mercedes/glc-300/unit/7205590,https://legion-images.hatla2ee.com/listing_image/ca678e97-ba1a-417c-9ed3-7b3d9d6204fd/medium.jpg,2026-04-30 14:49:40
81,new,Mercedes Viano 2026,2026,0 KM,Automatic,Gas,"6,650,000 EGP",,Mercedes,Viano,https://eg.hatla2ee.com/en/new-car/mercedes/Viano/unit/7204984,https://legion-images.hatla2ee.com/listing_image/c4f78b94-625e-47e5-a0ee-2347484a2b98/medium.jpg,2026-04-30 14:49:40
81,new,Voyah Other Model 2026,2026,0 KM,Automatic,Hybrid,"2,600,000 EGP",,Voyah,Other Model,https://eg.hatla2ee.com/en/new-car/voyah/voyah-other-model/unit/7207533,https://legion-images.hatla2ee.com/listing_image/43c2b4a9-139d-43a3-8ca4-2ddce6b03e5f/medium.jpg,2026-04-30 14:49:41
81,new,Proton Saga 2019,2019,0 KM,Automatic,Gas,"450,000 EGP",,Proton,Saga,https://eg.hatla2ee.com/en/new-car/proton/saga/13100/7207507,https://legion-images.hatla2ee.com/listing_image/fdb351a2-9d7c-4b2d-b21b-d8e14f0fb687/medium.jpg,2026-04-30 14:49:45
81,new,MG 5 2026,2026,0 KM,Automatic,Gas,"1,000,000 EGP",,MG,5,https://eg.hatla2ee.com/en/new-car/moris-garage/mg-5/50676/7207502,https://legion-images.hatla2ee.com/listing_image/27510ac6-0a27-4e5d-afd1-94359ddb96d6/medium.jpg,2026-04-30 14:49:45
81,new,BMW M4 2024,2024,0 KM,Automatic,Gas,"8,400,000 EGP",,BMW,M4,https://eg.hatla2ee.com/en/new-car/bmw/M4/unit/7207481,https://legion-images.hatla2ee.com/listing_image/11a7d045-f7b9-4d23-b58c-7f940edf81fc/medium.jpg,2026-04-30 14:49:47
82,new,Mercedes Viano 2026,2026,0 KM,Automatic,Gas,"6,650,000 EGP",,Mercedes,Viano,https://eg.hatla2ee.com/en/new-car/mercedes/Viano/unit/7204984,https://legion-images.hatla2ee.com/listing_image/c4f78b94-625e-47e5-a0ee-2347484a2b98/medium.jpg,2026-04-30 14:49:58
82,new,Changan CS 55 2026,2026,0 KM,Automatic,Gas,"1,200,000 EGP",,Changan,CS 55,https://eg.hatla2ee.com/en/new-car/changan/CS-55/unit/7186804,https://legion-images.hatla2ee.com/listing_image/206924fa-0fb1-45f9-9c29-0e2c47da36ef/medium.jpg,2026-04-30 14:49:59
82,new,MG 5 2026,2026,0 KM,Automatic,Gas,"1,030,000 EGP",,MG,5,https://eg.hatla2ee.com/en/new-car/moris-garage/mg-5/unit/7201549,https://legion-images.hatla2ee.com/listing_image/cc4daf93-aed0-4f91-b5a2-588195d1d4ad/medium.jpg,2026-04-30 14:50:00
82,new,Chevrolet Optra 2026,2026,0 KM,Automatic,Gas,"805,000 EGP",,Chevrolet,Optra,https://eg.hatla2ee.com/en/new-car/chevrolet/optra/unit/7201541,https://legion-images.hatla2ee.com/listing_image/586bd2db-97e2-4d13-9b0a-a669ba89fc87/medium.jpg,2026-04-30 14:50:00
82,new,Proton Saga 2026,2026,0 KM,Automatic,Gas,"680,000 EGP",,Proton,Saga,https://eg.hatla2ee.com/en/new-car/proton/saga/unit/7174989,https://legion-images.hatla2ee.com/listing_image/6bebeff5-b9e7-4c75-8406-56bbd8f1fcdf/medium.jpg,2026-04-30 14:50:01
82,new,Jetour X70S 2026,2026,0 KM,Automatic,Gas,"1,200,000 EGP",,Jetour,X70S,https://eg.hatla2ee.com/en/new-car/jetour/X70S/unit/7203183,https://legion-images.hatla2ee.com/listing_image/991e0d57-9a36-4f90-b305-58bd3d7757e5/medium.jpg,2026-04-30 14:50:02
82,new,Jetour T2 2026,2026,0 KM,Automatic,Gas,"2,080,000 EGP",,Jetour,T2,https://eg.hatla2ee.com/en/new-car/jetour/T2/unit/40314,https://legion-images.hatla2ee.com/listing_image/8cbb4dd5-fb61-45b9-851d-5908e62a3aa0/medium.jpg,2026-04-30 14:50:02
82,new,Jetour X90 2026,2026,0 KM,Automatic,Gas,"1,630,000 EGP",,Jetour,X90,https://eg.hatla2ee.com/en/new-car/jetour/X90/unit/7153359,https://legion-images.hatla2ee.com/listing_image/5b060528-4879-479b-a1a0-b1f6390b21ce/medium.jpg,2026-04-30 14:50:03
82,new,Audi Q4 E-Tron 2024,2024,0 KM,Automatic,Electric,"2,150,000 EGP",,Audi,Q4 E-Tron,https://eg.hatla2ee.com/en/new-car/audi/audi-q4-e-tron/unit/7207221,https://legion-images.hatla2ee.com/listing_image/29154ad7-d622-4c92-a7bb-1b16bdf14908/medium.jpg,2026-04-30 14:50:03
82,new,Mercedes EQA 260 2025,2025,0 KM,Automatic,Electric,"2,300,000 EGP",,Mercedes,EQA 260,https://eg.hatla2ee.com/en/new-car/mercedes/mercedes-benz-eqa-260/unit/7207220,https://legion-images.hatla2ee.com/listing_image/56594b48-9aa1-4fd2-a562-3d6632523f7e/medium.jpg,2026-04-30 14:50:04
82,new,Nissan Sunny 2026,2026,0 KM,Automatic,Gas,"740,000 EGP",,Nissan,Sunny,https://eg.hatla2ee.com/en/new-car/nissan/sunny/unit/7207216,https://legion-images.hatla2ee.com/listing_image/299b057a-14f3-4acb-8daa-5c88eaf6fbcb/medium.jpg,2026-04-30 14:50:04
82,new,Seat Ibiza 2026,2026,0 KM,Automatic,Diesel,"1,460,000 EGP",,Seat,Ibiza,https://eg.hatla2ee.com/en/new-car/seat/ibiza/50870/7207445,https://legion-images.hatla2ee.com/listing_image/488c6c84-61f0-461b-8eeb-46e27ebd9e79/medium.jpg,2026-04-30 14:50:08
82,new,Seat Ibiza 2026,2026,0 KM,Automatic,Gas,"1,460,000 EGP",,Seat Ibiza,A/T / FR,https://eg.hatla2ee.com/en/new-car/imported/seat/ibiza/7207433,https://legion-images.hatla2ee.com/listing_image/13519a7f-e51d-41eb-8465-ac1bf3a97fc5/medium.jpg,2026-04-30 14:50:11
83,new,Mercedes S 500 2023,2023,0 KM,Automatic,Gas,"9,200,000 EGP",,Mercedes,S 500,https://eg.hatla2ee.com/en/new-car/mercedes/s-500/unit/7202670,https://legion-images.hatla2ee.com/listing_image/e34f14f8-b75a-418b-8938-eb44f5fff9f8/medium.jpg,2026-04-30 14:50:20
83,new,Fiat 500 X 2026,2026,0 KM,Automatic,Gas,"1,120,000 EGP",,Fiat,500 X,https://eg.hatla2ee.com/en/new-car/fiat/500X/unit/43600,https://legion-images.hatla2ee.com/listing_image/10afc5e0-8698-409b-b687-223e644d089d/medium.jpg,2026-04-30 14:50:21
83,new,Cupra Leon 2026,2026,0 KM,Automatic,Gas,"1,960,000 EGP",,Cupra,Leon,https://eg.hatla2ee.com/en/new-car/cupra/leon-cupra/unit/7134805,https://legion-images.hatla2ee.com/listing_image/42cbf6e8-755e-4d2e-8fe6-5fbd591a5ffb/medium.jpg,2026-04-30 14:50:22
83,new,Skoda Kodiaq 2026,2026,0 KM,Automatic,Gas,"3,100,000 EGP",,Skoda,Kodiaq,https://eg.hatla2ee.com/en/new-car/skoda/kodiaq/unit/43623,https://legion-images.hatla2ee.com/listing_image/78d88ed0-09ee-4da7-afd6-13d6d8f80250/medium.jpg,2026-04-30 14:50:25
83,new,Cupra Terramar 2026,2026,0 KM,Automatic,Gas,"2,360,000 EGP",,Cupra,Terramar,https://eg.hatla2ee.com/en/new-car/cupra/Terramar/unit/43482,https://legion-images.hatla2ee.com/listing_image/170e4aeb-7a9a-4105-80c0-73846d2d2df5/medium.jpg,2026-04-30 14:50:26
83,new,Mercedes GLC 300 2026,2026,0 KM,Automatic,Gas,"5,900,000 EGP",,Mercedes,GLC 300,https://eg.hatla2ee.com/en/new-car/mercedes/glc-300/unit/7207190,https://legion-images.hatla2ee.com/listing_image/612f2410-8df9-4eef-8ce7-fd0ce7a55641/medium.jpg,2026-04-30 14:50:26
83,new,Mercedes GLC 300 2026,2026,0 KM,Automatic,Gas,"5,900,000 EGP",,Mercedes,GLC 300,https://eg.hatla2ee.com/en/new-car/mercedes/glc-300/unit/7207178,https://legion-images.hatla2ee.com/listing_image/570cc6da-4945-4dfd-a106-d928addc7699/medium.jpg,2026-04-30 14:50:27
83,new,Smart 3 2025,2025,0 KM,Automatic,Electric,"2,190,000 EGP",,Smart,3,https://eg.hatla2ee.com/en/new-car/smart/smart-3/unit/7207177,https://legion-images.hatla2ee.com/listing_image/8b96fa3d-99bc-45e1-834f-d643600fcc2f/medium.jpg,2026-04-30 14:50:28
84,new,Mercedes GLC 300 2026,2026,0 KM,Automatic,Gas,"5,850,000 EGP",,Mercedes,GLC 300,https://eg.hatla2ee.com/en/new-car/mercedes/glc-300/unit/7207173,https://legion-images.hatla2ee.com/listing_image/bcecf3a9-fbc5-4b83-b71d-3a45323b0627/medium.jpg,2026-04-30 14:50:44
84,new,MG HS 2023,2023,0 KM,Automatic,Gas,"1,260,000 EGP",,MG,HS,https://eg.hatla2ee.com/en/new-car/moris-garage/MG-HS/unit/7153563,https://legion-images.hatla2ee.com/listing_image/d9f9de43-fa12-4ebb-b5b3-9d1471ae530d/medium.jpg,2026-04-30 14:50:46
84,new,Mercedes GLC 300 2026,2026,0 KM,Automatic,Gas,"6,000,000 EGP",,Mercedes,GLC 300,https://eg.hatla2ee.com/en/new-car/mercedes/glc-300/unit/7202248,https://legion-images.hatla2ee.com/listing_image/d1794153-2356-4644-bf58-c7ce6d36b678/medium.jpg,2026-04-30 14:50:48
84,new,Mercedes C 180 2026,2026,0 KM,Automatic,Gas,"3,750,000 EGP",,Mercedes,C 180,https://eg.hatla2ee.com/en/new-car/mercedes/c-180/unit/7202226,https://legion-images.hatla2ee.com/listing_image/1b363a58-e4e0-4de5-b2c3-053bee22c9ab/medium.jpg,2026-04-30 14:50:48
84,new,Mercedes C 200 2026,2026,0 KM,Automatic,Gas,"4,050,000 EGP",,Mercedes,C 200,https://eg.hatla2ee.com/en/new-car/mercedes/c-200/unit/7193085,https://legion-images.hatla2ee.com/listing_image/aabf7fac-449f-4b42-90e9-c12385a8578a/medium.jpg,2026-04-30 14:50:49
84,new,Mercedes C 180 2026,2026,0 KM,Automatic,Gas,"3,650,000 EGP",,Mercedes,C 180,https://eg.hatla2ee.com/en/new-car/mercedes/c-180/unit/7193081,https://legion-images.hatla2ee.com/listing_image/323d8012-4144-48b6-b3f5-b1f66ba67ba3/medium.jpg,2026-04-30 14:50:49
85,new,Mercedes E 200 2026,2026,0 KM,Automatic,Gas,"5,650,000 EGP",,Mercedes,E 200,https://eg.hatla2ee.com/en/new-car/mercedes/e-200/unit/7193103,https://legion-images.hatla2ee.com/listing_image/b930311b-0ae7-4ed7-a972-ff23b6df8fa4/medium.jpg,2026-04-30 14:51:07
85,new,Toyota Land Cruiser 2026,2026,0 KM,Automatic,Gas,"9,500,000 EGP",,Toyota,Land Cruiser,https://eg.hatla2ee.com/en/new-car/toyota/land-cruiser/unit/7207140,https://legion-images.hatla2ee.com/listing_image/02650dda-c0b9-4905-a4fc-233a44292028/medium.jpg,2026-04-30 14:51:08
85,new,Chery Tiggo 8 Pro Max 2026,2026,0 KM,Automatic,Gas,"1,625,000 EGP",,Chery,Tiggo 8 Pro Max,https://eg.hatla2ee.com/en/new-car/chery/Tiggo-8-Pro-Max/unit/7207128,https://legion-images.hatla2ee.com/listing_image/676583ac-cbcd-4e08-b3e0-2158f2ee1d1f/medium.jpg,2026-04-30 14:51:09
85,new,MG HS 2023,2023,0 KM,Automatic,Gas,"1,320,000 EGP",,MG,HS,https://eg.hatla2ee.com/en/new-car/moris-garage/MG-HS/unit/7207124,https://legion-images.hatla2ee.com/listing_image/db12e0a4-093f-4cdc-a53e-c2b234cedd5a/medium.jpg,2026-04-30 14:51:10
85,new,Volkswagen Touareg 2026,2026,0 KM,Automatic,Gas,"4,500,000 EGP",,Volkswagen,Touareg,https://eg.hatla2ee.com/en/new-car/volks-wagen/touareg/unit/7202697,https://legion-images.hatla2ee.com/listing_image/38229c1a-0955-4a14-b89c-4f69fa62b703/medium.jpg,2026-04-30 14:51:11
85,new,Mercedes E 200 2026,2026,0 KM,Automatic,Gas,"5,150,000 EGP",,Mercedes,E 200,https://eg.hatla2ee.com/en/new-car/mercedes/e-200/unit/7196312,https://legion-images.hatla2ee.com/listing_image/ed4596eb-1119-407c-9521-ece59d61a158/medium.jpg,2026-04-30 14:51:12
85,new,Mercedes E 300 2023,2023,0 KM,Automatic,Gas,"4,600,000 EGP",,Mercedes,E 300,https://eg.hatla2ee.com/en/new-car/mercedes/e-300/unit/7167667,https://legion-images.hatla2ee.com/listing_image/6fc50ed1-3115-4d25-b785-43992b094a39/medium.jpg,2026-04-30 14:51:14
85,new,Haval H6 2026,2026,0 KM,Automatic,Gas,"1,565,000 EGP",,Haval,H6,https://eg.hatla2ee.com/en/new-car/haval/haval-h6/unit/7207113,https://legion-images.hatla2ee.com/listing_image/f047e9a7-831b-40c3-9873-0f5bcefe68d3/medium.jpg,2026-04-30 14:51:15
85,new,Toyota Fortuner 2026,2026,0 KM,Automatic,Gas,"4,150,000 EGP",,Toyota Fortuner,Imported,https://eg.hatla2ee.com/en/new-car/imported/toyota/fortuner/7203515,https://legion-images.hatla2ee.com/listing_image/07909a2e-5907-419c-a658-7b4531fd84c8/medium.jpg,2026-04-30 14:51:23
86,new,Byd Seagull 2025,2025,0 KM,Automatic,Electric,"890,000 EGP",,Byd,Seagull,https://eg.hatla2ee.com/en/new-car/byd/Seagull/unit/7196313,https://legion-images.hatla2ee.com/listing_image/a9f3ddee-ce94-40a1-b700-02351ae17949/medium.jpg,2026-04-30 14:51:33
86,new,Kaiyi E5 2027,2027,0 KM,Automatic,Gas,"939,990 EGP",,Kaiyi,E5,https://eg.hatla2ee.com/en/new-car/Kaiyi/Kaiyi-E5/unit/7203241,https://legion-images.hatla2ee.com/listing_image/b2f6ae70-a190-4b44-8fbf-5eb62c6b1722/medium.jpg,2026-04-30 14:51:34
86,new,Mercedes GLC 300 2026,2026,0 KM,Automatic,Gas,"5,900,000 EGP",,Mercedes,GLC 300,https://eg.hatla2ee.com/en/new-car/mercedes/glc-300/unit/7207099,https://legion-images.hatla2ee.com/listing_image/40cb7cdf-20b9-4286-a7d6-b1b6fa36c28c/medium.jpg,2026-04-30 14:51:36
86,new,Rox 01 2026,2026,0 KM,Automatic,Electric,"3,700,000 EGP",,Rox,01,https://eg.hatla2ee.com/en/new-car/rox/rox-01/unit/7207090,https://legion-images.hatla2ee.com/listing_image/e458c4b0-6f96-4e04-8c98-02f79c800cb0/medium.jpg,2026-04-30 14:51:37
86,new,Soueast S 05 2027,2027,0 KM,Automatic,Gas,"1,140,000 EGP",,Soueast,S 05,https://eg.hatla2ee.com/en/new-car/soueast/S+05/unit/7207088,https://legion-images.hatla2ee.com/listing_image/68c934f8-d42f-4a0c-9a01-01fe42f17e28/medium.jpg,2026-04-30 14:51:37
86,new,Honda CRV 2026,2026,0 KM,Automatic,Gas,"2,750,000 EGP",,Honda,CRV,https://eg.hatla2ee.com/en/new-car/honda/crv/unit/7207086,https://legion-images.hatla2ee.com/listing_image/df3862fe-0a57-47b4-bda0-e11ed9fbd3b0/medium.jpg,2026-04-30 14:51:38
86,new,Volkswagen T-Roc 2026,2026,0 KM,Automatic,Gas,"1,920,000 EGP",,Volkswagen,T-Roc,https://eg.hatla2ee.com/en/new-car/volks-wagen/T-Roc/unit/7200425,https://legion-images.hatla2ee.com/listing_image/dd60c914-4d8b-4ee7-9e5d-4d44b00b64b7/medium.jpg,2026-04-30 14:51:38
86,new,Cupra Terramar 2026,2026,0 KM,Automatic,Gas,"2,370,000 EGP",,Cupra,Terramar,https://eg.hatla2ee.com/en/new-car/cupra/Terramar/unit/7200426,https://legion-images.hatla2ee.com/listing_image/eecba932-2d77-49cc-8d23-ca11b104866a/medium.jpg,2026-04-30 14:51:38
86,new,Audi E-Tron 2025,2025,0 KM,Automatic,Electric,"3,100,000 EGP",,Audi,E-Tron,https://eg.hatla2ee.com/en/new-car/audi/E-Tron/unit/7207281,https://legion-images.hatla2ee.com/listing_image/d4c01c91-1bc5-4311-ac29-e682e780091f/medium.jpg,2026-04-30 14:51:41
86,new,Mercedes E 200 2021,2021,0 KM,Automatic,Gas,"4,485,000 EGP",,Mercedes,E 200,https://eg.hatla2ee.com/en/new-car/mercedes/e-200/unit/7207224,https://legion-images.hatla2ee.com/listing_image/c3f9ae80-6622-4c41-9225-5c2deeabf064/medium.jpg,2026-04-30 14:51:46
87,new,Skoda Kodiaq 2026,2026,0 KM,Automatic,Gas,"2,600,000 EGP",,Skoda,Kodiaq,https://eg.hatla2ee.com/en/new-car/skoda/kodiaq/unit/7195196,https://legion-images.hatla2ee.com/listing_image/304a3046-c475-4799-950c-e92d8c65eade/medium.jpg,2026-04-30 14:51:59
87,new,Rox 01 2026,2026,0 KM,Automatic,Hybrid,"4,850,000 EGP",,Rox,01,https://eg.hatla2ee.com/en/new-car/rox/rox-01/unit/7198762,https://legion-images.hatla2ee.com/listing_image/8c8c184e-096c-4f70-84df-4e784d845b58/medium.jpg,2026-04-30 14:51:59
87,new,Skoda Kodiaq 2026,2026,0 KM,Automatic,Gas,"3,200,000 EGP",,Skoda,Kodiaq,https://eg.hatla2ee.com/en/new-car/skoda/kodiaq/unit/7177082,https://legion-images.hatla2ee.com/listing_image/8c14ccc3-8c7b-4a39-8542-9c6c6ee87013/medium.jpg,2026-04-30 14:52:00
87,new,Toyota Hilux 2026,2026,0 KM,Automatic,Gas,"3,850,000 EGP",,Toyota,Hilux,https://eg.hatla2ee.com/en/new-car/toyota/hilux/unit/7195594,https://legion-images.hatla2ee.com/listing_image/50ea08a8-070f-418a-8018-f3c69b33a4d4/medium.jpg,2026-04-30 14:52:01
87,new,Byd Tang L 2025,2025,0 KM,Automatic,Hybrid,"2,950,000 EGP",,Byd,Tang L,https://eg.hatla2ee.com/en/new-car/byd/byd-tang-l/unit/7202207,https://legion-images.hatla2ee.com/listing_image/9f0c2d1f-95c4-4d07-8acc-c1094acb86a4/medium.jpg,2026-04-30 14:52:02
87,new,Zeekr 001 2026,2026,0 KM,Automatic,Electric,"2,700,000 EGP",,Zeekr,001,https://eg.hatla2ee.com/en/new-car/zeekr/001/unit/7198633,https://legion-images.hatla2ee.com/listing_image/4685ea66-38ec-441d-aa84-e4e36b487fbe/medium.jpg,2026-04-30 14:52:02
87,new,Xpeng G9 2025,2025,0 KM,Automatic,Electric,"2,700,000 EGP",,Xpeng,G9,https://eg.hatla2ee.com/en/new-car/xpeng/G9/unit/7198755,https://legion-images.hatla2ee.com/listing_image/1e33f8af-139c-4c49-87e0-905638a0fd0b/medium.jpg,2026-04-30 14:52:02
87,new,Mercedes A250e 2023,2023,0 KM,Automatic,Hybrid,"2,650,000 EGP",,Mercedes,A250e,https://eg.hatla2ee.com/en/new-car/mercedes/mercedes-benz-a250e/unit/7198761,https://legion-images.hatla2ee.com/listing_image/2fe1682f-1166-4381-aa63-e41c2eab2a9c/medium.jpg,2026-04-30 14:52:03
87,new,Mercedes C 200 2026,2026,0 KM,Automatic,Gas,"4,400,000 EGP",,Mercedes,C 200,https://eg.hatla2ee.com/en/new-car/mercedes/c-200/unit/7203172,https://legion-images.hatla2ee.com/listing_image/40da2965-d53b-49db-9c03-fc3a5cbc2837/medium.jpg,2026-04-30 14:52:03
87,new,Volkswagen Tiguan 2026,2026,0 KM,Automatic,Gas,"2,650,000 EGP",,Volkswagen,Tiguan,https://eg.hatla2ee.com/en/new-car/volks-wagen/tiguan/unit/7156924,https://legion-images.hatla2ee.com/listing_image/37378df4-ffa6-4cd0-86cf-d086c33212cf/medium.jpg,2026-04-30 14:52:04
87,new,Cupra Formentor 2026,2026,0 KM,Automatic,Gas,"2,240,000 EGP",,Cupra,Formentor,https://eg.hatla2ee.com/en/new-car/cupra/Formentor/unit/7202683,https://legion-images.hatla2ee.com/listing_image/05c1b1e5-5ae0-4959-92b5-840789579adc/medium.jpg,2026-04-30 14:52:04
87,new,Nissan Sunny 2026,2026,0 KM,Automatic,Gas,"745,000 EGP",,Nissan,Sunny,https://eg.hatla2ee.com/en/new-car/nissan/sunny/unit/7159013,https://legion-images.hatla2ee.com/listing_image/b90a2a62-09a1-479a-b945-d79b46c1f678/medium.jpg,2026-04-30 14:52:04
87,new,Chery EQ7 2026,2026,0 KM,Automatic,Electric,"1,600,000 EGP",,Chery,EQ7,https://eg.hatla2ee.com/en/new-car/chery/EQ7/unit/7196142,https://legion-images.hatla2ee.com/listing_image/bb08fd1e-2a4f-47ac-8215-d89857963a36/medium.jpg,2026-04-30 14:52:05
87,new,Geely Emgrand 2026,2026,0 KM,Automatic,Gas,"1,070,000 EGP",,Geely,Emgrand,https://eg.hatla2ee.com/en/new-car/geely/Gelly-Emgrand/unit/7207211,https://legion-images.hatla2ee.com/listing_image/e8e13c2d-12a8-4b6f-82a9-9edc0262fa64/medium.jpg,2026-04-30 14:52:06
87,new,Land Rover Range Rover Sport 2022,2022,0 KM,Automatic,Gas,"7,600,000 EGP",,Land Rover,Range Rover Sport,https://eg.hatla2ee.com/en/new-car/land-rover/sport/unit/7207175,https://legion-images.hatla2ee.com/listing_image/4e762921-51fa-4b56-8387-d179f30341f1/medium.jpg,2026-04-30 14:52:10
88,new,Baic BJ30 2026,2026,0 KM,Automatic,Hybrid,"1,750,000 EGP",,Baic,BJ30,https://eg.hatla2ee.com/en/new-car/baic/BJ30/unit/7201198,https://legion-images.hatla2ee.com/listing_image/745192be-4236-4e99-9ac1-4d09f8083e7f/medium.jpg,2026-04-30 14:52:19
88,new,Baic X55 2026,2026,0 KM,Automatic,Gas,"1,250,000 EGP",,Baic,X55,https://eg.hatla2ee.com/en/new-car/baic/X55/unit/7198760,https://legion-images.hatla2ee.com/listing_image/8a2b55c3-1e56-4702-93ad-55292bdfb54f/medium.jpg,2026-04-30 14:52:20
88,new,Baic X35 2026,2026,0 KM,Automatic,Gas,"950,000 EGP",,Baic,X35,https://eg.hatla2ee.com/en/new-car/baic/Baic-X35/unit/7198353,https://legion-images.hatla2ee.com/listing_image/a7558953-9808-425c-8c8f-ec0aa9fee175/medium.jpg,2026-04-30 14:52:20
88,new,Baic U5 plus 2026,2026,0 KM,Automatic,Gas,"925,000 EGP",,Baic,U5 plus,https://eg.hatla2ee.com/en/new-car/baic/U5-plus/unit/7202208,https://legion-images.hatla2ee.com/listing_image/c2a51b08-1b4b-4bd4-a068-f33ada3f1682/medium.jpg,2026-04-30 14:52:20
88,new,Soueast Other 2026,2026,0 KM,Automatic,Gas,"1,600,000 EGP",,Soueast,Other,https://eg.hatla2ee.com/en/new-car/soueast/other-soueast/unit/7207014,https://legion-images.hatla2ee.com/listing_image/dacb230c-e302-4e6c-aa45-1a6f7af9fedd/medium.jpg,2026-04-30 14:52:22
88,new,Mercedes E 200 2026,2026,0 KM,Automatic,Gas,"5,600,000 EGP",,Mercedes,E 200,https://eg.hatla2ee.com/en/new-car/mercedes/e-200/unit/7207155,https://legion-images.hatla2ee.com/listing_image/cb7f8b90-5718-428e-bb85-23b18b0247b3/medium.jpg,2026-04-30 14:52:26
88,new,Jetour T2 2026,2026,0 KM,Automatic,Gas,"2,150,000 EGP",,Jetour,T2,https://eg.hatla2ee.com/en/new-car/jetour/T2/unit/7207150,https://legion-images.hatla2ee.com/listing_image/d6ac571b-f2e4-48b3-a722-bbba163cef3f/medium.jpg,2026-04-30 14:52:27
88,new,Haval Jolion 2026,2026,0 KM,Automatic,Gas,"1,240,000 EGP",,Haval,Jolion,https://eg.hatla2ee.com/en/new-car/haval/Jolion/unit/7207142,https://legion-images.hatla2ee.com/listing_image/b9117a7f-25ca-48f1-ba69-b949f3685c19/medium.jpg,2026-04-30 14:52:27
88,new,Tesla Cybertruck 2025,2025,0 KM,Automatic,Electric,"7,500,000 EGP",,Tesla,Cybertruck,https://eg.hatla2ee.com/en/new-car/tesla/tesla-cybertruck/unit/7192334,https://legion-images.hatla2ee.com/listing_image/743f07dc-019e-47d1-bda2-9686f171aba7/medium.jpg,2026-04-30 14:52:29
89,new,Changan CS55 Plus 2026,2026,0 KM,Automatic,Gas,"1,170,000 EGP",,Changan,CS55 Plus,https://eg.hatla2ee.com/en/new-car/changan/CS55-Plus/unit/7145660,https://legion-images.hatla2ee.com/listing_image/59e005b8-167d-4cc5-b54e-f6913c68e4bd/medium.jpg,2026-04-30 14:52:44
89,new,Chery Tiggo 7 2026,2026,0 KM,Automatic,Gas,"929,000 EGP",,Chery,Tiggo 7,https://eg.hatla2ee.com/en/new-car/chery/Tiggo-7/50660/7174343,https://legion-images.hatla2ee.com/listing_image/fd42f870-86ee-413c-9ad6-4c2ea43239ce/medium.jpg,2026-04-30 14:52:44
89,new,Chery Tiggo 8 Pro Max 2026,2026,0 KM,Automatic,Gas,"1,640,000 EGP",,Chery Tiggo 8 Pro Max,Imported,https://eg.hatla2ee.com/en/new-car/imported/chery/Tiggo-8-Pro-Max/7180654,https://legion-images.hatla2ee.com/listing_image/b4e8a6f5-2a36-4ff3-90ba-9e1e06afdde0/medium.jpg,2026-04-30 14:52:45
89,new,Hyundai Elantra AD 2026,2026,0 KM,Automatic,Gas,"1,215,000 EGP",,Hyundai,Elantra AD,https://eg.hatla2ee.com/en/new-car/hyundai/Elantra-AD/unit/7180658,https://legion-images.hatla2ee.com/listing_image/50abf0f9-fbe0-4db9-b880-109d2e94c52d/medium.jpg,2026-04-30 14:52:45
89,new,Land Rover Range Rover Evoque 2026,2026,0 KM,Automatic,Gas,"4,350,000 EGP",,Land Rover,Range Rover Evoque,https://eg.hatla2ee.com/en/new-car/land-rover/evoque/unit/7207101,https://legion-images.hatla2ee.com/listing_image/4ba1223b-f782-4b3c-a601-667ef2ad59a4/medium.jpg,2026-04-30 14:52:50
89,new,Kia Sorento 2025,2025,0 KM,Automatic,Hybrid,"3,350,000 EGP",,Kia Sorento,Imported,https://eg.hatla2ee.com/en/new-car/imported/kia/sorento/7204616,https://legion-images.hatla2ee.com/listing_image/45a98c40-6f78-4086-9ca6-cf7bf61665d8/medium.jpg,2026-04-30 14:52:50
89,new,Cupra Leon 2026,2026,0 KM,Automatic,Gas,"1,990,000 EGP",,Cupra,Leon,https://eg.hatla2ee.com/en/new-car/cupra/leon-cupra/unit/7207100,https://legion-images.hatla2ee.com/listing_image/12665892-49f9-4f9f-925d-5a599034c5f8/medium.jpg,2026-04-30 14:52:51
90,new,Chevrolet Aveo 2027,2027,0 KM,Automatic,Gas,"830,000 EGP",,Chevrolet,Aveo,https://eg.hatla2ee.com/en/new-car/chevrolet/aveo/unit/7206582,https://legion-images.hatla2ee.com/listing_image/a7da27d4-0683-4a08-9766-a3f04be3f482/medium.jpg,2026-04-30 14:53:05
90,new,MG ZS 2026,2026,0 KM,Automatic,Gas,"1,560,000 EGP",,MG,ZS,https://eg.hatla2ee.com/en/new-car/moris-garage/zs/unit/7206495,https://legion-images.hatla2ee.com/listing_image/c8681d0f-8ed7-4dab-a0c5-336fa2210570/medium.jpg,2026-04-30 14:53:07
90,new,Volkswagen T-Roc 2026,2026,0 KM,Automatic,Diesel,"1,780,000 EGP",,Volkswagen,T-Roc,https://eg.hatla2ee.com/en/new-car/volks-wagen/T-Roc/unit/7199564,https://legion-images.hatla2ee.com/listing_image/444a5444-595b-486e-af0d-2ed244955f6e/medium.jpg,2026-04-30 14:53:10
90,new,Mercedes GLE 2025,2025,0 KM,Automatic,Gas,"15,700,000 EGP",,Mercedes,GLE,https://eg.hatla2ee.com/en/new-car/mercedes/gle/unit/7202666,https://legion-images.hatla2ee.com/listing_image/ff757a86-36d9-464d-8705-d7733079baa3/medium.jpg,2026-04-30 14:53:16
91,new,Byd Flyer 2000,2000,0 KM,Automatic,Diesel,"454,846 EGP",,Byd,Flyer,https://eg.hatla2ee.com/en/new-car/byd/flyer/unit/7205891,https://legion-images.hatla2ee.com/listing_image/8b9c10f4-1ac7-46ca-aa73-88c6563742ba/medium.jpg,2026-04-30 14:53:28
91,new,Volkswagen Tayron 2026,2026,0 KM,Automatic,Gas,"2,910,000 EGP",,Volkswagen,Tayron,https://eg.hatla2ee.com/en/new-car/volks-wagen/tayron/unit/7206997,https://legion-images.hatla2ee.com/listing_image/399e69bb-cb45-47d0-b6fa-5f7d9045d072/medium.jpg,2026-04-30 14:53:38
92,new,Volvo S60 2017,2017,0 KM,Automatic,Gas,"800,000 EGP",,Volvo,S60,https://eg.hatla2ee.com/en/new-car/volvo/s60/478/7203939,https://legion-images.hatla2ee.com/listing_image/d7ace03f-5039-4e9e-bfa6-2256a589674b/medium.jpg,2026-04-30 14:53:48
92,new,Peugeot 408 2026,2026,0 KM,Automatic,Gas,"2,280,000 EGP",,Peugeot,408,https://eg.hatla2ee.com/en/new-car/peugeot/408/unit/7171137,https://legion-images.hatla2ee.com/listing_image/a5734939-e30f-4bb9-af23-9886f0f30bfe/medium.jpg,2026-04-30 14:53:53
92,new,Soueast S 05 2026,2026,0 KM,Automatic,Gas,"1,200,000 EGP",,Soueast,S 05,https://eg.hatla2ee.com/en/new-car/soueast/S+05/unit/7172175,https://legion-images.hatla2ee.com/listing_image/76bead15-3bac-4b5d-be48-f3374adbd07b/medium.jpg,2026-04-30 14:53:54
92,new,MG HS 2026,2026,0 KM,Automatic,Hybrid,"1,730,000 EGP",,MG,HS,https://eg.hatla2ee.com/en/new-car/moris-garage/MG-HS/unit/7172168,https://legion-images.hatla2ee.com/listing_image/a034abc2-e737-49ee-ad83-9582c5d9c580/medium.jpg,2026-04-30 14:53:54
92,new,Xpeng G9 2026,2026,0 KM,Automatic,Electric,"2,900,000 EGP",,Xpeng,G9,https://eg.hatla2ee.com/en/new-car/xpeng/G9/unit/7206983,https://legion-images.hatla2ee.com/listing_image/c742df82-074e-4bd3-8e97-1e5bbf22714d/medium.jpg,2026-04-30 14:53:54
92,new,Nissan XTrail 2025,2025,0 KM,Automatic,Hybrid,"2,200,000 EGP",,Nissan,XTrail,https://eg.hatla2ee.com/en/new-car/nissan/x-Trail/unit/7197593,https://legion-images.hatla2ee.com/listing_image/8bb7671a-4b83-410c-abdd-712f1fd3d35d/medium.jpg,2026-04-30 14:53:55
92,new,Exeed RX 2026,2026,0 KM,Automatic,Gas,"1,980,000 EGP",,Exeed,RX,https://eg.hatla2ee.com/en/new-car/exeed/Exeed-RX/unit/7197600,https://legion-images.hatla2ee.com/listing_image/20989ad2-b2ef-4a2d-b2e6-6961e706172f/medium.jpg,2026-04-30 14:53:55
92,new,Mercedes GLC 300 2025,2025,0 KM,Automatic,Gas,"5,300,000 EGP",,Mercedes,GLC 300,https://eg.hatla2ee.com/en/new-car/mercedes/glc-300/unit/7202911,https://legion-images.hatla2ee.com/listing_image/6c995ed5-081f-4274-995e-d64087cfe4fc/medium.jpg,2026-04-30 14:53:56
92,new,Mercedes C 180 2026,2026,0 KM,Automatic,Gas,"3,550,000 EGP",,Mercedes,C 180,https://eg.hatla2ee.com/en/new-car/mercedes/c-180/unit/7206977,https://legion-images.hatla2ee.com/listing_image/06f10c71-c0f6-4d54-94ca-2a28a8d89e63/medium.jpg,2026-04-30 14:53:56
92,new,Toyota Fortuner 2026,2026,0 KM,Automatic,Gas,"4,200,000 EGP",,Toyota,Fortuner,https://eg.hatla2ee.com/en/new-car/toyota/fortuner/50960/7203394,https://legion-images.hatla2ee.com/listing_image/efc616e3-db2c-4958-8c92-6b8d9b5bbe2a/medium.jpg,2026-04-30 14:53:57
92,new,Mitsubishi Eclipse Cross 2021,2021,0 KM,Automatic,Diesel,"1,150,000 EGP",,Mitsubishi,Eclipse Cross,https://eg.hatla2ee.com/en/new-car/mitsubishi/Eclipse-Cross/26137/7203313,https://legion-images.hatla2ee.com/listing_image/010daf5b-b45b-47bb-a539-53b0acfe7821/medium.jpg,2026-04-30 14:53:57
93,new,Chevrolet Optra 2026,2026,0 KM,Automatic,Gas,"850,000 EGP",,Chevrolet,Optra,https://eg.hatla2ee.com/en/new-car/chevrolet/optra/unit/7203386,https://legion-images.hatla2ee.com/listing_image/a3c5510d-9bb1-475a-9b18-8fa4cb5a6d35/medium.jpg,2026-04-30 14:54:13
93,new,Nissan Sunny 2026,2026,0 KM,Automatic,Gas,"765,000 EGP",,Nissan,Sunny,https://eg.hatla2ee.com/en/new-car/nissan/sunny/unit/7203383,https://legion-images.hatla2ee.com/listing_image/19958c38-3d74-44b8-9a16-2b44bade8872/medium.jpg,2026-04-30 14:54:14
93,new,Chevrolet Optra 2026,2026,0 KM,Automatic,Gas,"810,000 EGP",,Chevrolet,Optra,https://eg.hatla2ee.com/en/new-car/chevrolet/optra/unit/7164585,https://legion-images.hatla2ee.com/listing_image/80e51f0f-f963-4b85-bc13-a6a840fc9c89/medium.jpg,2026-04-30 14:54:14
93,new,Mercedes V 250 2026,2026,0 KM,Automatic,Gas,"6,750,000 EGP",,Mercedes,V 250,https://eg.hatla2ee.com/en/new-car/mercedes/V-250/unit/7198268,https://legion-images.hatla2ee.com/listing_image/1c6afb70-3a28-40f9-9a0e-917f65e6f981/medium.jpg,2026-04-30 14:54:16
93,new,Toyota Fortuner 2026,2026,0 KM,Automatic,Hybrid,"4,300,000 EGP",,Toyota,Fortuner,https://eg.hatla2ee.com/en/new-car/toyota/fortuner/50960/7203014,https://legion-images.hatla2ee.com/listing_image/ce90133b-5469-49d8-a60a-de68682f883b/medium.jpg,2026-04-30 14:54:18
93,new,Mercedes GLS 2026,2026,0 KM,Automatic,Gas,"10,450,000 EGP",,Mercedes,GLS,https://eg.hatla2ee.com/en/new-car/mercedes/GLS/50944/7203010,https://legion-images.hatla2ee.com/listing_image/e1dd34cb-ec82-4d84-a5a6-16fcf16ac2e1/medium.jpg,2026-04-30 14:54:19
93,new,Hyundai Tucson GDI 2025,2025,0 KM,Automatic,Gas,"2,000,000 EGP",,Hyundai Tucson GDI,Imported,https://eg.hatla2ee.com/en/new-car/imported/hyundai/Tucson-GDI/7202889,https://legion-images.hatla2ee.com/listing_image/04e85544-e8be-4636-8c67-e43b0df857c1/medium.jpg,2026-04-30 14:54:21
93,new,Kia Sportage 2025,2025,0 KM,Automatic,Gas,"2,200,000 EGP",,Kia Sportage,A/T / Highline,https://eg.hatla2ee.com/en/new-car/imported/kia/sportage/7202872,https://legion-images.hatla2ee.com/listing_image/d61203d4-6b8b-4a1c-9175-88a5f7f2824a/medium.jpg,2026-04-30 14:54:21
93,new,Mercedes 180 2020,2020,0 KM,Automatic,Diesel,"2,400,000 EGP",,Mercedes,180,https://eg.hatla2ee.com/en/new-car/mercedes/180/unit/7202653,https://legion-images.hatla2ee.com/listing_image/2fdaa5ac-f6b0-4cc4-afc9-837ee094f402/medium.jpg,2026-04-30 14:54:22
93,new,Mercedes GLC 200 AMG Imported 2024,2024,0 KM,Automatic,Hybrid,"4,100,000 EGP",,Mercedes GLC 200 AMG Imported,Imported,https://eg.hatla2ee.com/en/new-car/imported/mercedes/GLC-200-AMG-Imported/7202477,https://legion-images.hatla2ee.com/listing_image/307470fb-e136-4c53-81bb-3e6f217467f7/medium.jpg,2026-04-30 14:54:25
94,new,MG 5 2026,2026,0 KM,Automatic,Gas,"1,250,000 EGP",,MG,5,https://eg.hatla2ee.com/en/new-car/moris-garage/mg-5/unit/7181780,https://legion-images.hatla2ee.com/listing_image/b0b1a97f-2ffc-4fce-a99a-deb1a616a862/medium.jpg,2026-04-30 14:54:36
94,new,Jetour X70S 2025,2025,0 KM,Automatic,Gas,"1,200,000 EGP",,Jetour,X70S,https://eg.hatla2ee.com/en/new-car/jetour/X70S/unit/7194581,https://legion-images.hatla2ee.com/listing_image/848a1da2-bb35-4e14-8568-b874610176ad/medium.jpg,2026-04-30 14:54:37
94,new,BMW M4 2026,2026,0 KM,Automatic,Gas,"11,700,000 EGP",,BMW,M4,https://eg.hatla2ee.com/en/new-car/bmw/M4/unit/7192773,https://legion-images.hatla2ee.com/listing_image/55c004a2-0383-402a-b2e7-fed00668c0e1/medium.jpg,2026-04-30 14:54:38
94,new,Soueast S 05 2026,2026,0 KM,Automatic,Gas,"1,050,000 EGP",,Soueast,S 05,https://eg.hatla2ee.com/en/new-car/soueast/S+05/unit/7192247,https://legion-images.hatla2ee.com/listing_image/f1823f9a-a0aa-4e10-863c-7e0803f39cb3/medium.jpg,2026-04-30 14:54:38
94,new,BMW 520 2014,2014,0 KM,Automatic,Gas,"1,260,000 EGP",,BMW,520,https://eg.hatla2ee.com/en/new-car/bmw/520/unit/7188675,https://legion-images.hatla2ee.com/listing_image/a550d42b-afda-426f-993b-9e99786da511/medium.jpg,2026-04-30 14:54:40
94,new,Mercedes E 200 2026,2026,0 KM,Automatic,Gas,"5,350,000 EGP",,Mercedes,E 200,https://eg.hatla2ee.com/en/new-car/mercedes/e-200/unit/7140299,https://legion-images.hatla2ee.com/listing_image/c8694307-a5e8-43d3-8ad8-f40a0a121a28/medium.jpg,2026-04-30 14:54:43
94,new,Mercedes SL Class 2024,2024,0 KM,Automatic,Gas,"11,250,000 EGP",,Mercedes,SL Class,https://eg.hatla2ee.com/en/new-car/mercedes/sl-class/50949/7202417,https://legion-images.hatla2ee.com/listing_image/46dcd4cf-b73d-4c99-bd72-299b6dc17459/medium.jpg,2026-04-30 14:54:43
94,new,Toyota Fortuner 2026,2026,0 KM,Automatic,Gas,"3,900,000 EGP",,Toyota,Fortuner,https://eg.hatla2ee.com/en/new-car/toyota/fortuner/unit/7189917,https://legion-images.hatla2ee.com/listing_image/5d9d97bf-3271-4507-999d-49a68ca227e1/medium.jpg,2026-04-30 14:54:48
94,new,Volkswagen Tiguan 2026,2026,0 KM,Automatic,Gas,"2,720,000 EGP",,Volkswagen,Tiguan,https://eg.hatla2ee.com/en/new-car/volks-wagen/tiguan/unit/7206928,https://legion-images.hatla2ee.com/listing_image/18259cda-2ff8-4cbe-83f6-16181262a5cd/medium.jpg,2026-04-30 14:54:49
94,new,Kia Sportage 2026,2026,0 KM,Automatic,Gas,"2,500,000 EGP",,Kia,Sportage,https://eg.hatla2ee.com/en/new-car/kia/sportage/unit/7201215,https://legion-images.hatla2ee.com/listing_image/e482a285-a8ef-4af8-8717-1cd950be48d4/medium.jpg,2026-04-30 14:54:49
94,new,MG 5 2026,2026,0 KM,Automatic,Gas,"1,065,000 EGP",,MG,5,https://eg.hatla2ee.com/en/new-car/moris-garage/mg-5/unit/7201850,https://legion-images.hatla2ee.com/listing_image/85d3abdc-5d73-4f25-b29f-4c5f60e79844/medium.jpg,2026-04-30 14:54:50
95,new,Rox 01 2026,2026,0 KM,Automatic,Gas,"3,650,000 EGP",,Rox,01,https://eg.hatla2ee.com/en/new-car/rox/rox-01/unit/7150101,https://legion-images.hatla2ee.com/listing_image/440eddbc-c9a8-4be1-9e59-c2e554ec46e8/medium.jpg,2026-04-30 14:55:01
95,new,Byd Seagull 2025,2025,0 KM,Automatic,Electric,"825,000 EGP",,Byd,Seagull,https://eg.hatla2ee.com/en/new-car/byd/Seagull/unit/7150073,https://legion-images.hatla2ee.com/listing_image/06d60e9e-5b62-4a52-9c1b-01a4253ce27f/medium.jpg,2026-04-30 14:55:01
95,new,Peugeot 3008 2026,2026,0 KM,Automatic,Gas,"1,780,000 EGP",,Peugeot,3008,https://eg.hatla2ee.com/en/new-car/peugeot/3008/unit/7149968,https://legion-images.hatla2ee.com/listing_image/e983c112-16d9-4a93-b9dd-21c43604628e/medium.jpg,2026-04-30 14:55:02
95,new,Jetour T2 2026,2026,0 KM,Automatic,Gas,"1,830,000 EGP",,Jetour,T2,https://eg.hatla2ee.com/en/new-car/jetour/T2/unit/7149906,https://legion-images.hatla2ee.com/listing_image/b9d2fefa-1162-4b38-bbaa-c8c70a4fbaa1/medium.jpg,2026-04-30 14:55:03
95,new,Mercedes GLA 180 2025,2025,0 KM,Automatic,Gas,"3,050,000 EGP",,Mercedes,GLA 180,https://eg.hatla2ee.com/en/new-car/mercedes/GLA-180/unit/7149858,https://legion-images.hatla2ee.com/listing_image/8085e04f-ed47-4a87-a9c4-f6b59dbc2d11/medium.jpg,2026-04-30 14:55:03
95,new,Mercedes E 200 2026,2026,0 KM,Automatic,Gas,"5,150,000 EGP",,Mercedes,E 200,https://eg.hatla2ee.com/en/new-car/mercedes/e-200/unit/7147196,https://legion-images.hatla2ee.com/listing_image/9a134b92-94e6-45ad-95d4-9a868d307ba3/medium.jpg,2026-04-30 14:55:05
95,new,Chevrolet Optra 2026,2026,0 KM,Automatic,Gas,"742,350 EGP",,Chevrolet,Optra,https://eg.hatla2ee.com/en/new-car/chevrolet/optra/unit/42006,https://legion-images.hatla2ee.com/listing_image/3c108e92-fda3-4fb5-a564-da6e0af96131/medium.jpg,2026-04-30 14:55:06
95,new,Hyundai Elantra 2026,2026,0 KM,Automatic,Gas,"1,300,000 EGP",,Hyundai,Elantra,https://eg.hatla2ee.com/en/new-car/hyundai/elantra/unit/7201068,https://legion-images.hatla2ee.com/listing_image/6fe09743-2e29-41c5-9331-95f3056ece37/medium.jpg,2026-04-30 14:55:07
95,new,Chery Tiggo 7 2026,2026,0 KM,Automatic,Gas,"1,140,000 EGP",,Chery,Tiggo 7,https://eg.hatla2ee.com/en/new-car/chery/Tiggo-7/unit/7206924,https://legion-images.hatla2ee.com/listing_image/a5464d48-be3d-492f-b93c-4da6666d6d55/medium.jpg,2026-04-30 14:55:08
95,new,Mercedes E 200 2026,2026,0 KM,Automatic,Gas,"5,950,000 EGP",,Mercedes,E 200,https://eg.hatla2ee.com/en/new-car/mercedes/e-200/unit/7206906,https://legion-images.hatla2ee.com/listing_image/34d88615-0f26-49ba-8ea1-2fcf0f4dc4db/medium.jpg,2026-04-30 14:55:11
95,new,Maserati Grecale 2024,2024,0 KM,Automatic,Gas,"5,950,000 EGP",,Maserati,Grecale,https://eg.hatla2ee.com/en/new-car/maserati/Grecale/unit/7206900,https://legion-images.hatla2ee.com/listing_image/c394dec9-91f1-419e-ab19-0475bee2c773/medium.jpg,2026-04-30 14:55:13
96,new,Porsche Cayenne 2025,2025,0 KM,Automatic,Gas,"12,700,000 EGP",,Porsche,Cayenne,https://eg.hatla2ee.com/en/new-car/porsche/cayenne/unit/7137989,https://legion-images.hatla2ee.com/listing_image/7caa3878-aa57-4e64-a7dc-4cad35e7b995/medium.jpg,2026-04-30 14:55:28
96,new,BMW I7 2025,2025,0 KM,Automatic,Electric,"8,600,000 EGP",,BMW,I7,https://eg.hatla2ee.com/en/new-car/bmw/I7/unit/7134841,https://legion-images.hatla2ee.com/listing_image/761a99a0-c43e-4cb1-9e9e-e41446f58da6/medium.jpg,2026-04-30 14:55:28
96,new,Geely Emgrand 2026,2026,0 KM,Automatic,Gas,"1,025,000 EGP",,Geely,Emgrand,https://eg.hatla2ee.com/en/new-car/geely/Gelly-Emgrand/unit/7196208,https://legion-images.hatla2ee.com/listing_image/be7b6ad1-7639-4bbd-9eb6-1399b55a7e4d/medium.jpg,2026-04-30 14:55:33
96,new,Alfa Romeo Stelvio 2026,2026,0 KM,Automatic,Gas,"3,675,000 EGP",,Alfa Romeo,Stelvio,https://eg.hatla2ee.com/en/new-car/alpha-romeo/Stelvio/unit/7199611,https://legion-images.hatla2ee.com/listing_image/5abf0b3e-0e40-4a9a-a584-85fea07315bd/medium.jpg,2026-04-30 14:55:33
96,new,Xiaomi SU7 2025,2025,0 KM,Automatic,Electric,"2,650,000 EGP",,Xiaomi,SU7,https://eg.hatla2ee.com/en/new-car/xiaomi/Xiaomi_Su7/unit/7164530,https://legion-images.hatla2ee.com/listing_image/e5a94ebf-a299-4da9-8776-949568229fa4/medium.jpg,2026-04-30 14:55:34
97,new,Mercedes E 200 2026,2026,0 KM,Automatic,Gas,"5,800,000 EGP",,Mercedes,E 200,https://eg.hatla2ee.com/en/new-car/mercedes/e-200/unit/7206831,https://legion-images.hatla2ee.com/listing_image/b6b757eb-5e33-4ca4-b7ad-d78eb53e2343/medium.jpg,2026-04-30 14:55:49
97,new,Kia Carnival 2025,2025,0 KM,Automatic,Hybrid,"3,600,000 EGP",,Kia,Carnival,https://eg.hatla2ee.com/en/new-car/kia/carnival/unit/7196388,https://legion-images.hatla2ee.com/listing_image/33b4d7b1-2cab-4c04-ab09-4e95173270e3/medium.jpg,2026-04-30 14:55:53
97,new,Kia Carnival 2025,2025,0 KM,Automatic,Hybrid,"3,600,000 EGP",,Kia,Carnival,https://eg.hatla2ee.com/en/new-car/kia/carnival/unit/7197544,https://legion-images.hatla2ee.com/listing_image/dcbaff98-5396-4210-b202-80d6cfb1d7cc/medium.jpg,2026-04-30 14:55:54
98,new,Kia Carnival 2026,2026,0 KM,Automatic,Hybrid,"3,650,000 EGP",,Kia,Carnival,https://eg.hatla2ee.com/en/new-car/kia/carnival/unit/7196390,https://legion-images.hatla2ee.com/listing_image/05574d51-8c9a-4922-9745-e34ae8871e71/medium.jpg,2026-04-30 14:56:02
98,new,Hyundai Tucson GDI 2026,2026,0 KM,Automatic,Gas,"2,650,000 EGP",,Hyundai,Tucson GDI,https://eg.hatla2ee.com/en/new-car/hyundai/Tucson-GDI/unit/7202109,https://legion-images.hatla2ee.com/listing_image/fa11aa88-dda4-49b6-a6cd-5b65eb9d20f0/medium.jpg,2026-04-30 14:56:04
98,new,Kia Sorento 2025,2025,0 KM,Automatic,Hybrid,"3,475,000 EGP",,Kia,Sorento,https://eg.hatla2ee.com/en/new-car/kia/sorento/unit/7197532,https://legion-images.hatla2ee.com/listing_image/5353d979-804d-4890-b44d-fedfa2fddef9/medium.jpg,2026-04-30 14:56:06
98,new,Seat Ateca 2026,2026,0 KM,Automatic,Gas,"1,875,000 EGP",,Seat,Ateca,https://eg.hatla2ee.com/en/new-car/seat/Ateca/unit/7194471,https://legion-images.hatla2ee.com/listing_image/d3cc2215-9118-4546-906b-bfe5faffaee4/medium.jpg,2026-04-30 14:56:09
98,new,Audi A5 2025,2025,0 KM,Automatic,Gas,"3,300,000 EGP",,Audi,A5,https://eg.hatla2ee.com/en/new-car/audi/a5/unit/7196549,https://legion-images.hatla2ee.com/listing_image/e3000d64-0014-490a-b212-64cb17c7ee2b/medium.jpg,2026-04-30 14:56:13
99,new,Mercedes E 200 2026,2026,0 KM,Automatic,Gas,"5,400,000 EGP",,Mercedes,E 200,https://eg.hatla2ee.com/en/new-car/mercedes/e-200/unit/7206769,https://legion-images.hatla2ee.com/listing_image/db125ce2-92a5-430f-9d1b-63afc66f9f8b/medium.jpg,2026-04-30 14:56:24
99,new,Mercedes CLA 200 2026,2026,0 KM,Automatic,Gas,"3,950,000 EGP",,Mercedes,CLA 200,https://eg.hatla2ee.com/en/new-car/mercedes/cla-200/unit/7188584,https://legion-images.hatla2ee.com/listing_image/564ed1c9-8772-4124-a652-902fd1b0bca1/medium.jpg,2026-04-30 14:56:29
99,new,BMW IX1 2026,2026,0 KM,Automatic,Electric,"2,250,000 EGP",,BMW,IX1,https://eg.hatla2ee.com/en/new-car/bmw/IX1/unit/7198723,https://legion-images.hatla2ee.com/listing_image/8965b081-f34c-4145-b5f2-01c6c28fd9da/medium.jpg,2026-04-30 14:56:31
100,new,Jeep Grand Cherokee 2024,2024,0 KM,Automatic,Gas,"5,200,000 EGP",,Jeep,Grand Cherokee,https://eg.hatla2ee.com/en/new-car/jeep/grand-Cherokee/unit/7205595,https://legion-images.hatla2ee.com/listing_image/403cce4a-9352-496e-9cae-d1a54ac5a405/medium.jpg,2026-04-30 14:56:43
100,new,Xiaomi Yu7 2025,2025,0 KM,Automatic,Electric,"3,900,000 EGP",,Xiaomi,Yu7,https://eg.hatla2ee.com/en/new-car/xiaomi/xiaomi-yu7/unit/7205587,https://legion-images.hatla2ee.com/listing_image/bfc5efc7-c44a-47e1-8a73-c64ef20419d0/medium.jpg,2026-04-30 14:56:43
100,new,Land Rover Range Rover Evoque 2026,2026,0 KM,Automatic,Gas,"3,900,000 EGP",,Land Rover,Range Rover Evoque,https://eg.hatla2ee.com/en/new-car/land-rover/evoque/unit/7206754,https://legion-images.hatla2ee.com/listing_image/8facbf45-7880-4d01-b64d-b8614b09bb8e/medium.jpg,2026-04-30 14:56:43
100,new,Mercedes CLE 200 2026,2026,0 KM,Automatic,Gas,"5,300,000 EGP",,Mercedes,CLE 200,https://eg.hatla2ee.com/en/new-car/mercedes/mercedes-benz-cle-200/unit/7206747,https://legion-images.hatla2ee.com/listing_image/2e8d371f-fb8d-424a-8e96-31ae127ce11a/medium.jpg,2026-04-30 14:56:45
100,new,Nissan Sunny 2027,2027,0 KM,Automatic,Gas,"810,000 EGP",,Nissan,Sunny,https://eg.hatla2ee.com/en/new-car/nissan/sunny/unit/7206744,https://legion-images.hatla2ee.com/listing_image/90e73891-a818-4efb-b455-e157f77f1e5d/medium.jpg,2026-04-30 14:56:45
100,new,Chery Arrizo 6 2026,2026,0 KM,Automatic,Gas,"850,000 EGP",,Chery,Arrizo 6,https://eg.hatla2ee.com/en/new-car/chery/Arrizo-6/unit/7173504,https://legion-images.hatla2ee.com/listing_image/75313d73-2bd7-49d9-a7f9-37d8a5f554ef/medium.jpg,2026-04-30 14:56:46
100,new,Nissan Sunny 2027,2027,0 KM,Automatic,Gas,"755,000 EGP",,Nissan,Sunny,https://eg.hatla2ee.com/en/new-car/nissan/sunny/unit/7160669,https://legion-images.hatla2ee.com/listing_image/4e717ceb-2b26-4682-ad20-f670a8319464/medium.jpg,2026-04-30 14:56:46
100,new,Chery Tiggo 4 Pro 2026,2026,0 KM,Automatic,Gas,"980,000 EGP",,Chery,Tiggo 4 Pro,https://eg.hatla2ee.com/en/new-car/chery/Tiggo-4-Pro/50658/7170549,https://legion-images.hatla2ee.com/listing_image/8d386df2-6abd-4591-a7e9-3bc9572c4076/medium.jpg,2026-04-30 14:56:47
100,new,Changan Eado 2026,2026,0 KM,Automatic,Gas,"900,000 EGP",,Changan,Eado,https://eg.hatla2ee.com/en/new-car/changan/eado/unit/7172938,https://legion-images.hatla2ee.com/listing_image/cfed8733-851e-403c-93be-b868f15a4091/medium.jpg,2026-04-30 14:56:47
100,new,Audi E-Tron 2026,2026,0 KM,Automatic,Electric,"6,300,000 EGP",,Audi,E-Tron,https://eg.hatla2ee.com/en/new-car/audi/E-Tron/unit/7206743,https://legion-images.hatla2ee.com/listing_image/fd910abc-9421-4496-8fe0-23368299348b/medium.jpg,2026-04-30 14:56:47
100,new,Maserati Ghibli 2025,2025,0 KM,Automatic,Gas,"5,190,000 EGP",,Maserati,Ghibli,https://eg.hatla2ee.com/en/new-car/maserati/ghibli/unit/7206740,https://legion-images.hatla2ee.com/listing_image/15a0092a-7092-4931-9742-1785b3f92d10/medium.jpg,2026-04-30 14:56:49
100,new,Chery Tiggo 7 pro max 2026,2026,0 KM,Automatic,Gas,"1,280,000 EGP",,Chery Tiggo 7 pro max,A/T / Flagship,https://eg.hatla2ee.com/en/new-car/imported/chery/Tiggo-7-pro-max/7180647,https://legion-images.hatla2ee.com/listing_image/0161f6d3-9a8b-446d-8d03-86c23d3ff7ea/medium.jpg,2026-04-30 14:56:49
100,new,Chery Arrizo 6 gt 2026,2026,0 KM,Automatic,Gas,"900,000 EGP",,Chery,Arrizo 6 gt,https://eg.hatla2ee.com/en/new-car/chery/arrizo-6-gt/51065/7177296,https://legion-images.hatla2ee.com/listing_image/e46b81f4-3c40-4073-b554-d66926a51e3a/medium.jpg,2026-04-30 14:56:49
100,new,Chery Arrizo 5 2026,2026,0 KM,Automatic,Gas,"740,000 EGP",,Chery,Arrizo 5,https://eg.hatla2ee.com/en/new-car/chery/Arrizo-5/50655/7174341,https://legion-images.hatla2ee.com/listing_image/0e73e113-26eb-43ed-98e6-bdf3a9453a8f/medium.jpg,2026-04-30 14:56:50
101,new,Chery Tiggo 8 Pro Max 2026,2026,0 KM,Automatic,Gas,"1,725,000 EGP",,Chery,Tiggo 8 Pro Max,https://eg.hatla2ee.com/en/new-car/chery/Tiggo-8-Pro-Max/unit/7174339,https://legion-images.hatla2ee.com/listing_image/b114acf3-b59d-4db3-8e77-cb04833011dc/medium.jpg,2026-04-30 14:56:59
101,new,Chery Tiggo 8 2026,2026,0 KM,Automatic,Gas,"1,250,000 EGP",,Chery,Tiggo 8,https://eg.hatla2ee.com/en/new-car/chery/Tiggo-8/unit/7195855,https://legion-images.hatla2ee.com/listing_image/c43b96a3-2027-4306-a7ce-baeba5a886a9/medium.jpg,2026-04-30 14:57:00
101,new,Mercedes CLA 200 2026,2026,0 KM,Automatic,Gas,"3,600,000 EGP",,Mercedes,CLA 200,https://eg.hatla2ee.com/en/new-car/mercedes/cla-200/unit/7206741,https://legion-images.hatla2ee.com/listing_image/41f08c5e-6757-4c98-9686-6f7ba951cafd/medium.jpg,2026-04-30 14:57:00
101,new,Soueast S 05 2026,2026,0 KM,Automatic,Gas,"1,160,000 EGP",,Soueast,S 05,https://eg.hatla2ee.com/en/new-car/soueast/S+05/unit/7202837,https://legion-images.hatla2ee.com/listing_image/588fe1cd-7a84-4623-ac48-c1a7d71c9713/medium.jpg,2026-04-30 14:57:01
101,new,MG 7 2026,2026,0 KM,Automatic,Gas,"1,700,000 EGP",,MG,7,https://eg.hatla2ee.com/en/new-car/moris-garage/mg-7/unit/7200004,https://legion-images.hatla2ee.com/listing_image/77f4cd97-8e9d-4fc0-96b3-302922f0a25f/medium.jpg,2026-04-30 14:57:02
101,new,Peugeot 408 2026,2026,0 KM,Automatic,Gas,"2,200,000 EGP",,Peugeot,408,https://eg.hatla2ee.com/en/new-car/peugeot/408/unit/7200043,https://legion-images.hatla2ee.com/listing_image/433a9292-cef3-403c-8dc6-095c436a6f8e/medium.jpg,2026-04-30 14:57:02
101,new,Chery Tiggo 8 2026,2026,0 KM,Automatic,Gas,"1,255,000 EGP",,Chery,Tiggo 8,https://eg.hatla2ee.com/en/new-car/chery/Tiggo-8/unit/7200045,https://legion-images.hatla2ee.com/listing_image/cc08cdc5-310a-4224-92ed-e783facdc3b0/medium.jpg,2026-04-30 14:57:03
101,new,Nissan Sentra 2026,2026,0 KM,Automatic,Gas,"1,050,000 EGP",,Nissan,Sentra,https://eg.hatla2ee.com/en/new-car/nissan/sentra/unit/7200051,https://legion-images.hatla2ee.com/listing_image/abcf9cc6-5a18-40ab-a37c-68886c7e9216/medium.jpg,2026-04-30 14:57:03
101,new,Hyundai Elantra 2026,2026,0 KM,Automatic,Gas,"1,215,000 EGP",,Hyundai,Elantra,https://eg.hatla2ee.com/en/new-car/hyundai/elantra/unit/7200053,https://legion-images.hatla2ee.com/listing_image/6c481d1c-0d2a-4e8c-bccc-9584a6681bfb/medium.jpg,2026-04-30 14:57:04
101,new,Chery Tiggo 7 2026,2026,0 KM,Automatic,Gas,"1,115,000 EGP",,Chery,Tiggo 7,https://eg.hatla2ee.com/en/new-car/chery/Tiggo-7/unit/7200003,https://legion-images.hatla2ee.com/listing_image/0daad9c7-7dbf-4b3d-8d1a-fd838ab8e62b/medium.jpg,2026-04-30 14:57:04
101,new,Seat Ibiza 2026,2026,0 KM,Automatic,Gas,"1,250,000 EGP",,Seat,Ibiza,https://eg.hatla2ee.com/en/new-car/seat/ibiza/unit/7200048,https://legion-images.hatla2ee.com/listing_image/303d3107-549f-4045-90fd-22a762563c59/medium.jpg,2026-04-30 14:57:05
101,new,Jetour T1 2026,2026,0 KM,Automatic,Gas,"1,875,000 EGP",,Jetour,T1,https://eg.hatla2ee.com/en/new-car/jetour/T1/unit/7200350,https://legion-images.hatla2ee.com/listing_image/cece0276-0e57-440a-b192-14a7e5cde0e4/medium.jpg,2026-04-30 14:57:06
101,new,Renault Kardian 2026,2026,0 KM,Automatic,Gas,"900,000 EGP",,Renault,Kardian,https://eg.hatla2ee.com/en/new-car/renault/Kardian/unit/7200001,https://legion-images.hatla2ee.com/listing_image/86e7d363-b381-45bc-bff8-dac3fa123cde/medium.jpg,2026-04-30 14:57:06
101,new,Renault Taliant 2026,2026,0 KM,Automatic,Gas,"795,000 EGP",,Renault,Taliant,https://eg.hatla2ee.com/en/new-car/renault/Taliant/unit/7200037,https://legion-images.hatla2ee.com/listing_image/c3646171-064b-4086-ab90-55b4c8b650b5/medium.jpg,2026-04-30 14:57:06
101,new,Kia Sportage 2026,2026,0 KM,Automatic,Gas,"1,950,000 EGP",,Kia,Sportage,https://eg.hatla2ee.com/en/new-car/kia/sportage/unit/7200046,https://legion-images.hatla2ee.com/listing_image/388ba145-4897-4ece-959e-d34628bc12ab/medium.jpg,2026-04-30 14:57:07
102,new,Jetour T2 2026,2026,0 KM,Automatic,Gas,"2,025,000 EGP",,Jetour,T2,https://eg.hatla2ee.com/en/new-car/jetour/T2/unit/7199997,https://legion-images.hatla2ee.com/listing_image/3d8b1743-f8d1-4b46-8c85-f7ed53b8bcc7/medium.jpg,2026-04-30 14:57:16
102,new,Suzuki Swift 2026,2026,0 KM,Automatic,Gas,"900,000 EGP",,Suzuki,Swift,https://eg.hatla2ee.com/en/new-car/suzuki/swift/unit/7200006,https://legion-images.hatla2ee.com/listing_image/c90a02c0-e14d-44b0-bc26-30498f718b31/medium.jpg,2026-04-30 14:57:16
102,new,MG 5 2026,2026,0 KM,Automatic,Gas,"965,000 EGP",,MG,5,https://eg.hatla2ee.com/en/new-car/moris-garage/mg-5/unit/7199990,https://legion-images.hatla2ee.com/listing_image/b0afcc12-5609-435d-be07-5ab6a3068ac7/medium.jpg,2026-04-30 14:57:17
102,new,MG ZS 2026,2026,0 KM,Automatic,Gas,"1,125,000 EGP",,MG,ZS,https://eg.hatla2ee.com/en/new-car/moris-garage/zs/unit/7199993,https://legion-images.hatla2ee.com/listing_image/9888563f-3d4e-4e9e-bc0a-928856e113fd/medium.jpg,2026-04-30 14:57:17
102,new,Jetour X70S 2026,2026,0 KM,Automatic,Gas,"1,225,000 EGP",,Jetour,X70S,https://eg.hatla2ee.com/en/new-car/jetour/X70S/unit/7199998,https://legion-images.hatla2ee.com/listing_image/d208b7be-5cc9-48d2-b797-74c3e1d75b72/medium.jpg,2026-04-30 14:57:18
102,new,Hyundai Tucson 2026,2026,0 KM,Automatic,Gas,"1,875,000 EGP",,Hyundai,Tucson,https://eg.hatla2ee.com/en/new-car/hyundai/tucson/unit/7159683,https://legion-images.hatla2ee.com/listing_image/b8818b55-5fc6-458d-8e92-d1c6c0f1d135/medium.jpg,2026-04-30 14:57:21
102,new,Hyundai Tucson 2026,2026,0 KM,Automatic,Gas,"2,200,000 EGP",,Hyundai,Tucson,https://eg.hatla2ee.com/en/new-car/hyundai/tucson/unit/7202306,https://legion-images.hatla2ee.com/listing_image/89d572d7-8cbf-443a-a2c3-af1f47f89ecb/medium.jpg,2026-04-30 14:57:22
102,new,Changan UNI-V 2026,2026,0 KM,Automatic,Gas,"1,350,000 EGP",,Changan,UNI-V,https://eg.hatla2ee.com/en/new-car/changan/UNI-V/unit/7198791,https://legion-images.hatla2ee.com/listing_image/993b8261-a408-45ef-b85b-40097f96ff2d/medium.jpg,2026-04-30 14:57:22
102,new,Changan CS75 2026,2026,0 KM,Automatic,Gas,"1,700,000 EGP",,Changan,CS75,https://eg.hatla2ee.com/en/new-car/changan/CS75/unit/7199188,https://legion-images.hatla2ee.com/listing_image/04529e98-6dcf-46ad-a84e-7f980c94b68c/medium.jpg,2026-04-30 14:57:23
103,new,Porsche Taycan 2026,2026,0 KM,Automatic,Electric,"7,500,000 EGP",,Porsche,Taycan,https://eg.hatla2ee.com/en/new-car/porsche/Taycan/unit/7206689,https://legion-images.hatla2ee.com/listing_image/0ad0411b-9c5c-4f10-9e71-9b1bf225729c/medium.jpg,2026-04-30 14:57:35
103,new,Baic U5 plus 2026,2026,0 KM,Automatic,Gas,"910,000 EGP",,Baic,U5 plus,https://eg.hatla2ee.com/en/new-car/baic/U5-plus/unit/7184684,https://legion-images.hatla2ee.com/listing_image/54ce3a23-db93-453c-90ed-81700b5bfdfa/medium.jpg,2026-04-30 14:57:36
103,new,Mercedes C 180 2025,2025,0 KM,Automatic,Gas,"3,600,000 EGP",,Mercedes,C 180,https://eg.hatla2ee.com/en/new-car/mercedes/c-180/unit/7206676,https://legion-images.hatla2ee.com/listing_image/1c2ff680-84f6-4658-ae5a-475858e91950/medium.jpg,2026-04-30 14:57:36
103,new,Cupra Terramar 2025,2025,0 KM,Automatic,Gas,"2,260,000 EGP",,Cupra,Terramar,https://eg.hatla2ee.com/en/new-car/cupra/Terramar/unit/7206620,https://legion-images.hatla2ee.com/listing_image/5cc30456-855f-4381-9c33-ccfe77fdaa71/medium.jpg,2026-04-30 14:57:37
103,new,Jetour Dashing 2026,2026,0 KM,Automatic,Gas,"1,600,000 EGP",,Jetour,Dashing,https://eg.hatla2ee.com/en/new-car/jetour/Dashing/unit/7206664,https://legion-images.hatla2ee.com/listing_image/ef3635cf-fe3b-433e-b983-ac5a60b172ef/medium.jpg,2026-04-30 14:57:40
103,new,Nissan Sunny 2027,2027,0 KM,Automatic,Gas,"850,000 EGP",,Nissan,Sunny,https://eg.hatla2ee.com/en/new-car/nissan/sunny/unit/7206658,https://legion-images.hatla2ee.com/listing_image/60cad044-30ff-43aa-b73e-6dc812183189/medium.jpg,2026-04-30 14:57:41
103,new,Soueast S 07 2027,2027,0 KM,Automatic,Gas,"1,620,000 EGP",,Soueast,S 07,https://eg.hatla2ee.com/en/new-car/soueast/S+07/unit/7206657,https://legion-images.hatla2ee.com/listing_image/e53b47ce-2d79-4501-9be3-be3d30946d2a/medium.jpg,2026-04-30 14:57:41
104,new,Skoda Kodiaq 2026,2026,0 KM,Automatic,Gas,"3,150,000 EGP",,Skoda,Kodiaq,https://eg.hatla2ee.com/en/new-car/skoda/kodiaq/unit/7206640,https://legion-images.hatla2ee.com/listing_image/e0b149f8-ce33-45d9-bf54-9aafe8fb9499/medium.jpg,2026-04-30 14:57:50
104,new,Chery Arrizo 5 2026,2026,0 KM,Automatic,Gas,"735,000 EGP",,Chery,Arrizo 5,https://eg.hatla2ee.com/en/new-car/chery/Arrizo-5/unit/7176981,https://legion-images.hatla2ee.com/listing_image/46552311-c9cf-485e-87e5-d49cf7894471/medium.jpg,2026-04-30 14:57:50
104,new,Hyundai Tucson GDI 2026,2026,0 KM,Automatic,Gas,"1,925,000 EGP",,Hyundai,Tucson GDI,https://eg.hatla2ee.com/en/new-car/hyundai/Tucson-GDI/unit/7206653,https://legion-images.hatla2ee.com/listing_image/d04f66fb-e6f4-493f-98d3-9b932367037d/medium.jpg,2026-04-30 14:57:51
104,new,Nissan Sentra 2026,2026,0 KM,Automatic,Gas,"995,000 EGP",,Nissan,Sentra,https://eg.hatla2ee.com/en/new-car/nissan/sentra/unit/7197139,https://legion-images.hatla2ee.com/listing_image/2e67f61a-4925-432d-ac51-73913850669b/medium.jpg,2026-04-30 14:57:52
104,new,Chery Tiggo 4 Pro 2026,2026,0 KM,Automatic,Gas,"1,075,000 EGP",,Chery,Tiggo 4 Pro,https://eg.hatla2ee.com/en/new-car/chery/Tiggo-4-Pro/unit/7206629,https://legion-images.hatla2ee.com/listing_image/d9a9f817-890d-4364-bcff-adf40e6f5b61/medium.jpg,2026-04-30 14:57:54
104,new,Tesla Cybertruck 2025,2025,0 KM,Automatic,Electric,"11,000,000 EGP",,Tesla,Cybertruck,https://eg.hatla2ee.com/en/new-car/tesla/tesla-cybertruck/unit/7206628,https://legion-images.hatla2ee.com/listing_image/b6f4fabe-2ace-40e3-bf43-991090adf755/medium.jpg,2026-04-30 14:57:54
104,new,Cadillac Escalade 2026,2026,0 KM,Automatic,Electric,"8,500,000 EGP",,Cadillac,Escalade,https://eg.hatla2ee.com/en/new-car/cadillac/escalade/unit/7198177,https://legion-images.hatla2ee.com/listing_image/8124bd97-5a42-44c8-b093-423e0dac2dca/medium.jpg,2026-04-30 14:57:56
105,new,Byd Song L 2025,2025,0 KM,Automatic,Electric,"2,300,000 EGP",,Byd,Song L,https://eg.hatla2ee.com/en/new-car/byd/byd-song-l/unit/7206615,https://legion-images.hatla2ee.com/listing_image/071d8444-8d5e-48d0-bd8e-ab32d65c2a91/medium.jpg,2026-04-30 14:58:06
105,new,Lynkco Other 2026,2026,0 KM,Automatic,Hybrid,"3,400,000 EGP",,Lynkco,Other,https://eg.hatla2ee.com/en/new-car/lynkco/other-lynkco/unit/7202156,https://legion-images.hatla2ee.com/listing_image/cb2fd20a-7667-42cc-ac0e-ce78d5428afa/medium.jpg,2026-04-30 14:58:07
105,new,Mercedes GLC 2026,2026,0 KM,Automatic,Electric,"4,000,000 EGP",,Mercedes,GLC,https://eg.hatla2ee.com/en/new-car/mercedes/GLC/unit/7144802,https://legion-images.hatla2ee.com/listing_image/eb72d6a4-6a78-47f2-b948-e214729bb894/medium.jpg,2026-04-30 14:58:10
105,new,Toyota Urban Cruiser 2026,2026,0 KM,Automatic,Gas,"1,530,000 EGP",,Toyota,Urban Cruiser,https://eg.hatla2ee.com/en/new-car/toyota/Urban-Cruiser/unit/7206613,https://legion-images.hatla2ee.com/listing_image/9b04c580-58fb-47cc-835d-b3e6f4959399/medium.jpg,2026-04-30 14:58:10
105,new,Porsche Macan 2026,2026,0 KM,Automatic,Gas,"6,000,000 EGP",,Porsche,Macan,https://eg.hatla2ee.com/en/new-car/porsche/macan/unit/7206610,https://legion-images.hatla2ee.com/listing_image/2055894f-27e6-4d5f-a614-e0595d7110c8/medium.jpg,2026-04-30 14:58:11
105,new,Mercedes GLC 200 2025,2025,0 KM,Automatic,Gas,"4,250,000 EGP",,Mercedes,GLC 200,https://eg.hatla2ee.com/en/new-car/mercedes/GLC-200/unit/7205511,https://legion-images.hatla2ee.com/listing_image/baf4f65b-e672-4544-80a8-10287127a21a/medium.jpg,2026-04-30 14:58:13
105,new,Mercedes GLC 43 2026,2026,0 KM,Automatic,Diesel,"7,600,000 EGP",,Mercedes,GLC 43,https://eg.hatla2ee.com/en/new-car/mercedes/mercedes-benz-glc-43/unit/7205583,https://legion-images.hatla2ee.com/listing_image/b4c6eee6-d142-4003-b9c6-381f99916155/medium.jpg,2026-04-30 14:58:14
105,new,Mercedes E 200 2026,2026,0 KM,Automatic,Gas,"5,900,000 EGP",,Mercedes,E 200,https://eg.hatla2ee.com/en/new-car/mercedes/e-200/unit/7205448,https://legion-images.hatla2ee.com/listing_image/dd3970df-f711-4a16-a32b-c8d84dd97e8d/medium.jpg,2026-04-30 14:58:14
106,new,Jetour Dashing 2026,2026,0 KM,Automatic,Gas,"1,330,000 EGP",,Jetour,Dashing,https://eg.hatla2ee.com/en/new-car/jetour/Dashing/unit/7207029,https://legion-images.hatla2ee.com/listing_image/668ad601-8432-43b4-8f66-a9c6add7d092/medium.jpg,2026-04-30 14:58:23
106,new,Jac JS6 2026,2026,0 KM,Automatic,Gas,"1,290,000 EGP",,Jac,JS6,https://eg.hatla2ee.com/en/new-car/jac/JS6/unit/7207033,https://legion-images.hatla2ee.com/listing_image/50d59096-21b1-46e5-a6b1-1e925b008f01/medium.jpg,2026-04-30 14:58:24
106,new,Cupra Terramar 2026,2026,0 KM,Automatic,Gas,"2,350,000 EGP",,Cupra,Terramar,https://eg.hatla2ee.com/en/new-car/cupra/Terramar/unit/7165617,https://legion-images.hatla2ee.com/listing_image/55c163e7-6da1-465b-b512-25ffcfc01e51/medium.jpg,2026-04-30 14:58:24
106,new,Mercedes E 200 2026,2026,0 KM,Automatic,Gas,"5,900,000 EGP",,Mercedes,E 200,https://eg.hatla2ee.com/en/new-car/mercedes/e-200/unit/43149,https://legion-images.hatla2ee.com/listing_image/725e8874-91ec-4527-88c8-6cb3f99e8587/medium.jpg,2026-04-30 14:58:25
106,new,GAC Emzoom 2026,2026,0 KM,Automatic,Gas,"1,109,000 EGP",,GAC,Emzoom,https://eg.hatla2ee.com/en/new-car/gac/Emzoom/unit/7207032,https://legion-images.hatla2ee.com/listing_image/4778063f-b66d-481e-9123-a3f4760af991/medium.jpg,2026-04-30 14:58:27
106,new,GAC Empow 2026,2026,0 KM,Automatic,Gas,"1,295,000 EGP",,GAC,Empow,https://eg.hatla2ee.com/en/new-car/gac/Empow/unit/7207130,https://legion-images.hatla2ee.com/listing_image/1b91b6c3-4e8e-4f47-a3a4-73fca618cacc/medium.jpg,2026-04-30 14:58:27
106,new,Baic X7 2026,2026,0 KM,Automatic,Gas,"1,505,000 EGP",,Baic,X7,https://eg.hatla2ee.com/en/new-car/baic/BEIJING-X7/unit/7207034,https://legion-images.hatla2ee.com/listing_image/018e116f-5b5e-4bf7-aa7f-81b355e0dbbf/medium.jpg,2026-04-30 14:58:28
106,new,MG ZS 2026,2026,0 KM,Automatic,Gas,"1,050,000 EGP",,MG,ZS,https://eg.hatla2ee.com/en/new-car/moris-garage/zs/unit/7207038,https://legion-images.hatla2ee.com/listing_image/340fd6bf-6ba8-4e32-9a92-869a753506be/medium.jpg,2026-04-30 14:58:29
106,new,Land Rover Range Rover Evoque 2026,2026,0 KM,Automatic,Gas,"4,300,000 EGP",,Land Rover,Range Rover Evoque,https://eg.hatla2ee.com/en/new-car/land-rover/evoque/unit/7171549,https://legion-images.hatla2ee.com/listing_image/3ecd45cb-c95c-4646-bcb5-0def6982139b/medium.jpg,2026-04-30 14:58:30
106,new,Volkswagen Tiguan 2026,2026,0 KM,Automatic,Gas,"2,725,000 EGP",,Volkswagen,Tiguan,https://eg.hatla2ee.com/en/new-car/volks-wagen/tiguan/unit/7198101,https://legion-images.hatla2ee.com/listing_image/0c675110-691c-4d56-9ce2-c5fb948621f7/medium.jpg,2026-04-30 14:58:31
106,new,Kaiyi X3 Pro 2026,2026,0 KM,Automatic,Gas,"1,060,000 EGP",,Kaiyi,X3 Pro,https://eg.hatla2ee.com/en/new-car/Kaiyi/KAIYI-X3-PRO/unit/7197186,https://legion-images.hatla2ee.com/listing_image/b4d7099e-5b83-403f-8504-a0f0291ac735/medium.jpg,2026-04-30 14:58:32
107,new,Seat Ibiza 2026,2026,0 KM,Automatic,Gas,"1,490,000 EGP",,Seat,Ibiza,https://eg.hatla2ee.com/en/new-car/seat/ibiza/unit/43583,https://legion-images.hatla2ee.com/listing_image/285377f1-83d8-426a-bdd3-e0a622f19448/medium.jpg,2026-04-30 14:58:40
107,new,Seat Leon 2026,2026,0 KM,Automatic,Gas,"1,550,000 EGP",,Seat,Leon,https://eg.hatla2ee.com/en/new-car/seat/leon/unit/43585,https://legion-images.hatla2ee.com/listing_image/41e3cf38-0cc0-45b1-966f-9dbc46568996/medium.jpg,2026-04-30 14:58:40
107,new,Hyundai Tucson GDI 2026,2026,0 KM,Automatic,Gas,"1,825,000 EGP",,Hyundai,Tucson GDI,https://eg.hatla2ee.com/en/new-car/hyundai/Tucson-GDI/unit/7197170,https://legion-images.hatla2ee.com/listing_image/ee759c99-c6fd-4a7f-9b19-714d64fdea80/medium.jpg,2026-04-30 14:58:40
107,new,Nissan Sentra 2026,2026,0 KM,Automatic,Gas,"1,050,000 EGP",,Nissan,Sentra,https://eg.hatla2ee.com/en/new-car/nissan/sentra/unit/43650,https://legion-images.hatla2ee.com/listing_image/aed6e943-f524-49b9-908c-947d383072fe/medium.jpg,2026-04-30 14:58:41
107,new,Jac J7 2025,2025,0 KM,Automatic,Gas,"1,040,000 EGP",,Jac,J7,https://eg.hatla2ee.com/en/new-car/jac/J7/unit/7207031,https://legion-images.hatla2ee.com/listing_image/3d3ffa4a-32a7-4837-9a2f-00ec6a849c36/medium.jpg,2026-04-30 14:58:41
107,new,Rox Other 2026,2026,0 KM,Automatic,Hybrid,"4,100,000 EGP",,Rox,Other,https://eg.hatla2ee.com/en/new-car/rox/other-rox/unit/7202243,https://legion-images.hatla2ee.com/listing_image/5d86dc7e-263d-4c75-8e80-d5d25d718a8b/medium.jpg,2026-04-30 14:58:41
107,new,Mercedes S 450 2026,2026,0 KM,Automatic,Gas,"10,900,000 EGP",,Mercedes,S 450,https://eg.hatla2ee.com/en/new-car/mercedes/S-450/unit/7171096,https://legion-images.hatla2ee.com/listing_image/e8cdc409-fdfd-4960-bbe1-b926a941ef35/medium.jpg,2026-04-30 14:58:42
107,new,Land Rover Range Rover Evoque 2026,2026,0 KM,Automatic,Hybrid,"4,050,000 EGP",,Land Rover,Range Rover Evoque,https://eg.hatla2ee.com/en/new-car/land-rover/evoque/unit/43067,https://legion-images.hatla2ee.com/listing_image/98349adb-4fed-45a1-8aed-76dfc5f1aa41/medium.jpg,2026-04-30 14:58:42
107,new,Nissan Sunny 2026,2026,0 KM,Automatic,Gas,"750,000 EGP",,Nissan,Sunny,https://eg.hatla2ee.com/en/new-car/nissan/sunny/unit/7141990,https://legion-images.hatla2ee.com/listing_image/6973f5d0-a6c3-4ce0-97d0-992fc4071628/medium.jpg,2026-04-30 14:58:43
107,new,Rolls Royce Cullinan 2023,2023,0 KM,Automatic,Gas,"53,000,000 EGP",,Rolls Royce,Cullinan,https://eg.hatla2ee.com/en/new-car/Rolls-Royce/Cullinan/unit/7206554,https://legion-images.hatla2ee.com/listing_image/1a92957c-769f-4c07-814e-62fb1af459fb/medium.jpg,2026-04-30 14:58:44
107,new,Sandstorm S24 2026,2026,0 KM,Manual,Diesel,"2,450,000 EGP",,Sandstorm,S24,https://eg.hatla2ee.com/en/new-car/sandstorm/s24/unit/7206549,https://legion-images.hatla2ee.com/listing_image/7402e081-7115-4bed-a307-8d174aac976f/medium.jpg,2026-04-30 14:58:45
108,new,Audi Q5 2025,2025,0 KM,Automatic,Electric,"2,650,000 EGP",,Audi,Q5,https://eg.hatla2ee.com/en/new-car/audi/q5/unit/7188241,https://legion-images.hatla2ee.com/listing_image/7ff70761-67ee-4983-ad31-c23257d114d8/medium.jpg,2026-04-30 14:58:53
108,new,BMW 520 2023,2023,0 KM,Automatic,Gas,"3,700,000 EGP",,BMW,520,https://eg.hatla2ee.com/en/new-car/bmw/520/unit/null,https://legion-images.hatla2ee.com/listing_image/9ff2f813-e3cd-41bc-898e-9e6a62bcf93b/medium.jpg,2026-04-30 14:58:56
108,new,Jaguar F-Pace 2025,2025,0 KM,Automatic,Gas,"5,200,000 EGP",,Jaguar,F-Pace,https://eg.hatla2ee.com/en/new-car/jaguar/f-pace/unit/7201658,https://legion-images.hatla2ee.com/listing_image/e7996b00-ade1-4945-bf34-8060f3bdf7ca/medium.jpg,2026-04-30 14:58:58
108,new,Avatr 12 2025,2025,0 KM,Automatic,Hybrid,"3,400,000 EGP",,Avatr,12,https://eg.hatla2ee.com/en/new-car/avatr/avatr-12/unit/7206520,https://legion-images.hatla2ee.com/listing_image/ed18e3cc-7dba-4040-9b80-656f3015eca4/medium.jpg,2026-04-30 14:58:59
108,new,Mercedes GLC 43 2026,2026,0 KM,Automatic,Gas,"7,500,000 EGP",,Mercedes,GLC 43,https://eg.hatla2ee.com/en/new-car/mercedes/mercedes-benz-glc-43/unit/7187359,https://legion-images.hatla2ee.com/listing_image/7c7a6886-3ec7-4a46-9340-3b303545aec2/medium.jpg,2026-04-30 14:58:59
108,new,Mercedes GLA 200 2026,2026,0 KM,Automatic,Gas,"3,600,000 EGP",,Mercedes,GLA 200,https://eg.hatla2ee.com/en/new-car/mercedes/GLA-200/unit/7156772,https://legion-images.hatla2ee.com/listing_image/0d1b276b-631e-4ae0-8d2c-0a0f48d87eb2/medium.jpg,2026-04-30 14:59:01
108,new,Mercedes C 180 2022,2022,0 KM,Automatic,Gas,"3,000,000 EGP",,Mercedes,C 180,https://eg.hatla2ee.com/en/new-car/mercedes/c-180/unit/40656,https://legion-images.hatla2ee.com/listing_image/992e6803-6342-47ed-9faa-0b32b1494d22/medium.jpg,2026-04-30 14:59:02
109,new,Byd Leopard 7 2025,2025,0 KM,Automatic,Electric,"2,990,000 EGP",,Byd,Leopard 7,https://eg.hatla2ee.com/en/new-car/byd/leopard-7/unit/7183317,https://legion-images.hatla2ee.com/listing_image/2bcc752c-6639-41c8-bf99-84835807449c/medium.jpg,2026-04-30 14:59:11
109,new,Hyundai Elantra 2026,2026,0 KM,Automatic,Gas,"1,410,000 EGP",,Hyundai,Elantra,https://eg.hatla2ee.com/en/new-car/hyundai/elantra/unit/7206515,https://legion-images.hatla2ee.com/listing_image/a5d302bf-992d-4525-a3fa-85a23db4e8db/medium.jpg,2026-04-30 14:59:12
109,new,Chevrolet Optra 2026,2026,0 KM,Automatic,Gas,"905,000 EGP",,Chevrolet,Optra,https://eg.hatla2ee.com/en/new-car/chevrolet/optra/unit/7206513,https://legion-images.hatla2ee.com/listing_image/1d8b8aac-8d9a-4a4a-b627-dc2ed825b131/medium.jpg,2026-04-30 14:59:12
109,new,Jetour X70S 2026,2026,0 KM,Automatic,Gas,"1,210,000 EGP",,Jetour,X70S,https://eg.hatla2ee.com/en/new-car/jetour/X70S/unit/7206509,https://legion-images.hatla2ee.com/listing_image/86601042-1c86-4cf0-8761-d0e228720586/medium.jpg,2026-04-30 14:59:13
109,new,Baic U5 plus 2025,2025,0 KM,Automatic,Gas,"830,000 EGP",,Baic,U5 plus,https://eg.hatla2ee.com/en/new-car/baic/U5-plus/unit/7206505,https://legion-images.hatla2ee.com/listing_image/94ac7c94-0562-4f77-a756-c1329bd1cdf9/medium.jpg,2026-04-30 14:59:14
109,new,Nissan Sunny 2026,2026,0 KM,Automatic,Gas,"745,000 EGP",,Nissan,Sunny,https://eg.hatla2ee.com/en/new-car/nissan/sunny/unit/7199143,https://legion-images.hatla2ee.com/listing_image/313134a3-9211-4888-a5b3-7ac9c68c559a/medium.jpg,2026-04-30 14:59:14
109,new,Nissan Juke 2026,2026,0 KM,Automatic,Gas,"1,135,000 EGP",,Nissan,Juke,https://eg.hatla2ee.com/en/new-car/nissan/juke/unit/7199170,https://legion-images.hatla2ee.com/listing_image/0b77699a-17c0-4005-b296-7d61f9c6d146/medium.jpg,2026-04-30 14:59:15
109,new,Skoda Kodiaq 2026,2026,0 KM,Automatic,Gas,"2,900,000 EGP",,Skoda,Kodiaq,https://eg.hatla2ee.com/en/new-car/skoda/kodiaq/unit/7199200,https://legion-images.hatla2ee.com/listing_image/c9bcd531-a0d0-432b-ae7a-229190b1b403/medium.jpg,2026-04-30 14:59:15
109,new,Mercedes Viano 2026,2026,0 KM,Automatic,Gas,"7,500,000 EGP",,Mercedes,Viano,https://eg.hatla2ee.com/en/new-car/mercedes/Viano/unit/7169668,https://legion-images.hatla2ee.com/listing_image/c28a1433-46ab-4b65-8772-963db7e01617/medium.jpg,2026-04-30 14:59:16
109,new,Nissan Qashqai 2026,2026,0 KM,Automatic,Gas,"1,775,000 EGP",,Nissan,Qashqai,https://eg.hatla2ee.com/en/new-car/nissan/qashqai/unit/7206500,https://legion-images.hatla2ee.com/listing_image/f733f626-06b8-4264-b748-a617027e984f/medium.jpg,2026-04-30 14:59:16
109,new,Mercedes 500 2024,2024,0 KM,Automatic,Gas,"4,280,000 EGP",,Mercedes,500,https://eg.hatla2ee.com/en/new-car/mercedes/mercedes-benz-eqe-500/unit/7180176,https://legion-images.hatla2ee.com/listing_image/c45ad0ce-dbad-4290-8b88-03453cf3c92c/medium.jpg,2026-04-30 14:59:16
109,new,Mercedes EQE 350 2024,2024,0 KM,Automatic,Electric,"3,950,000 EGP",,Mercedes,EQE 350,https://eg.hatla2ee.com/en/new-car/mercedes/mercedes-benz-eqe-350/unit/7195339,https://legion-images.hatla2ee.com/listing_image/dff880b7-9b2a-43ac-82a7-2681c612f913/medium.jpg,2026-04-30 14:59:17
110,new,Kia Sportage 2026,2026,0 KM,Automatic,Gas,"2,425,000 EGP",,Kia,Sportage,https://eg.hatla2ee.com/en/new-car/kia/sportage/unit/7199187,https://legion-images.hatla2ee.com/listing_image/652be9ca-f649-4b6d-9995-376334c87ab0/medium.jpg,2026-04-30 14:59:27
110,new,Skoda Octavia 2026,2026,0 KM,Automatic,Gas,"1,850,000 EGP",,Skoda,Octavia,https://eg.hatla2ee.com/en/new-car/skoda/octavia/unit/7199273,https://legion-images.hatla2ee.com/listing_image/fb333f70-c102-4fad-914b-055db9f84069/medium.jpg,2026-04-30 14:59:27
110,new,MG One 2026,2026,0 KM,Automatic,Gas,"1,550,000 EGP",,MG,One,https://eg.hatla2ee.com/en/new-car/moris-garage/MG+One/unit/7206491,https://legion-images.hatla2ee.com/listing_image/822c3d09-b7e3-45ca-9ffd-286f1b058cd9/medium.jpg,2026-04-30 14:59:28
110,new,Baic X35 2026,2026,0 KM,Automatic,Gas,"975,000 EGP",,Baic,X35,https://eg.hatla2ee.com/en/new-car/baic/Baic-X35/unit/7206490,https://legion-images.hatla2ee.com/listing_image/b081757c-7aa7-4350-abca-48cff3dcd6e9/medium.jpg,2026-04-30 14:59:28
110,new,Kaiyi X7 2026,2026,0 KM,Automatic,Gas,"1,445,000 EGP",,Kaiyi,X7,https://eg.hatla2ee.com/en/new-car/Kaiyi/Kaiyi-X7/unit/7206488,https://legion-images.hatla2ee.com/listing_image/ff84a588-65d2-460b-be17-99dbc67c7dee/medium.jpg,2026-04-30 14:59:29
110,new,Kaiyi X3 Pro 2026,2026,0 KM,Automatic,Gas,"980,000 EGP",,Kaiyi,X3 Pro,https://eg.hatla2ee.com/en/new-car/Kaiyi/KAIYI-X3-PRO/unit/7206486,https://legion-images.hatla2ee.com/listing_image/c7f1d522-acf6-4a9e-a19c-a8bdc789327a/medium.jpg,2026-04-30 14:59:29
110,new,Porsche Macan 2026,2026,0 KM,Automatic,Gas,"6,150,000 EGP",,Porsche,Macan,https://eg.hatla2ee.com/en/new-car/porsche/macan/unit/7206482,https://legion-images.hatla2ee.com/listing_image/37586dd7-af49-4d91-86c0-cb60d61ac82f/medium.jpg,2026-04-30 14:59:30
110,new,Volkswagen T-Roc 2026,2026,0 KM,Automatic,Gas,"1,785,000 EGP",,Volkswagen,T-Roc,https://eg.hatla2ee.com/en/new-car/volks-wagen/T-Roc/unit/7206483,https://legion-images.hatla2ee.com/listing_image/4d81dced-a0c5-4507-97a1-28e7077769d9/medium.jpg,2026-04-30 14:59:30
110,new,Toyota Land Cruiser 2025,2025,0 KM,Automatic,Gas,"9,000,000 EGP",,Toyota,Land Cruiser,https://eg.hatla2ee.com/en/new-car/toyota/land-cruiser/unit/43668,https://legion-images.hatla2ee.com/listing_image/7ac75057-3ed6-488d-9248-8e70dc009377/medium.jpg,2026-04-30 14:59:31
110,new,Xiaomi Yu7 2025,2025,0 KM,Automatic,Electric,"3,350,000 EGP",,Xiaomi,Yu7,https://eg.hatla2ee.com/en/new-car/xiaomi/xiaomi-yu7/unit/7206480,https://legion-images.hatla2ee.com/listing_image/3c239f03-e6eb-4713-a6cd-dc14a55eb4e5/medium.jpg,2026-04-30 14:59:31
110,new,Renault Austral 2026,2026,0 KM,Automatic,Gas,"1,760,000 EGP",,Renault,Austral,https://eg.hatla2ee.com/en/new-car/renault/Austral/unit/7183400,https://legion-images.hatla2ee.com/listing_image/91b752fd-576f-4ee2-9025-93ceb067513a/medium.jpg,2026-04-30 14:59:31
110,new,Mercedes GLC 300 2026,2026,0 KM,Automatic,Gas,"5,850,000 EGP",,Mercedes,GLC 300,https://eg.hatla2ee.com/en/new-car/mercedes/glc-300/unit/7206477,https://legion-images.hatla2ee.com/listing_image/e70d4f3b-eaab-4dee-9f2b-b397b312a59c/medium.jpg,2026-04-30 14:59:32
110,new,Peugeot 5008 2026,2026,0 KM,Automatic,Gas,"2,560,000 EGP",,Peugeot,5008,https://eg.hatla2ee.com/en/new-car/peugeot/5008/unit/7183295,https://legion-images.hatla2ee.com/listing_image/332791a2-70ca-4a55-b6e5-c0e16c1f8d14/medium.jpg,2026-04-30 14:59:32
110,new,Changan CS 55 2026,2026,0 KM,Automatic,Gas,"1,140,000 EGP",,Changan,CS 55,https://eg.hatla2ee.com/en/new-car/changan/CS-55/unit/7150008,https://legion-images.hatla2ee.com/listing_image/0b33a637-c665-47d2-9b09-15abfc462aaf/medium.jpg,2026-04-30 14:59:32
110,new,Jetour X70S 2026,2026,0 KM,Automatic,Gas,"1,250,000 EGP",,Jetour,X70S,https://eg.hatla2ee.com/en/new-car/jetour/X70S/unit/7167210,https://legion-images.hatla2ee.com/listing_image/5609dfd0-d187-4bcb-92e6-d954e077e6e4/medium.jpg,2026-04-30 14:59:33
110,new,MG ZS 2026,2026,0 KM,Automatic,Gas,"1,150,000 EGP",,MG,ZS,https://eg.hatla2ee.com/en/new-car/moris-garage/zs/unit/7153012,https://legion-images.hatla2ee.com/listing_image/6f8d67e6-3583-4afa-aaa3-362d80515803/medium.jpg,2026-04-30 14:59:33
110,new,MG HS 2026,2026,0 KM,Automatic,Gas,"1,550,000 EGP",,MG,HS,https://eg.hatla2ee.com/en/new-car/moris-garage/MG-HS/unit/7151019,https://legion-images.hatla2ee.com/listing_image/670df46a-34b3-4288-961a-2500223a4d6d/medium.jpg,2026-04-30 14:59:33
110,new,Changan CS 55 2026,2026,0 KM,Automatic,Gas,"1,375,000 EGP",,Changan,CS 55,https://eg.hatla2ee.com/en/new-car/changan/CS-55/unit/7147149,https://legion-images.hatla2ee.com/listing_image/c076979f-6da4-4e1d-8cef-8d74c0b063a6/medium.jpg,2026-04-30 14:59:34
111,new,Changan UNI-V 2026,2026,0 KM,Automatic,Gas,"1,360,000 EGP",,Changan,UNI-V,https://eg.hatla2ee.com/en/new-car/changan/UNI-V/unit/7156318,https://legion-images.hatla2ee.com/listing_image/ae4357ff-d8fe-46f2-b9b6-ea02ce6294c5/medium.jpg,2026-04-30 14:59:42
111,new,Volkswagen Tiguan 2026,2026,0 KM,Automatic,Gas,"2,750,000 EGP",,Volkswagen,Tiguan,https://eg.hatla2ee.com/en/new-car/volks-wagen/tiguan/unit/7153063,https://legion-images.hatla2ee.com/listing_image/8d61d716-d24e-4180-850c-ae0729bf83da/medium.jpg,2026-04-30 14:59:43
111,new,Mercedes CLA Class 2026,2026,0 KM,Automatic,Gas,"3,600,000 EGP",,Mercedes,CLA Class,https://eg.hatla2ee.com/en/new-car/mercedes/cla/unit/7206473,https://legion-images.hatla2ee.com/listing_image/dcdcdf09-a09d-4a00-bc8f-a8df8fafda67/medium.jpg,2026-04-30 14:59:43
111,new,Volkswagen ID 4 2022,2022,0 KM,Automatic,Electric,"1,600,000 EGP",,Volkswagen,ID 4,https://eg.hatla2ee.com/en/new-car/volks-wagen/ID-4/unit/7153453,https://legion-images.hatla2ee.com/listing_image/30dad570-1748-4f3a-bfcf-ad73f165d372/medium.jpg,2026-04-30 14:59:43
111,new,Mercedes E 200 2026,2026,0 KM,Automatic,Gas,"5,700,000 EGP",,Mercedes,E 200,https://eg.hatla2ee.com/en/new-car/mercedes/e-200/unit/7206475,https://legion-images.hatla2ee.com/listing_image/9a53d9ca-8614-4f1b-8515-a98dd2e1fd7c/medium.jpg,2026-04-30 14:59:47
113,new,Mercedes C 200 2026,2026,0 KM,Automatic,Gas,"4,150,000 EGP",,Mercedes,C 200,https://eg.hatla2ee.com/en/new-car/mercedes/c-200/unit/7199175,https://legion-images.hatla2ee.com/listing_image/42c5e9ce-4b01-4fe7-b2e0-40df5d8039ce/medium.jpg,2026-04-30 15:00:18
114,new,Skoda Kodiaq 2026,2026,0 KM,Automatic,Gas,"3,300,000 EGP",,Skoda,Kodiaq,https://eg.hatla2ee.com/en/new-car/skoda/kodiaq/unit/7176272,https://legion-images.hatla2ee.com/listing_image/01f8e908-e3bd-4ae8-b3e1-51bcaeaeb0cc/medium.jpg,2026-04-30 15:00:36
116,new,Mercedes E 200 2025,2025,0 KM,Automatic,Gas,"5,400,000 EGP",,Mercedes,E 200,https://eg.hatla2ee.com/en/new-car/mercedes/e-200/unit/7206207,https://legion-images.hatla2ee.com/listing_image/84a4c504-bd27-4a97-8e85-584cfe938f99/medium.jpg,2026-04-30 15:01:07
116,new,Mercedes E 200 2026,2026,0 KM,Automatic,Gas,"5,800,000 EGP",,Mercedes,E 200,https://eg.hatla2ee.com/en/new-car/mercedes/e-200/unit/7206204,https://legion-images.hatla2ee.com/listing_image/04238085-e10e-44b3-8594-aeec442993d1/medium.jpg,2026-04-30 15:01:07
116,new,Land Rover Range Rover Evoque 2026,2026,0 KM,Automatic,Gas,"4,300,000 EGP",,Land Rover,Range Rover Evoque,https://eg.hatla2ee.com/en/new-car/land-rover/evoque/unit/7206202,https://legion-images.hatla2ee.com/listing_image/942f63d6-c9c5-4789-9f18-454f00abc1b1/medium.jpg,2026-04-30 15:01:08
117,new,Mercedes C 200 2026,2026,0 KM,Automatic,Gas,"4,250,000 EGP",,Mercedes,C 200,https://eg.hatla2ee.com/en/new-car/mercedes/c-200/unit/7189834,https://legion-images.hatla2ee.com/listing_image/d83f4e8e-b4e1-48c0-aab5-d3c2ad9efaf3/medium.jpg,2026-04-30 15:01:16
117,new,Mercedes C 200 2026,2026,0 KM,Automatic,Gas,"4,250,000 EGP",,Mercedes,C 200,https://eg.hatla2ee.com/en/new-car/mercedes/c-200/unit/7187380,https://legion-images.hatla2ee.com/listing_image/c77e29c7-49de-4d1b-9b84-4a7a8f31db4a/medium.jpg,2026-04-30 15:01:17
117,new,Mercedes CLE 200 2026,2026,0 KM,Automatic,Gas,"4,850,000 EGP",,Mercedes,CLE 200,https://eg.hatla2ee.com/en/new-car/mercedes/mercedes-benz-cle-200/unit/7189527,https://legion-images.hatla2ee.com/listing_image/118a4a15-c313-4223-af81-30f45b25e211/medium.jpg,2026-04-30 15:01:17
117,new,Mercedes E 200 2026,2026,0 KM,Automatic,Gas,"5,650,000 EGP",,Mercedes,E 200,https://eg.hatla2ee.com/en/new-car/mercedes/e-200/unit/7205662,https://legion-images.hatla2ee.com/listing_image/a4778991-80bd-4b15-83ca-ac0149c0a3d2/medium.jpg,2026-04-30 15:01:18
117,new,Avatr 12 2026,2026,0 KM,Automatic,Electric,"3,100,000 EGP",,Avatr,12,https://eg.hatla2ee.com/en/new-car/avatr/avatr-12/unit/7206189,https://legion-images.hatla2ee.com/listing_image/91a668bc-85c6-423d-8524-05af6cb1a62c/medium.jpg,2026-04-30 15:01:19
117,new,Mercedes C 180 2026,2026,0 KM,Automatic,Gas,"3,975,000 EGP",,Mercedes,C 180,https://eg.hatla2ee.com/en/new-car/mercedes/c-180/unit/7206187,https://legion-images.hatla2ee.com/listing_image/12e24c69-9088-4ade-8330-b2fc98b30748/medium.jpg,2026-04-30 15:01:19
117,new,Nissan N7 2025,2025,0 KM,Automatic,Electric,"1,610,000 EGP",,Nissan,N7,https://eg.hatla2ee.com/en/new-car/nissan/n7/unit/7205623,https://legion-images.hatla2ee.com/listing_image/5fde97ea-578d-4c21-9db7-03ce07571543/medium.jpg,2026-04-30 15:01:20
117,new,Audi Q3 2026,2026,0 KM,Automatic,Hybrid,"3,400,000 EGP",,Audi,Q3,https://eg.hatla2ee.com/en/new-car/audi/q3/unit/7206184,https://legion-images.hatla2ee.com/listing_image/644f4e9b-b51b-4e02-a73f-c6616d97ec16/medium.jpg,2026-04-30 15:01:20
118,new,Mercedes CLA 200 2026,2026,0 KM,Automatic,Gas,"4,250,000 EGP",,Mercedes,CLA 200,https://eg.hatla2ee.com/en/new-car/mercedes/cla-200/unit/7206162,https://legion-images.hatla2ee.com/listing_image/13fbc0b1-31fd-4a21-aea9-016093b8df98/medium.jpg,2026-04-30 15:01:36
118,new,Haval Jolion Pro 2025,2025,0 KM,Automatic,Gas,"1,165,000 EGP",,Haval,Jolion Pro,https://eg.hatla2ee.com/en/new-car/haval/Jolion-Pro/unit/44000,https://legion-images.hatla2ee.com/listing_image/34d94cbe-65e1-40bf-9c37-02bf5e672c74/medium.jpg,2026-04-30 15:01:36
118,new,Hyundai I30 2026,2026,0 KM,Automatic,Gas,"1,200,000 EGP",,Hyundai,I30,https://eg.hatla2ee.com/en/new-car/hyundai/i30/unit/7139932,https://legion-images.hatla2ee.com/listing_image/bb9dfb7b-d90c-4f44-bae2-9002eb5ff381/medium.jpg,2026-04-30 15:01:37
118,new,MG 7 2026,2026,0 KM,Automatic,Gas,"1,700,000 EGP",,MG,7,https://eg.hatla2ee.com/en/new-car/moris-garage/mg-7/unit/40452,https://legion-images.hatla2ee.com/listing_image/e95cb271-d6dd-42bd-af8c-28780c63b2b6/medium.jpg,2026-04-30 15:01:39
118,new,Soueast S 06 2026,2026,0 KM,Automatic,Gas,"1,384,000 EGP",,Soueast,S 06,https://eg.hatla2ee.com/en/new-car/soueast/S+06/unit/7177509,https://legion-images.hatla2ee.com/listing_image/cd84b0de-58a5-4ea5-8f17-145fa734c779/medium.jpg,2026-04-30 15:01:39
118,new,MG 7 2026,2026,0 KM,Automatic,Gas,"1,700,000 EGP",,MG,7,https://eg.hatla2ee.com/en/new-car/moris-garage/mg-7/unit/7199984,https://legion-images.hatla2ee.com/listing_image/d800ff63-0af0-4368-a121-3471aecdf852/medium.jpg,2026-04-30 15:01:39
118,new,Jetour Dashing 2026,2026,0 KM,Automatic,Gas,"1,330,000 EGP",,Jetour,Dashing,https://eg.hatla2ee.com/en/new-car/jetour/Dashing/unit/42942,https://legion-images.hatla2ee.com/listing_image/4b4b4818-373e-4970-80f5-92de74a64842/medium.jpg,2026-04-30 15:01:40
118,new,Changan CS 55 2026,2026,0 KM,Automatic,Gas,"1,100,000 EGP",,Changan,CS 55,https://eg.hatla2ee.com/en/new-car/changan/CS-55/unit/7178872,https://legion-images.hatla2ee.com/listing_image/8c46ff90-2cbe-4e43-998a-8ac4ba21d7b2/medium.jpg,2026-04-30 15:01:40
118,new,Toyota Corolla 2026,2026,0 KM,Automatic,Gas,"1,720,000 EGP",,Toyota,Corolla,https://eg.hatla2ee.com/en/new-car/toyota/corolla/unit/7206147,https://legion-images.hatla2ee.com/listing_image/d85346b3-2ac4-4062-bafd-2af8f4b32fb0/medium.jpg,2026-04-30 15:01:41
119,new,Soueast S 09 2026,2026,0 KM,Automatic,Gas,"1,675,000 EGP",,Soueast,S 09,https://eg.hatla2ee.com/en/new-car/soueast/S+09/unit/7199376,https://legion-images.hatla2ee.com/listing_image/3be98e8e-76b6-4376-96a5-b30cc3ba481d/medium.jpg,2026-04-30 15:01:50
119,new,Baic U5 plus 2026,2026,0 KM,Automatic,Gas,"920,000 EGP",,Baic,U5 plus,https://eg.hatla2ee.com/en/new-car/baic/U5-plus/unit/7182000,https://legion-images.hatla2ee.com/listing_image/c5a9a603-9318-473d-832e-3ec751266409/medium.jpg,2026-04-30 15:01:51
119,new,Fiat 500 X 2026,2026,0 KM,Automatic,Gas,"1,100,000 EGP",,Fiat,500 X,https://eg.hatla2ee.com/en/new-car/fiat/500X/unit/7199402,https://legion-images.hatla2ee.com/listing_image/3eaee4c1-1fa7-43c5-8433-24e3dbb487c6/medium.jpg,2026-04-30 15:01:51
119,new,MG 5 2026,2026,0 KM,Automatic,Gas,"980,000 EGP",,MG,5,https://eg.hatla2ee.com/en/new-car/moris-garage/mg-5/unit/40448,https://legion-images.hatla2ee.com/listing_image/2f387eb4-b0f3-4de5-8db3-742ec2ac73f0/medium.jpg,2026-04-30 15:01:52
119,new,MG 5 2026,2026,0 KM,Automatic,Gas,"1,090,000 EGP",,MG,5,https://eg.hatla2ee.com/en/new-car/moris-garage/mg-5/unit/7157396,https://legion-images.hatla2ee.com/listing_image/912433e9-b0bf-413a-b381-9869f0c08e5b/medium.jpg,2026-04-30 15:01:53
119,new,Byd Seal 2025,2025,0 KM,Automatic,Hybrid,"1,125,000 EGP",,Byd,Seal,https://eg.hatla2ee.com/en/new-car/byd/Seal/unit/7206140,https://legion-images.hatla2ee.com/listing_image/94a90a9a-0885-4c6a-9534-4c7d796d69c7/medium.jpg,2026-04-30 15:01:53
119,new,Volkswagen ID 4 2024,2024,0 KM,Automatic,Electric,"1,740,000 EGP",,Volkswagen,ID 4,https://eg.hatla2ee.com/en/new-car/volks-wagen/ID-4/unit/7206139,https://legion-images.hatla2ee.com/listing_image/09192c96-821f-4b75-a400-0bf004b6ca9e/medium.jpg,2026-04-30 15:01:54
119,new,Nissan Sentra 2026,2026,0 KM,Automatic,Gas,"1,020,000 EGP",,Nissan,Sentra,https://eg.hatla2ee.com/en/new-car/nissan/sentra/unit/41624,https://legion-images.hatla2ee.com/listing_image/2a6985e3-0905-4ca3-b817-69951d1b3f05/medium.jpg,2026-04-30 15:01:54
120,new,Hyundai Tucson 2025,2025,0 KM,Automatic,Diesel,"2,250,000 EGP",,Hyundai,Tucson,https://eg.hatla2ee.com/en/new-car/hyundai/tucson/49357/7206088,https://legion-images.hatla2ee.com/listing_image/ab28c7e4-1a36-4316-8247-be10e516a85b/medium.jpg,2026-04-30 15:02:12
121,new,Cupra Terramar 2026,2026,0 KM,Automatic,Gas,"2,540,000 EGP",,Cupra,Terramar,https://eg.hatla2ee.com/en/new-car/cupra/Terramar/unit/7206057,https://legion-images.hatla2ee.com/listing_image/ec5e4b6c-e8b2-4a11-b9cd-d2db23c5f389/medium.jpg,2026-04-30 15:02:26
121,new,Tesla Cybertruck 2025,2025,0 KM,Automatic,Electric,"7,500,000 EGP",,Tesla,Cybertruck,https://eg.hatla2ee.com/en/new-car/tesla/tesla-cybertruck/unit/7206054,https://legion-images.hatla2ee.com/listing_image/a78a2796-762d-4e76-bb4e-e99bbcc50e0d/medium.jpg,2026-04-30 15:02:26
121,new,MG ZS 2026,2026,0 KM,Automatic,Gas,"1,050,000 EGP",,MG,ZS,https://eg.hatla2ee.com/en/new-car/moris-garage/zs/unit/7206050,https://legion-images.hatla2ee.com/listing_image/e3f27777-a165-4164-8fc8-2edd658bb851/medium.jpg,2026-04-30 15:02:27
121,new,MG 5 2026,2026,0 KM,Automatic,Gas,"1,000,000 EGP",,MG,5,https://eg.hatla2ee.com/en/new-car/moris-garage/mg-5/unit/7206044,https://legion-images.hatla2ee.com/listing_image/8eb865c2-7311-41ee-9abd-cd96c225749a/medium.jpg,2026-04-30 15:02:27
121,new,Mercedes C 200 2025,2025,0 KM,Automatic,Gas,"4,050,000 EGP",,Mercedes,C 200,https://eg.hatla2ee.com/en/new-car/mercedes/c-200/unit/7139381,https://legion-images.hatla2ee.com/listing_image/6814d716-1f82-4365-8ffb-007d482caded/medium.jpg,2026-04-30 15:02:28
121,new,Jetour T1 2026,2026,0 KM,Automatic,Gas,"1,850,000 EGP",,Jetour,T1,https://eg.hatla2ee.com/en/new-car/jetour/T1/unit/7206038,https://legion-images.hatla2ee.com/listing_image/10288c40-2c52-435d-a27e-f250cde22969/medium.jpg,2026-04-30 15:02:28
121,new,Baic X55 2026,2026,0 KM,Automatic,Gas,"1,199,900 EGP",,Baic,X55,https://eg.hatla2ee.com/en/new-car/baic/X55/unit/42072,https://legion-images.hatla2ee.com/listing_image/b39958a1-b63e-44b2-84b3-3465f505a29e/medium.jpg,2026-04-30 15:02:30
121,new,Mitsubishi Eclipse Cross 2026,2026,0 KM,Automatic,Gas,"1,600,000 EGP",,Mitsubishi,Eclipse Cross,https://eg.hatla2ee.com/en/new-car/mitsubishi/Eclipse-Cross/unit/7206024,https://legion-images.hatla2ee.com/listing_image/651aec71-0208-498b-9e06-c698d8d85521/medium.jpg,2026-04-30 15:02:31
122,new,Xiaomi SU7 2025,2025,0 KM,Automatic,Electric,"3,200,000 EGP",,Xiaomi,SU7,https://eg.hatla2ee.com/en/new-car/xiaomi/Xiaomi_Su7/unit/7147770,https://legion-images.hatla2ee.com/listing_image/3f3429c9-61c0-4e0c-80a7-7d305c8ac06c/medium.jpg,2026-04-30 15:02:40
122,new,Nissan Sunny 2026,2026,0 KM,Automatic,Gas,"765,000 EGP",,Nissan,Sunny,https://eg.hatla2ee.com/en/new-car/nissan/sunny/unit/7206010,https://legion-images.hatla2ee.com/listing_image/6cd6e164-b4ad-43c1-9faa-bef990c610f7/medium.jpg,2026-04-30 15:02:44
122,new,Seat Ibiza 2026,2026,0 KM,Automatic,Gas,"1,425,000 EGP",,Seat,Ibiza,https://eg.hatla2ee.com/en/new-car/seat/ibiza/unit/7206007,https://legion-images.hatla2ee.com/listing_image/0a60e306-3c43-42e7-9714-9296f1272cfd/medium.jpg,2026-04-30 15:02:45
122,new,Cupra Terramar 2026,2026,0 KM,Automatic,Gas,"2,400,000 EGP",,Cupra,Terramar,https://eg.hatla2ee.com/en/new-car/cupra/Terramar/unit/7161707,https://legion-images.hatla2ee.com/listing_image/228928f0-355a-47c7-bd23-4938fb207453/medium.jpg,2026-04-30 15:02:46
122,new,Toyota Corolla 2026,2026,0 KM,Automatic,Gas,"1,620,000 EGP",,Toyota,Corolla,https://eg.hatla2ee.com/en/new-car/toyota/corolla/unit/7206004,https://legion-images.hatla2ee.com/listing_image/00411e44-dea3-4aae-b26e-a4703f6f5488/medium.jpg,2026-04-30 15:02:46
122,new,Chery Tiggo 8 2026,2026,0 KM,Automatic,Gas,"1,255,000 EGP",,Chery,Tiggo 8,https://eg.hatla2ee.com/en/new-car/chery/Tiggo-8/unit/7205999,https://legion-images.hatla2ee.com/listing_image/a63b8d6a-1978-449f-a6f4-9d7d264e40b2/medium.jpg,2026-04-30 15:02:47
123,new,Hyundai Verna 2006,2006,0 KM,Manual,Gas,"285,000 EGP",,Hyundai,Verna,https://eg.hatla2ee.com/en/new-car/hyundai/verna/unit/7198055,https://legion-images.hatla2ee.com/listing_image/94a44e8f-2945-4cee-a591-b90a35b793f6/medium.jpg,2026-04-30 15:02:55
123,new,Audi Q4 E-Tron 2024,2024,0 KM,Automatic,Electric,"2,050,000 EGP",,Audi,Q4 E-Tron,https://eg.hatla2ee.com/en/new-car/audi/audi-q4-e-tron/unit/7192238,https://legion-images.hatla2ee.com/listing_image/b8eed352-cf5a-4d6e-a25b-3c38b4743746/medium.jpg,2026-04-30 15:02:56
124,new,Soueast S 06 2026,2026,0 KM,Automatic,Gas,"1,485,000 EGP",,Soueast,S 06,https://eg.hatla2ee.com/en/new-car/soueast/S+06/unit/7202032,https://legion-images.hatla2ee.com/listing_image/a9a49807-b0c5-48e6-93b6-be88a57fc158/medium.jpg,2026-04-30 15:03:09
124,new,Mercedes Viano 2026,2026,0 KM,Automatic,Gas,"6,450,000 EGP",,Mercedes,Viano,https://eg.hatla2ee.com/en/new-car/mercedes/Viano/unit/7167693,https://legion-images.hatla2ee.com/listing_image/3d5a5f6d-73de-426e-a649-84987788a4dc/medium.jpg,2026-04-30 15:03:10
124,new,Chevrolet Optra 2026,2026,0 KM,Automatic,Gas,"790,000 EGP",,Chevrolet,Optra,https://eg.hatla2ee.com/en/new-car/chevrolet/optra/unit/7205943,https://legion-images.hatla2ee.com/listing_image/59c26a8b-d607-44b2-984f-651011868d9a/medium.jpg,2026-04-30 15:03:10
124,new,Chery Tiggo 4 Pro 2026,2026,0 KM,Automatic,Gas,"1,055,000 EGP",,Chery,Tiggo 4 Pro,https://eg.hatla2ee.com/en/new-car/chery/Tiggo-4-Pro/unit/7205942,https://legion-images.hatla2ee.com/listing_image/797bbaf9-1b0b-46ec-976f-30f286c19a57/medium.jpg,2026-04-30 15:03:11
124,new,Changan CS 55 2026,2026,0 KM,Automatic,Gas,"1,230,000 EGP",,Changan,CS 55,https://eg.hatla2ee.com/en/new-car/changan/CS-55/unit/7205932,https://legion-images.hatla2ee.com/listing_image/d2cacbec-b669-443c-9af2-1acbfc8c1406/medium.jpg,2026-04-30 15:03:13
124,new,Dongfeng Shine 2026,2026,0 KM,Automatic,Gas,"945,000 EGP",,Dongfeng,Shine,https://eg.hatla2ee.com/en/new-car/dfm/Shine/unit/7205924,https://legion-images.hatla2ee.com/listing_image/ef25f209-ad3b-4c50-9f73-86d9730506cf/medium.jpg,2026-04-30 15:03:15
124,new,Mercedes E 200 2026,2026,0 KM,Automatic,Gas,"6,200,000 EGP",,Mercedes,E 200,https://eg.hatla2ee.com/en/new-car/mercedes/e-200/unit/7205920,https://legion-images.hatla2ee.com/listing_image/edd30a0d-ac52-4324-be6d-a4389353b70f/medium.jpg,2026-04-30 15:03:16
124,new,Kia Carnival 2026,2026,0 KM,Automatic,Hybrid,"3,700,000 EGP",,Kia,Carnival,https://eg.hatla2ee.com/en/new-car/kia/carnival/unit/7195822,https://legion-images.hatla2ee.com/listing_image/6bd7a1c1-cfff-478d-8590-83491888fe02/medium.jpg,2026-04-30 15:03:16
125,new,Mitsubishi Outlander 2026,2026,0 KM,Automatic,Gas,"1,475,000 EGP",,Mitsubishi,Outlander,https://eg.hatla2ee.com/en/new-car/mitsubishi/outlander/unit/7205915,https://legion-images.hatla2ee.com/listing_image/11779ff0-f0a4-4ad4-a6f9-10fe0e6a9f38/medium.jpg,2026-04-30 15:03:29
125,new,MG One 2026,2026,0 KM,Automatic,Gas,"1,450,000 EGP",,MG,One,https://eg.hatla2ee.com/en/new-car/moris-garage/MG+One/unit/7205889,https://legion-images.hatla2ee.com/listing_image/4a95d5da-8a50-4096-b473-98e5653a8315/medium.jpg,2026-04-30 15:03:33
125,new,Mercedes C 180 2023,2023,0 KM,Automatic,Gas,"3,300,000 EGP",,Mercedes,C 180,https://eg.hatla2ee.com/en/new-car/mercedes/c-180/unit/7205882,https://legion-images.hatla2ee.com/listing_image/abcd2f3c-2294-48fe-b5ea-36523790ca58/medium.jpg,2026-04-30 15:03:35
125,new,MG 7 2026,2026,0 KM,Automatic,Gas,"1,850,000 EGP",,MG,7,https://eg.hatla2ee.com/en/new-car/moris-garage/mg-7/unit/7205878,https://legion-images.hatla2ee.com/listing_image/ff59448a-c45d-430f-882e-52abe63ba576/medium.jpg,2026-04-30 15:03:36
126,new,Dongfeng 008 2026,2026,0 KM,Automatic,Hybrid,"2,100,000 EGP",,Dongfeng,008,https://eg.hatla2ee.com/en/new-car/dfm/008/unit/7205854,https://legion-images.hatla2ee.com/listing_image/7d8d37ec-c923-4f95-853d-ebac0004cd66/medium.jpg,2026-04-30 15:03:46
126,new,Chevrolet Optra 2025,2025,0 KM,Automatic,Gas,"725,000 EGP",,Chevrolet,Optra,https://eg.hatla2ee.com/en/new-car/chevrolet/optra/unit/7153833,https://legion-images.hatla2ee.com/listing_image/6d82ab04-5a69-49e5-9172-4d37c3b258ee/medium.jpg,2026-04-30 15:03:49
126,new,Chery Tiggo 2025,2025,0 KM,Automatic,Gas,"1,255,000 EGP",,Chery,Tiggo,https://eg.hatla2ee.com/en/new-car/chery/chery-tiggo/unit/7190790,https://legion-images.hatla2ee.com/listing_image/4a2a0b1a-bcd0-44d3-9351-f4342ce61ed0/medium.jpg,2026-04-30 15:03:50
126,new,Chery Tiggo 4 Pro 2026,2026,0 KM,Automatic,Gas,"950,000 EGP",,Chery,Tiggo 4 Pro,https://eg.hatla2ee.com/en/new-car/chery/Tiggo-4-Pro/unit/7135503,https://legion-images.hatla2ee.com/listing_image/b3e39496-3f38-47a2-bab3-8c38f55f603e/medium.jpg,2026-04-30 15:03:50
126,new,Chery Tiggo 4 Pro 2026,2026,0 KM,Automatic,Gas,"1,055,000 EGP",,Chery,Tiggo 4 Pro,https://eg.hatla2ee.com/en/new-car/chery/Tiggo-4-Pro/unit/7135468,https://legion-images.hatla2ee.com/listing_image/11b5d95a-523c-4afe-8fbe-1ad47f124fed/medium.jpg,2026-04-30 15:03:51
126,new,Chery Tiggo 4 2025,2025,0 KM,Automatic,Gas,"990,000 EGP",,Chery,Tiggo 4,https://eg.hatla2ee.com/en/new-car/chery/Tiggo-4/unit/7190788,https://legion-images.hatla2ee.com/listing_image/e3b85019-5725-400b-88d6-96318e84dcf8/medium.jpg,2026-04-30 15:03:51
126,new,Chery Arrizo 5 2025,2025,0 KM,Automatic,Gas,"805,000 EGP",,Chery,Arrizo 5,https://eg.hatla2ee.com/en/new-car/chery/Arrizo-5/unit/7205809,https://legion-images.hatla2ee.com/listing_image/808bba05-d499-4535-b6df-49d41b7d2e95/medium.jpg,2026-04-30 15:03:51
126,new,Chery Arrizo 5 2026,2026,0 KM,Automatic,Gas,"805,000 EGP",,Chery,Arrizo 5,https://eg.hatla2ee.com/en/new-car/chery/Arrizo-5/unit/7135435,https://legion-images.hatla2ee.com/listing_image/e7105fd6-64b6-42f2-a6f3-35d7b304a8d6/medium.jpg,2026-04-30 15:03:52
126,new,Hyundai Tucson GDI 2025,2025,0 KM,Automatic,Gas,"1,675,000 EGP",,Hyundai,Tucson GDI,https://eg.hatla2ee.com/en/new-car/hyundai/Tucson-GDI/unit/7135404,https://legion-images.hatla2ee.com/listing_image/789012f3-0145-44ba-9f65-a7de21a3a933/medium.jpg,2026-04-30 15:03:52
126,new,Hyundai Tucson GDI 2026,2026,0 KM,Automatic,Gas,"1,675,000 EGP",,Hyundai,Tucson GDI,https://eg.hatla2ee.com/en/new-car/hyundai/Tucson-GDI/unit/7153852,https://legion-images.hatla2ee.com/listing_image/b35d2453-192d-4c43-8c58-3f56f1790931/medium.jpg,2026-04-30 15:03:52
127,new,Hyundai Elantra 2025,2025,0 KM,Automatic,Gas,"1,215,000 EGP",,Hyundai,Elantra,https://eg.hatla2ee.com/en/new-car/hyundai/elantra/unit/7153844,https://legion-images.hatla2ee.com/listing_image/ee75da51-6bc0-48ee-a6ee-609814845200/medium.jpg,2026-04-30 15:04:03
127,new,Hyundai Elantra 2026,2026,0 KM,Automatic,Gas,"1,215,000 EGP",,Hyundai,Elantra,https://eg.hatla2ee.com/en/new-car/hyundai/elantra/unit/7135418,https://legion-images.hatla2ee.com/listing_image/c6863eeb-3a13-403d-9af8-5fb4774d650e/medium.jpg,2026-04-30 15:04:03
127,new,Kia Sportage 2026,2026,0 KM,Automatic,Gas,"2,425,000 EGP",,Kia,Sportage,https://eg.hatla2ee.com/en/new-car/kia/sportage/unit/7160315,https://legion-images.hatla2ee.com/listing_image/79c34597-86f8-492e-8924-c99179c22379/medium.jpg,2026-04-30 15:04:07
127,new,MG 5 2026,2026,0 KM,Automatic,Gas,"1,020,000 EGP",,MG,5,https://eg.hatla2ee.com/en/new-car/moris-garage/mg-5/unit/7189967,https://legion-images.hatla2ee.com/listing_image/9220f0e8-16bf-4f49-b53d-2d4df8e8357b/medium.jpg,2026-04-30 15:04:07
127,new,MG 5 2026,2026,0 KM,Automatic,Gas,"1,120,000 EGP",,MG,5,https://eg.hatla2ee.com/en/new-car/moris-garage/mg-5/unit/7201922,https://legion-images.hatla2ee.com/listing_image/4eb345da-ca49-4a95-bed8-6cee5c4738d6/medium.jpg,2026-04-30 15:04:07
127,new,Hyundai Tucson GDI 2025,2025,0 KM,Automatic,Gas,"2,100,000 EGP",,Hyundai,Tucson GDI,https://eg.hatla2ee.com/en/new-car/hyundai/Tucson-GDI/unit/7201926,https://legion-images.hatla2ee.com/listing_image/718ef205-4c95-4e77-bddc-5b760ab7e4cc/medium.jpg,2026-04-30 15:04:08
128,new,Suzuki Swift 2026,2026,0 KM,Automatic,Gas,"910,000 EGP",,Suzuki,Swift,https://eg.hatla2ee.com/en/new-car/suzuki/swift/unit/7158578,https://legion-images.hatla2ee.com/listing_image/e7d83a17-a5dd-4685-b296-e7048736d785/medium.jpg,2026-04-30 15:04:21
130,new,Kia Sportage 2026,2026,0 KM,Automatic,Gas,"2,220,000 EGP",,Kia,Sportage,https://eg.hatla2ee.com/en/new-car/kia/sportage/unit/7203359,https://legion-images.hatla2ee.com/listing_image/c3c98428-7e81-451a-93f1-3ea139e2a047/medium.jpg,2026-04-30 15:04:53
130,new,Hyundai Tucson GDI 2026,2026,0 KM,Automatic,Gas,"1,775,000 EGP",,Hyundai,Tucson GDI,https://eg.hatla2ee.com/en/new-car/hyundai/Tucson-GDI/unit/7174597,https://legion-images.hatla2ee.com/listing_image/405b5c87-d488-4b80-8b29-69939186bc49/medium.jpg,2026-04-30 15:04:54
130,new,Mercedes CLA 200 2026,2026,0 KM,Automatic,Gas,"3,950,000 EGP",,Mercedes,CLA 200,https://eg.hatla2ee.com/en/new-car/mercedes/cla-200/unit/7196843,https://legion-images.hatla2ee.com/listing_image/d251f614-7e46-4a43-bd8f-e841fa1692e2/medium.jpg,2026-04-30 15:04:55
130,new,Mercedes SLK 55 AMG 2024,2024,0 KM,Automatic,Hybrid,"11,250,000 EGP",,Mercedes,SLK 55 AMG,https://eg.hatla2ee.com/en/new-car/mercedes/SLK-55-AMG/unit/7202362,https://legion-images.hatla2ee.com/listing_image/d8983c43-a7d4-4dc0-8540-6304d866170c/medium.jpg,2026-04-30 15:04:57
131,new,Mercedes SLK 55 AMG 2024,2024,0 KM,Automatic,Gas,"11,250,000 EGP",,Mercedes,SLK 55 AMG,https://eg.hatla2ee.com/en/new-car/mercedes/SLK-55-AMG/unit/7202028,https://legion-images.hatla2ee.com/listing_image/715017d9-d13b-44e2-9fd6-59a44b2eeb2c/medium.jpg,2026-04-30 15:05:11
131,new,Volkswagen Passat 2026,2026,0 KM,Automatic,Gas,"2,900,000 EGP",,Volkswagen,Passat,https://eg.hatla2ee.com/en/new-car/volks-wagen/passat/unit/7201954,https://legion-images.hatla2ee.com/listing_image/f5498198-1c78-444a-8a1e-1ed635e02241/medium.jpg,2026-04-30 15:05:14
131,new,Mercedes GLS 2026,2026,0 KM,Manual,Gas,"10,450,000 EGP",,Mercedes,GLS,https://eg.hatla2ee.com/en/new-car/mercedes/GLS/unit/7201860,https://legion-images.hatla2ee.com/listing_image/ca09ec77-468f-47c0-a9f9-03f5bf10a27a/medium.jpg,2026-04-30 15:05:15
131,new,MG 5 2026,2026,0 KM,Automatic,Gas,"960,000 EGP",,MG,5,https://eg.hatla2ee.com/en/new-car/moris-garage/mg-5/unit/7189926,https://legion-images.hatla2ee.com/listing_image/3886b688-9367-41f6-af91-8a4adaf00d5d/medium.jpg,2026-04-30 15:05:18
132,new,Chery Arrizo 6 2026,2026,0 KM,Automatic,Gas,"1,050,000 EGP",,Chery,Arrizo 6,https://eg.hatla2ee.com/en/new-car/chery/Arrizo-6/unit/7176405,https://legion-images.hatla2ee.com/listing_image/caa85c3f-0c86-4a54-bc80-e90c3e6dfd69/medium.jpg,2026-04-30 15:05:30
132,new,Gmc Yukon 2025,2025,0 KM,Automatic,Gas,"9,000,000 EGP",,Gmc,Yukon,https://eg.hatla2ee.com/en/new-car/gmc/yukon/unit/7205615,https://legion-images.hatla2ee.com/listing_image/747b584c-981b-47cb-92d5-c5046f9abe65/medium.jpg,2026-04-30 15:05:31
132,new,Nissan Patrol 2026,2026,0 KM,Automatic,Gas,"9,500,000 EGP",,Nissan,Patrol,https://eg.hatla2ee.com/en/new-car/nissan/patrol/unit/7205581,https://legion-images.hatla2ee.com/listing_image/22101575-fc60-4eb3-902b-2a7aa6317f4f/medium.jpg,2026-04-30 15:05:34
132,new,Fiat 500 X 2026,2026,0 KM,Automatic,Gas,"1,100,000 EGP",,Fiat,500 X,https://eg.hatla2ee.com/en/new-car/fiat/500X/unit/39794,https://legion-images.hatla2ee.com/listing_image/0853b047-3321-4b14-b7a2-ac9e019d2bb3/medium.jpg,2026-04-30 15:05:34
132,new,Hyundai Tucson GDI 2026,2026,0 KM,Automatic,Gas,"1,675,000 EGP",,Hyundai,Tucson GDI,https://eg.hatla2ee.com/en/new-car/hyundai/Tucson-GDI/unit/7141065,https://legion-images.hatla2ee.com/listing_image/73704511-0265-4d99-bed4-4df7d866e9a4/medium.jpg,2026-04-30 15:05:34
133,new,Fiat 131 1976,1976,0 KM,Manual,Gas,"55,000 EGP",,Fiat,131,https://eg.hatla2ee.com/en/new-car/fiat/131/unit/7205571,https://legion-images.hatla2ee.com/listing_image/1fe31d8b-abf7-462c-b399-f40aa0b6f8cc/medium.jpg,2026-04-30 15:05:49
133,new,Chery Tiggo 7 pro 2026,2026,0 KM,Automatic,Gas,"1,300,000 EGP",,Chery,Tiggo 7 pro,https://eg.hatla2ee.com/en/new-car/chery/Tiggo-7-pro/unit/7156849,https://legion-images.hatla2ee.com/listing_image/c874a761-74bb-4402-8499-cac75e9239ec/medium.jpg,2026-04-30 15:05:50
133,new,Cadillac Escalade 2025,2025,0 KM,Automatic,Electric,"9,500,000 EGP",,Cadillac,Escalade,https://eg.hatla2ee.com/en/new-car/cadillac/escalade/unit/7155873,https://legion-images.hatla2ee.com/listing_image/270f48c2-c79b-41ae-8250-70bf8b33c32b/medium.jpg,2026-04-30 15:05:51
133,new,Nissan Qashqai 2026,2026,0 KM,Automatic,Gas,"1,760,000 EGP",,Nissan,Qashqai,https://eg.hatla2ee.com/en/new-car/nissan/qashqai/unit/7205550,https://legion-images.hatla2ee.com/listing_image/ffe0ba5b-ac69-422f-bdf3-cf22a049e1d1/medium.jpg,2026-04-30 15:05:51
133,new,Baic X7 2026,2026,0 KM,Automatic,Gas,"1,690,000 EGP",,Baic,X7,https://eg.hatla2ee.com/en/new-car/baic/BEIJING-X7/unit/7200718,https://legion-images.hatla2ee.com/listing_image/dff0d430-a57b-4c64-a816-34b8cdf0d849/medium.jpg,2026-04-30 15:05:52
133,new,Byd Song Plus 2025,2025,0 KM,Automatic,Electric,"1,770,000 EGP",,Byd,Song Plus,https://eg.hatla2ee.com/en/new-car/byd/Song-Plus/unit/7195405,https://legion-images.hatla2ee.com/listing_image/172b43f4-d987-4041-8336-167bbc98a2b5/medium.jpg,2026-04-30 15:05:53
134,new,Mercedes GLC 300 2026,2026,0 KM,Automatic,Gas,"5,800,000 EGP",,Mercedes,GLC 300,https://eg.hatla2ee.com/en/new-car/mercedes/glc-300/unit/7197809,https://legion-images.hatla2ee.com/listing_image/c179b8ea-16d8-4305-89dd-2cbecd5ec13d/medium.jpg,2026-04-30 15:06:05
134,new,Rox 01 2026,2026,0 KM,Automatic,Hybrid,"4,000,000 EGP",,Rox,01,https://eg.hatla2ee.com/en/new-car/rox/rox-01/unit/7198758,https://legion-images.hatla2ee.com/listing_image/707f53be-4eba-471c-afa9-5496aadeacc2/medium.jpg,2026-04-30 15:06:07
134,new,Chery Tiggo 3 2022,2022,0 KM,Automatic,Gas,"720,000 EGP",,Chery,Tiggo 3,https://eg.hatla2ee.com/en/new-car/chery/Tiggo3/30338/7205515,https://legion-images.hatla2ee.com/listing_image/26cfb2df-5367-4305-8c4e-45bff5d0e640/medium.jpg,2026-04-30 15:06:08
134,new,Hyundai Tucson GDI 2026,2026,0 KM,Automatic,Gas,"1,775,000 EGP",,Hyundai,Tucson GDI,https://eg.hatla2ee.com/en/new-car/hyundai/Tucson-GDI/unit/7199107,https://legion-images.hatla2ee.com/listing_image/ddae3b45-a28c-431b-8a87-0bb896ee133f/medium.jpg,2026-04-30 15:06:11
134,new,Jac S2 2026,2026,0 KM,Automatic,Gas,"800,000 EGP",,Jac,S2,https://eg.hatla2ee.com/en/new-car/jac/s2/unit/7199127,https://legion-images.hatla2ee.com/listing_image/0df7ebf1-df0c-4a85-ad03-1aed4dd15389/medium.jpg,2026-04-30 15:06:13
134,new,Haval H6 2026,2026,0 KM,Automatic,Gas,"1,575,000 EGP",,Haval,H6,https://eg.hatla2ee.com/en/new-car/haval/haval-h6/unit/7205483,https://legion-images.hatla2ee.com/listing_image/3b6f7a74-c817-47db-b9f8-964cafb3cc9b/medium.jpg,2026-04-30 15:06:14
134,new,Chery Arrizo 6 2026,2026,0 KM,Automatic,Gas,"1,020,000 EGP",,Chery,Arrizo 6,https://eg.hatla2ee.com/en/new-car/chery/Arrizo-6/unit/7205485,https://legion-images.hatla2ee.com/listing_image/76772874-ea34-4748-afb3-eca2e594d02f/medium.jpg,2026-04-30 15:06:15
134,new,Avatr 12 2026,2026,0 KM,Automatic,Electric,"3,350,000 EGP",,Avatr,12,https://eg.hatla2ee.com/en/new-car/avatr/avatr-12/unit/7205452,https://legion-images.hatla2ee.com/listing_image/bcf66855-6fa6-4324-96f7-922edc4181eb/medium.jpg,2026-04-30 15:06:16
135,new,Avatr 12 2026,2026,0 KM,Automatic,Electric,"3,350,000 EGP",,Avatr,12,https://eg.hatla2ee.com/en/new-car/avatr/avatr-12/unit/7205452,https://legion-images.hatla2ee.com/listing_image/bcf66855-6fa6-4324-96f7-922edc4181eb/medium.jpg,2026-04-30 15:06:24
135,new,Skoda Kodiaq 2026,2026,0 KM,Automatic,Gas,"3,180,000 EGP",,Skoda,Kodiaq,https://eg.hatla2ee.com/en/new-car/skoda/kodiaq/unit/7205447,https://legion-images.hatla2ee.com/listing_image/555c1354-256f-4fed-986b-254af5c18cf0/medium.jpg,2026-04-30 15:06:24
135,new,Skoda Kodiaq 2026,2026,0 KM,Automatic,Gas,"3,180,000 EGP",,Skoda,Kodiaq,https://eg.hatla2ee.com/en/new-car/skoda/kodiaq/unit/7205450,https://legion-images.hatla2ee.com/listing_image/3cf68271-ab48-4a8b-8a38-16b438963fd7/medium.jpg,2026-04-30 15:06:24
135,new,Mercedes CLA 200 2026,2026,0 KM,Automatic,Gas,"3,850,000 EGP",,Mercedes,CLA 200,https://eg.hatla2ee.com/en/new-car/mercedes/cla-200/unit/7197478,https://legion-images.hatla2ee.com/listing_image/40517f7a-3182-42b1-a344-55d9648a6c07/medium.jpg,2026-04-30 15:06:25
135,new,Alfa Romeo Giulia 2026,2026,0 KM,Automatic,Gas,"3,390,000 EGP",,Alfa Romeo,Giulia,https://eg.hatla2ee.com/en/new-car/alpha-romeo/Giulia/unit/7187429,https://legion-images.hatla2ee.com/listing_image/545e1334-30f7-4dda-98ed-73942d727b75/medium.jpg,2026-04-30 15:06:28
135,new,Chery Arrizo 5 2026,2026,0 KM,Manual,Gas,"780,000 EGP",,Chery,Arrizo 5,https://eg.hatla2ee.com/en/new-car/chery/Arrizo-5/unit/7185517,https://legion-images.hatla2ee.com/listing_image/20c81659-bd90-47ed-b152-d94ceaca4132/medium.jpg,2026-04-30 15:06:28
135,new,Porsche Macan 2026,2026,0 KM,Automatic,Gas,"5,850,000 EGP",,Porsche,Macan,https://eg.hatla2ee.com/en/new-car/porsche/macan/unit/7185249,https://legion-images.hatla2ee.com/listing_image/172390dd-0fcb-4a06-ab73-8cc97672157e/medium.jpg,2026-04-30 15:06:29
135,new,Tesla Cybertruck 2024,2024,0 KM,Automatic,Electric,"9,500,000 EGP",,Tesla,Cybertruck,https://eg.hatla2ee.com/en/new-car/tesla/tesla-cybertruck/unit/7197179,https://legion-images.hatla2ee.com/listing_image/d95dcbdd-e896-4bbe-a6f6-7195f79b232b/medium.jpg,2026-04-30 15:06:30
136,new,Hyundai Santa Fe 2025,2025,0 KM,Automatic,Hybrid,"3,495,000 EGP",,Hyundai,Santa Fe,https://eg.hatla2ee.com/en/new-car/hyundai/santa-fe/unit/7205258,https://legion-images.hatla2ee.com/listing_image/e8a8b367-5088-40d0-9480-f214aedda87b/medium.jpg,2026-04-30 15:06:41
136,new,Skoda Kodiaq 2026,2026,0 KM,Automatic,Gas,"2,950,000 EGP",,Skoda,Kodiaq,https://eg.hatla2ee.com/en/new-car/skoda/kodiaq/unit/7205439,https://legion-images.hatla2ee.com/listing_image/f3c46784-8668-4cd6-82d4-3454d5becbfb/medium.jpg,2026-04-30 15:06:42
136,new,Porsche 911 2027,2027,0 KM,Automatic,Gas,"14,300,000 EGP",,Porsche,911,https://eg.hatla2ee.com/en/new-car/porsche/911/unit/7205432,https://legion-images.hatla2ee.com/listing_image/02848756-3a6e-4617-8ac2-1157c83bc9aa/medium.jpg,2026-04-30 15:06:44
136,new,Mercedes C 200 2026,2026,0 KM,Automatic,Gas,"4,250,000 EGP",,Mercedes,C 200,https://eg.hatla2ee.com/en/new-car/mercedes/c-200/unit/7205422,https://legion-images.hatla2ee.com/listing_image/f5d2d3f9-4fe7-44db-b5cd-6ce67fc78c55/medium.jpg,2026-04-30 15:06:45
136,new,Xiaomi Yu7 2026,2026,0 KM,Automatic,Electric,"3,800,000 EGP",,Xiaomi,Yu7,https://eg.hatla2ee.com/en/new-car/xiaomi/xiaomi-yu7/unit/7205417,https://legion-images.hatla2ee.com/listing_image/2f381bff-5a24-4a0f-9225-c2ae667c436a/medium.jpg,2026-04-30 15:06:46
136,new,Mercedes Viano 2026,2026,0 KM,Automatic,Gas,"7,500,000 EGP",,Mercedes,Viano,https://eg.hatla2ee.com/en/new-car/mercedes/Viano/unit/7205415,https://legion-images.hatla2ee.com/listing_image/f4187955-2d08-4b42-abd3-00dc477e834b/medium.jpg,2026-04-30 15:06:46
137,new,Jetour T2 2026,2026,0 KM,Automatic,Gas,"2,100,000 EGP",,Jetour,T2,https://eg.hatla2ee.com/en/new-car/jetour/T2/unit/7205410,https://legion-images.hatla2ee.com/listing_image/906276ab-d1c5-454b-b077-534e0dea0ccc/medium.jpg,2026-04-30 15:06:53
137,new,Mitsubishi Xpander 2025,2025,0 KM,Automatic,Gas,"1,390,000 EGP",,Mitsubishi,Xpander,https://eg.hatla2ee.com/en/new-car/mitsubishi/Xpander/unit/7205407,https://legion-images.hatla2ee.com/listing_image/ed2436b8-f4ea-4552-b9de-5d3dfa5a4385/medium.jpg,2026-04-30 15:06:55
137,new,Toyota Prado 2023,2023,0 KM,Automatic,Gas,"6,250,000 EGP",,Toyota,Prado,https://eg.hatla2ee.com/en/new-car/toyota/prado/unit/7188540,https://legion-images.hatla2ee.com/listing_image/e28194a4-9a9f-480f-8342-68af38f3f198/medium.jpg,2026-04-30 15:06:59
137,new,Soueast S 06 2027,2027,0 KM,Automatic,Gas,"1,420,000 EGP",,Soueast,S 06,https://eg.hatla2ee.com/en/new-car/soueast/S+06/unit/7205382,https://legion-images.hatla2ee.com/listing_image/74a94791-15f1-41ab-8cab-c7cfc3c34f12/medium.jpg,2026-04-30 15:07:02
138,new,Mercedes CLA 200 2026,2026,0 KM,Automatic,Gas,"3,000,000 EGP",,Mercedes,CLA 200,https://eg.hatla2ee.com/en/new-car/mercedes/cla-200/unit/7205364,https://legion-images.hatla2ee.com/listing_image/8a71b09f-a106-430c-ba35-5aee66a23604/medium.jpg,2026-04-30 15:07:15
138,new,Nissan Sentra 2026,2026,0 KM,Automatic,Gas,"1,050,000 EGP",,Nissan,Sentra,https://eg.hatla2ee.com/en/new-car/nissan/sentra/unit/7205413,https://legion-images.hatla2ee.com/listing_image/d5adfcf8-7870-4688-b162-33fe6a66c874/medium.jpg,2026-04-30 15:07:16
138,new,Cupra Leon 2026,2026,0 KM,Automatic,Gas,"1,950,000 EGP",,Cupra,Leon,https://eg.hatla2ee.com/en/new-car/cupra/leon-cupra/unit/41521,https://legion-images.hatla2ee.com/listing_image/859e90ec-ce0b-4d0b-a62e-387dcfc95b81/medium.jpg,2026-04-30 15:07:17
138,new,MG 5 2026,2026,0 KM,Automatic,Gas,"1,110,000 EGP",,MG,5,https://eg.hatla2ee.com/en/new-car/moris-garage/mg-5/unit/7205412,https://legion-images.hatla2ee.com/listing_image/fd9a868c-a0da-46fb-81c6-da471940f37b/medium.jpg,2026-04-30 15:07:18
138,new,Rox 01 2026,2026,0 KM,Automatic,Electric,"3,900,000 EGP",,Rox,01,https://eg.hatla2ee.com/en/new-car/rox/rox-01/unit/7205356,https://legion-images.hatla2ee.com/listing_image/09bfed1f-452d-4d9f-9133-282d92621bea/medium.jpg,2026-04-30 15:07:19
138,new,Lynkco Other 2026,2026,0 KM,Automatic,Hybrid,"4,300,000 EGP",,Lynkco,Other,https://eg.hatla2ee.com/en/new-car/lynkco/other-lynkco/unit/7205354,https://legion-images.hatla2ee.com/listing_image/220d3aec-c02a-4ee5-baa2-578ae202a0b8/medium.jpg,2026-04-30 15:07:20
139,new,Land Rover Range Rover Evoque 2025,2025,0 KM,Automatic,Gas,"4,100,000 EGP",,Land Rover,Range Rover Evoque,https://eg.hatla2ee.com/en/new-car/land-rover/evoque/unit/7205343,https://legion-images.hatla2ee.com/listing_image/166d8e9d-f8be-4019-803d-c55b156877c8/medium.jpg,2026-04-30 15:07:32
139,new,Porsche Macan 2026,2026,0 KM,Automatic,Gas,"5,850,000 EGP",,Porsche,Macan,https://eg.hatla2ee.com/en/new-car/porsche/macan/unit/7191274,https://legion-images.hatla2ee.com/listing_image/a38529dc-1c89-4b15-ae2c-14f76bfeef1f/medium.jpg,2026-04-30 15:07:33
139,new,Hyundai Tucson GDI 2026,2026,0 KM,Automatic,Gas,"1,795,000 EGP",,Hyundai,Tucson GDI,https://eg.hatla2ee.com/en/new-car/hyundai/Tucson-GDI/unit/7166152,https://legion-images.hatla2ee.com/listing_image/b31f5805-ad47-4435-bdc0-4fad4356bdf2/medium.jpg,2026-04-30 15:07:38
139,new,Toyota Fortuner 2026,2026,0 KM,Automatic,Gas,"3,800,000 EGP",,Toyota,Fortuner,https://eg.hatla2ee.com/en/new-car/toyota/fortuner/unit/7184722,https://legion-images.hatla2ee.com/listing_image/9845ec2b-0477-4447-b92d-b257a807659a/medium.jpg,2026-04-30 15:07:39
139,new,Mercedes GLC 43 2026,2026,0 KM,Automatic,Gas,"7,600,000 EGP",,Mercedes,GLC 43,https://eg.hatla2ee.com/en/new-car/mercedes/mercedes-benz-glc-43/unit/7196454,https://legion-images.hatla2ee.com/listing_image/f2751bc3-0cd3-4555-b4e5-f0ca42562378/medium.jpg,2026-04-30 15:07:40
139,new,Mercedes CLA 200 2026,2026,0 KM,Automatic,Gas,"3,850,000 EGP",,Mercedes,CLA 200,https://eg.hatla2ee.com/en/new-car/mercedes/cla-200/unit/7185516,https://legion-images.hatla2ee.com/listing_image/6bc642a5-cbc2-4a35-bdbd-0ed462fec97d/medium.jpg,2026-04-30 15:07:41
139,new,Chery Tiggo 4 Pro 2026,2026,0 KM,Automatic,Gas,"1,075,000 EGP",,Chery,Tiggo 4 Pro,https://eg.hatla2ee.com/en/new-car/chery/Tiggo-4-Pro/unit/7176833,https://legion-images.hatla2ee.com/listing_image/41a9ff6d-df53-4d1e-bc79-308754658baf/medium.jpg,2026-04-30 15:07:41
139,new,BMW 520 2025,2025,0 KM,Automatic,Gas,"4,890,000 EGP",,BMW,520,https://eg.hatla2ee.com/en/new-car/bmw/520/unit/7191066,https://legion-images.hatla2ee.com/listing_image/bd647e25-1847-44f2-8ff0-82b83ada5c8e/medium.jpg,2026-04-30 15:07:42
140,new,Byd Leopard 5 2025,2025,0 KM,Automatic,Hybrid,"3,100,000 EGP",,Byd,Leopard 5,https://eg.hatla2ee.com/en/new-car/byd/Byd_Leopard+5/unit/43300,https://legion-images.hatla2ee.com/listing_image/666a998a-4a5c-489e-8b60-10333e79c78e/medium.jpg,2026-04-30 15:07:52
140,new,Mercedes Vito 2026,2026,0 KM,Automatic,Gas,"6,400,000 EGP",,Mercedes,Vito,https://eg.hatla2ee.com/en/new-car/mercedes/Vito/unit/7139431,https://legion-images.hatla2ee.com/listing_image/77833b30-300e-4e36-b253-fd503a25b12e/medium.jpg,2026-04-30 15:07:52
140,new,Mercedes GLC 200 2026,2026,0 KM,Automatic,Gas,"4,950,000 EGP",,Mercedes,GLC 200,https://eg.hatla2ee.com/en/new-car/mercedes/GLC-200/unit/7190754,https://legion-images.hatla2ee.com/listing_image/94d3948b-5681-411d-86c1-764059d5e4e3/medium.jpg,2026-04-30 15:07:52
140,new,Hyundai Elantra 2026,2026,0 KM,Automatic,Gas,"1,300,000 EGP",,Hyundai,Elantra,https://eg.hatla2ee.com/en/new-car/hyundai/elantra/unit/7200888,https://legion-images.hatla2ee.com/listing_image/667ba610-e00e-4279-8cfa-b3b88fe65d30/medium.jpg,2026-04-30 15:07:53
140,new,Chery Tiggo 7 pro 2026,2026,0 KM,Automatic,Gas,"1,430,000 EGP",,Chery,Tiggo 7 pro,https://eg.hatla2ee.com/en/new-car/chery/Tiggo-7-pro/unit/7177244,https://legion-images.hatla2ee.com/listing_image/3b0375a4-07a2-46e4-aa0f-a194b839a584/medium.jpg,2026-04-30 15:07:54
140,new,Rox 01 2026,2026,0 KM,Automatic,Gas,"4,200,000 EGP",,Rox,01,https://eg.hatla2ee.com/en/new-car/rox/rox-01/unit/7205289,https://legion-images.hatla2ee.com/listing_image/cf72ec1f-15e9-401a-a62b-6f4e2ddd8236/medium.jpg,2026-04-30 15:07:54
140,new,Mercedes GLC 200 2025,2025,0 KM,Automatic,Gas,"4,250,000 EGP",,Mercedes,GLC 200,https://eg.hatla2ee.com/en/new-car/mercedes/GLC-200/unit/7205280,https://legion-images.hatla2ee.com/listing_image/ac5be98c-1265-4935-93a4-692ecb341f21/medium.jpg,2026-04-30 15:07:56
140,new,Seat Ibiza 2026,2026,0 KM,Automatic,Gas,"1,450,000 EGP",,Seat,Ibiza,https://eg.hatla2ee.com/en/new-car/seat/ibiza/unit/7195433,https://legion-images.hatla2ee.com/listing_image/ab5d6b56-27e9-4f0a-be07-27b2f7d6bc75/medium.jpg,2026-04-30 15:07:57
141,new,Skoda Kodiaq 2026,2026,0 KM,Automatic,Gas,"2,950,000 EGP",,Skoda,Kodiaq,https://eg.hatla2ee.com/en/new-car/skoda/kodiaq/unit/7205273,https://legion-images.hatla2ee.com/listing_image/6ad13ce9-3289-4a57-8c64-8a18fd7a92fb/medium.jpg,2026-04-30 15:08:08
141,new,BMW X1 2026,2026,0 KM,Automatic,Gas,"3,200,000 EGP",,BMW,X1,https://eg.hatla2ee.com/en/new-car/bmw/x1/unit/7205261,https://legion-images.hatla2ee.com/listing_image/cae26d72-bcaa-49e7-8ce1-db54cb44e980/medium.jpg,2026-04-30 15:08:12
141,new,Skoda Superb 2026,2026,0 KM,Automatic,Gas,"3,100,000 EGP",,Skoda,Superb,https://eg.hatla2ee.com/en/new-car/skoda/superb/unit/7198601,https://legion-images.hatla2ee.com/listing_image/8c165b7d-2196-4b3c-8db7-ad62d7817724/medium.jpg,2026-04-30 15:08:14
141,new,Toyota Land Cruiser 70 2025,2025,0 KM,Automatic,Gas,"5,500,000 EGP",,Toyota,Land Cruiser 70,https://eg.hatla2ee.com/en/new-car/toyota/Land-Cruiser-70/unit/7184948,https://legion-images.hatla2ee.com/listing_image/adc11e7d-0b34-47bd-94a0-0ef86bcc1ac6/medium.jpg,2026-04-30 15:08:14
141,new,Chevrolet Optra 2027,2027,0 KM,Automatic,Gas,"825,000 EGP",,Chevrolet,Optra,https://eg.hatla2ee.com/en/new-car/chevrolet/optra/unit/7204994,https://legion-images.hatla2ee.com/listing_image/97de9396-a53e-47af-b32b-637c5c3289a8/medium.jpg,2026-04-30 15:08:17
142,new,Byd Song Plus 2025,2025,0 KM,Automatic,Electric,"1,780,000 EGP",,Byd,Song Plus,https://eg.hatla2ee.com/en/new-car/byd/Song-Plus/unit/7205249,https://legion-images.hatla2ee.com/listing_image/3c66c6f8-fe57-42ad-81a6-eaa9ca7585d5/medium.jpg,2026-04-30 15:08:27
142,new,Kia Sorento 2025,2025,0 KM,Automatic,Hybrid,"3,250,000 EGP",,Kia,Sorento,https://eg.hatla2ee.com/en/new-car/kia/sorento/unit/7205243,https://legion-images.hatla2ee.com/listing_image/338a93d7-0bea-4491-a53c-1dafc7dfab48/medium.jpg,2026-04-30 15:08:28
142,new,MG Cyberster 2024,2024,0 KM,Automatic,Electric,"3,400,000 EGP",,MG,Cyberster,https://eg.hatla2ee.com/en/new-car/moris-garage/mg-cyberster/unit/43474,https://legion-images.hatla2ee.com/listing_image/5fb35754-b222-47d9-a6ca-25cdecaa8551/medium.jpg,2026-04-30 15:08:33
143,new,Jac JS3 2022,2022,0 KM,Automatic,Gas,"750,000 EGP",,Jac,JS3,https://eg.hatla2ee.com/en/new-car/jac/JS3/30794/7205171,https://legion-images.hatla2ee.com/listing_image/4f43cef4-b1e0-4dae-8742-30c457cbbf36/medium.jpg,2026-04-30 15:08:50
143,new,Proton Saga 2026,2026,0 KM,Automatic,Gas,"675,000 EGP",,Proton,Saga,https://eg.hatla2ee.com/en/new-car/proton/saga/unit/7201335,https://legion-images.hatla2ee.com/listing_image/efcb7a72-c7cc-41d1-b416-ace26c030e09/medium.jpg,2026-04-30 15:08:53
144,new,Seat Toledo 2015,2015,0 KM,Automatic,Gas,"650,000 EGP",,Seat,Toledo,https://eg.hatla2ee.com/en/new-car/seat/toledo/936/7205104,https://legion-images.hatla2ee.com/listing_image/d3017146-dd10-4747-813b-d54e44b275ad/medium.jpg,2026-04-30 15:09:08
144,new,Cupra Leon 2026,2026,0 KM,Automatic,Gas,"2,025,000 EGP",,Cupra,Leon,https://eg.hatla2ee.com/en/new-car/cupra/leon-cupra/unit/7205086,https://legion-images.hatla2ee.com/listing_image/ed98747c-dd77-4f24-9b52-e2510ccf9f92/medium.jpg,2026-04-30 15:09:13
144,new,Seat Leon 2026,2026,0 KM,Automatic,Gas,"1,635,000 EGP",,Seat,Leon,https://eg.hatla2ee.com/en/new-car/seat/leon/unit/7205014,https://legion-images.hatla2ee.com/listing_image/1e363dab-6af2-4388-a63c-60048bd8eba2/medium.jpg,2026-04-30 15:09:13
145,new,Tesla Cybertruck 2025,2025,0 KM,Automatic,Electric,"8,500,000 EGP",,Tesla,Cybertruck,https://eg.hatla2ee.com/en/new-car/tesla/tesla-cybertruck/unit/7197638,https://legion-images.hatla2ee.com/listing_image/a739d467-dc3c-456d-93c0-cafe53e52ccd/medium.jpg,2026-04-30 15:09:23
145,new,Volkswagen ID7 2024,2024,0 KM,Automatic,Electric,"1,950,000 EGP",,Volkswagen,ID7,https://eg.hatla2ee.com/en/new-car/volks-wagen/volkswagen-id7/unit/7177726,https://legion-images.hatla2ee.com/listing_image/dc4c5bd3-bade-4adc-8558-1b23e6fbb41f/medium.jpg,2026-04-30 15:09:27
145,new,Forthing T5 evo 2026,2026,0 KM,Automatic,Electric,"1,250,000 EGP",,Forthing,T5 evo,https://eg.hatla2ee.com/en/new-car/forthing/T5+evo/unit/7200435,https://legion-images.hatla2ee.com/listing_image/208780f0-256b-479d-a8dd-5cc1066a9870/medium.jpg,2026-04-30 15:09:29
145,new,Toyota Fortuner 2026,2026,0 KM,Automatic,Gas,"3,920,000 EGP",,Toyota,Fortuner,https://eg.hatla2ee.com/en/new-car/toyota/fortuner/unit/7205048,https://legion-images.hatla2ee.com/listing_image/965d2ee5-4382-4d6f-a774-c694174fbd9f/medium.jpg,2026-04-30 15:09:29
145,new,Hyundai Excel 1995,1995,0 KM,Automatic,Gas,"180,000 EGP",,Hyundai,Excel,https://eg.hatla2ee.com/en/new-car/hyundai/excel/unit/7205038,https://legion-images.hatla2ee.com/listing_image/f736fb3c-7136-4c52-8ff6-d562d7dc9cd9/medium.jpg,2026-04-30 15:09:30
145,new,Soueast S 07 2026,2026,0 KM,Automatic,Gas,"1,530,000 EGP",,Soueast,S 07,https://eg.hatla2ee.com/en/new-car/soueast/S+07/unit/42637,https://legion-images.hatla2ee.com/listing_image/d6221a82-f545-4c74-b77b-0ded7e4642f7/medium.jpg,2026-04-30 15:09:31
145,new,Deepal S 07 2026,2026,0 KM,Automatic,Electric,"2,090,000 EGP",,Deepal,S 07,https://eg.hatla2ee.com/en/new-car/deepal/Deepal_s07/unit/7200398,https://legion-images.hatla2ee.com/listing_image/f93e373e-4934-407d-aaba-4bd9d8cc535a/medium.jpg,2026-04-30 15:09:33
146,new,Kia Sportage 2026,2026,0 KM,Automatic,Gas,"2,270,000 EGP",,Kia,Sportage,https://eg.hatla2ee.com/en/new-car/kia/sportage/unit/7205040,https://legion-images.hatla2ee.com/listing_image/dac35921-7b80-4f56-ac1e-016c0ca448a7/medium.jpg,2026-04-30 15:09:43
146,new,Renault Duster 2026,2026,0 KM,Automatic,Gas,"1,195,000 EGP",,Renault,Duster,https://eg.hatla2ee.com/en/new-car/renault/duster/unit/42633,https://legion-images.hatla2ee.com/listing_image/3a195bc0-b3d5-43b3-8fd7-036466a71983/medium.jpg,2026-04-30 15:09:46
146,new,Renault Taliant 2026,2026,0 KM,Automatic,Gas,"755,000 EGP",,Renault,Taliant,https://eg.hatla2ee.com/en/new-car/renault/Taliant/unit/42649,https://legion-images.hatla2ee.com/listing_image/4a49fbf3-bb4b-4d99-b7a1-5d372b801aab/medium.jpg,2026-04-30 15:09:46
146,new,Renault Austral 2026,2026,0 KM,Automatic,Gas,"1,550,000 EGP",,Renault,Austral,https://eg.hatla2ee.com/en/new-car/renault/Austral/unit/7147574,https://legion-images.hatla2ee.com/listing_image/6f82e874-a90f-4cac-9be3-bfad50cc60d6/medium.jpg,2026-04-30 15:09:48
146,new,Isuzu Trooper 2023,2023,0 KM,Manual,Diesel,"2,900,000 EGP",,Isuzu Trooper,Imported,https://eg.hatla2ee.com/en/new-car/imported/isuzu/trooper/7201695,https://legion-images.hatla2ee.com/listing_image/85ef90d0-b10b-4a1d-b4d5-a185378f3cf8/medium.jpg,2026-04-30 15:09:50
147,new,Mercedes CLA 200 2026,2026,0 KM,Automatic,Gas,"3,000,000 EGP",,Mercedes,CLA 200,https://eg.hatla2ee.com/en/new-car/mercedes/cla-200/unit/7201546,https://legion-images.hatla2ee.com/listing_image/b5562d97-d5e4-4a3a-94c0-e71a667fb9bb/medium.jpg,2026-04-30 15:10:01
147,new,Changan CS75 Plus 2026,2026,0 KM,Automatic,Diesel,"1,495,000 EGP",,Changan,CS75 Plus,https://eg.hatla2ee.com/en/new-car/changan/CS75-Plus/51057/7201531,https://legion-images.hatla2ee.com/listing_image/ec716786-bbd8-41d5-af57-d6ec208f230d/medium.jpg,2026-04-30 15:10:01
147,new,Jetour X70 Plus 2025,2025,0 KM,Automatic,Hybrid,"1,250,000 EGP",,Jetour,X70 Plus,https://eg.hatla2ee.com/en/new-car/jetour/X70-Plus/49004/7201415,https://legion-images.hatla2ee.com/listing_image/1f6d1976-cea0-4940-8bc5-4efcb35d4ab8/medium.jpg,2026-04-30 15:10:06
147,new,Renault Kardian 2026,2026,0 KM,Automatic,Gas,"930,000 EGP",,Renault,Kardian,https://eg.hatla2ee.com/en/new-car/renault/Kardian/unit/44037,https://legion-images.hatla2ee.com/listing_image/f806b4b1-6536-4e63-a1a8-73af669afd28/medium.jpg,2026-04-30 15:10:07
147,new,Mercedes G63 2026,2026,0 KM,Automatic,Gas,"22,800,000 EGP",,Mercedes,G63,https://eg.hatla2ee.com/en/new-car/mercedes/mercedes-benz-g63/unit/7190247,https://legion-images.hatla2ee.com/listing_image/026d0187-38a6-4c9b-afac-159de8e61635/medium.jpg,2026-04-30 15:10:07
147,new,Audi A5 2025,2025,0 KM,Automatic,Gas,"3,050,000 EGP",,Audi,A5,https://eg.hatla2ee.com/en/new-car/audi/a5/unit/7205023,https://legion-images.hatla2ee.com/listing_image/c6208e57-52e3-46df-bfc9-9248fb51f53a/medium.jpg,2026-04-30 15:10:07
147,new,Toyota Corolla 2026,2026,0 KM,Automatic,Gas,"1,390,000 EGP",,Toyota,Corolla,https://eg.hatla2ee.com/en/new-car/toyota/corolla/unit/7205011,https://legion-images.hatla2ee.com/listing_image/a6ed5a45-10dc-4a2e-bf67-c18ac0b9f0b9/medium.jpg,2026-04-30 15:10:10
148,new,Alfa Romeo Tonale 2025,2025,0 KM,Automatic,Gas,"2,350,000 EGP",,Alfa Romeo,Tonale,https://eg.hatla2ee.com/en/new-car/alpha-romeo/Tonale/unit/7190302,https://legion-images.hatla2ee.com/listing_image/063cc64b-7421-4650-a10e-dea06c939fbc/medium.jpg,2026-04-30 15:10:19
148,new,Volkswagen Tiguan 2026,2026,0 KM,Automatic,Gas,"2,695,000 EGP",,Volkswagen,Tiguan,https://eg.hatla2ee.com/en/new-car/volks-wagen/tiguan/unit/7205000,https://legion-images.hatla2ee.com/listing_image/3ef0e348-9e48-4d8f-bead-f084d44d7c90/medium.jpg,2026-04-30 15:10:23
148,new,Nissan Qashqai 2026,2026,0 KM,Automatic,Gas,"1,770,000 EGP",,Nissan,Qashqai,https://eg.hatla2ee.com/en/new-car/nissan/qashqai/unit/7204992,https://legion-images.hatla2ee.com/listing_image/0da15e11-4073-4fa9-aa92-26702b9ad27c/medium.jpg,2026-04-30 15:10:24
149,new,BMW M3 2026,2026,0 KM,Automatic,Gas,"9,000,000 EGP",,BMW,M3,https://eg.hatla2ee.com/en/new-car/bmw/m3/unit/7204962,https://legion-images.hatla2ee.com/listing_image/86b5a543-6fdc-4488-9bd4-c2027f360c73/medium.jpg,2026-04-30 15:10:42
149,new,Zeekr Other 2025,2025,0 KM,Automatic,Hybrid,"6,740,000 EGP",,Zeekr,Other,https://eg.hatla2ee.com/en/new-car/zeekr/other-zeekr/unit/7204961,https://legion-images.hatla2ee.com/listing_image/69e9ca3b-65cb-4a48-ba91-273cc803506d/medium.jpg,2026-04-30 15:10:42
149,new,Porsche Cayenne S 2026,2026,0 KM,Automatic,Gas,"13,800,000 EGP",,Porsche,Cayenne S,https://eg.hatla2ee.com/en/new-car/porsche/cayenne-s/unit/7204960,https://legion-images.hatla2ee.com/listing_image/1c5aac53-e895-4ece-898d-917fb45283bd/medium.jpg,2026-04-30 15:10:43
149,new,Land Rover Range Rover Evoque 2026,2026,0 KM,Automatic,Gas,"3,700,000 EGP",,Land Rover,Range Rover Evoque,https://eg.hatla2ee.com/en/new-car/land-rover/evoque/unit/7204958,https://legion-images.hatla2ee.com/listing_image/9460298b-a3c0-4a6a-adf2-08cb9865be67/medium.jpg,2026-04-30 15:10:43
149,new,BMW M5 2026,2026,0 KM,Automatic,Hybrid,"13,400,000 EGP",,BMW,M5,https://eg.hatla2ee.com/en/new-car/bmw/m5/unit/7204952,https://legion-images.hatla2ee.com/listing_image/feed8348-406d-4615-ae65-34f7944d186d/medium.jpg,2026-04-30 15:10:44
150,new,Gmc Hummer EV 2025,2025,0 KM,Automatic,Electric,"4,900,000 EGP",,Gmc,Hummer EV,https://eg.hatla2ee.com/en/new-car/gmc/Hummer-EV/unit/7204948,https://legion-images.hatla2ee.com/listing_image/bfe0f298-53d5-4d7e-85e6-d200e11e9e3c/medium.jpg,2026-04-30 15:10:54
150,new,Gmc Hummer EV 2025,2025,0 KM,Automatic,Electric,"4,910,000 EGP",,Gmc,Hummer EV,https://eg.hatla2ee.com/en/new-car/gmc/Hummer-EV/unit/7204944,https://legion-images.hatla2ee.com/listing_image/6f0a853b-0a76-4cd4-bc18-69bc8be9e42a/medium.jpg,2026-04-30 15:10:55
150,new,Land Rover Range Rover Sport 2024,2024,0 KM,Automatic,Gas,"11,500,000 EGP",,Land Rover,Range Rover Sport,https://eg.hatla2ee.com/en/new-car/land-rover/sport/unit/7204942,https://legion-images.hatla2ee.com/listing_image/cf3721fd-779c-47b9-99e8-a98ef2659e79/medium.jpg,2026-04-30 15:10:57
150,new,Mercedes EQB 2026,2026,0 KM,Automatic,Electric,"3,400,000 EGP",,Mercedes,EQB,https://eg.hatla2ee.com/en/new-car/mercedes/EQB/unit/7204941,https://legion-images.hatla2ee.com/listing_image/a6f15178-d8cb-4d9a-a279-0d76b5395228/medium.jpg,2026-04-30 15:10:57
150,new,Tesla Model Y 2025,2025,0 KM,Automatic,Electric,"3,775,000 EGP",,Tesla,Model Y,https://eg.hatla2ee.com/en/new-car/tesla/Model-Y/unit/7204940,https://legion-images.hatla2ee.com/listing_image/3254459c-651b-4643-8830-b760a57aef7d/medium.jpg,2026-04-30 15:10:58
150,new,Porsche 911 2026,2026,0 KM,Automatic,Gas,"18,700,000 EGP",,Porsche,911,https://eg.hatla2ee.com/en/new-car/porsche/911/unit/7204939,https://legion-images.hatla2ee.com/listing_image/4a7c5664-68d2-437c-86d8-1c495802c5fd/medium.jpg,2026-04-30 15:10:58
150,new,Mercedes GLC 2026,2026,0 KM,Automatic,Electric,"5,500,000 EGP",,Mercedes,GLC,https://eg.hatla2ee.com/en/new-car/mercedes/GLC/unit/7204938,https://legion-images.hatla2ee.com/listing_image/f8ae1a44-2bcc-4529-8f27-8eecd1e31762/medium.jpg,2026-04-30 15:10:59
150,new,Gmc Hummer EV 2026,2026,0 KM,Automatic,Electric,"5,650,000 EGP",,Gmc,Hummer EV,https://eg.hatla2ee.com/en/new-car/gmc/Hummer-EV/unit/7204937,https://legion-images.hatla2ee.com/listing_image/e90926dd-0877-4509-b605-be4e7e6e0a78/medium.jpg,2026-04-30 15:11:00
150,new,Cadillac Escalade 2026,2026,0 KM,Automatic,Gas,"12,450,000 EGP",,Cadillac,Escalade,https://eg.hatla2ee.com/en/new-car/cadillac/escalade/unit/7204936,https://legion-images.hatla2ee.com/listing_image/073e8e07-0781-405a-bf04-aa005b63e8d7/medium.jpg,2026-04-30 15:11:01
150,new,Gmc Hummer EV 2026,2026,0 KM,Automatic,Electric,"5,500,000 EGP",,Gmc,Hummer EV,https://eg.hatla2ee.com/en/new-car/gmc/Hummer-EV/unit/7204935,https://legion-images.hatla2ee.com/listing_image/f391807d-7f23-4944-825d-6a5f70a6e7c4/medium.jpg,2026-04-30 15:11:01
151,new,BMW X1 2025,2025,0 KM,Automatic,Gas,"1,950,000 EGP",,BMW,X1,https://eg.hatla2ee.com/en/new-car/bmw/x1/unit/7204932,https://legion-images.hatla2ee.com/listing_image/0d7aab65-b693-4200-9bcf-eefa04aaa588/medium.jpg,2026-04-30 15:11:11
151,new,Byd Leopard 7 2025,2025,0 KM,Automatic,Hybrid,"1,910,000 EGP",,Byd,Leopard 7,https://eg.hatla2ee.com/en/new-car/byd/leopard-7/unit/7204931,https://legion-images.hatla2ee.com/listing_image/bc291ccd-a664-4fe9-b618-73e569de04a2/medium.jpg,2026-04-30 15:11:12
151,new,Skoda Octavia 2026,2026,0 KM,Automatic,Gas,"2,250,000 EGP",,Skoda,Octavia,https://eg.hatla2ee.com/en/new-car/skoda/octavia/unit/7204875,https://legion-images.hatla2ee.com/listing_image/e15bd653-bec2-4b42-9646-87ab0a8bd056/medium.jpg,2026-04-30 15:11:13
151,new,Porsche Cayenne S 2026,2026,0 KM,Automatic,Electric,"9,500,000 EGP",,Porsche,Cayenne S,https://eg.hatla2ee.com/en/new-car/porsche/cayenne-s/unit/7204929,https://legion-images.hatla2ee.com/listing_image/931f3632-00d5-4651-85f0-857caa680e67/medium.jpg,2026-04-30 15:11:14
151,new,Zeekr Other 2025,2025,0 KM,Automatic,Hybrid,"7,400,000 EGP",,Zeekr,Other,https://eg.hatla2ee.com/en/new-car/zeekr/other-zeekr/unit/7188272,https://legion-images.hatla2ee.com/listing_image/f2338e6f-688f-45c0-bdd5-e4a6f903b920/medium.jpg,2026-04-30 15:11:15
151,new,Dodge Charger 2026,2026,0 KM,Automatic,Gas,"9,950,000 EGP",,Dodge,Charger,https://eg.hatla2ee.com/en/new-car/dodge/charger/unit/7190890,https://legion-images.hatla2ee.com/listing_image/c1e26eef-61fb-4329-8b78-a7a3040ba293/medium.jpg,2026-04-30 15:11:15
151,new,Porsche Cayenne S 2026,2026,0 KM,Automatic,Electric,"7,000,000 EGP",,Porsche,Cayenne S,https://eg.hatla2ee.com/en/new-car/porsche/cayenne-s/unit/7188260,https://legion-images.hatla2ee.com/listing_image/0ac09a51-dbe3-45ff-8430-8c20a13f276d/medium.jpg,2026-04-30 15:11:16
151,new,Mercedes S 500 2026,2026,0 KM,Automatic,Gas,"7,230,000 EGP",,Mercedes,S 500,https://eg.hatla2ee.com/en/new-car/mercedes/s-500/unit/7190894,https://legion-images.hatla2ee.com/listing_image/50bce3c3-341d-44c8-81d0-0c14d806865c/medium.jpg,2026-04-30 15:11:18
151,new,Skoda Octavia 2026,2026,0 KM,Automatic,Gas,"2,250,000 EGP",,Skoda,Octavia,https://eg.hatla2ee.com/en/new-car/skoda/octavia/unit/7204885,https://legion-images.hatla2ee.com/listing_image/fe020896-db69-4886-afc4-5dfcfd4023b3/medium.jpg,2026-04-30 15:11:20
151,new,Nissan Sentra 2026,2026,0 KM,Automatic,Gas,"980,000 EGP",,Nissan,Sentra,https://eg.hatla2ee.com/en/new-car/nissan/sentra/unit/7199272,https://legion-images.hatla2ee.com/listing_image/c2bb6029-950b-4187-bd07-b8e846f97ede/medium.jpg,2026-04-30 15:11:20
151,new,Porsche Cayenne S 2026,2026,0 KM,Automatic,Electric,"6,200,000 EGP",,Porsche,Cayenne S,https://eg.hatla2ee.com/en/new-car/porsche/cayenne-s/unit/7190896,https://legion-images.hatla2ee.com/listing_image/af429aaf-ca76-4705-afd0-e1860d9d8e01/medium.jpg,2026-04-30 15:11:21
152,new,Gmc Sierra 2025,2025,0 KM,Automatic,Electric,"4,950,000 EGP",,Gmc,Sierra,https://eg.hatla2ee.com/en/new-car/gmc/sierra/unit/7190899,https://legion-images.hatla2ee.com/listing_image/5223110d-0005-41df-a93e-c64178ba923f/medium.jpg,2026-04-30 15:11:32
152,new,Geely Cool Ray 2026,2026,0 KM,Automatic,Gas,"975,000 EGP",,Geely,Cool Ray,https://eg.hatla2ee.com/en/new-car/geely/Coolray/unit/7199747,https://legion-images.hatla2ee.com/listing_image/5ca72927-d6d6-414d-a9f4-68c9b1ea1658/medium.jpg,2026-04-30 15:11:33
152,new,Geely Emgrand 2026,2026,0 KM,Automatic,Gas,"839,000 EGP",,Geely,Emgrand,https://eg.hatla2ee.com/en/new-car/geely/Gelly-Emgrand/unit/7199745,https://legion-images.hatla2ee.com/listing_image/a20fce77-4a0c-4399-b5e3-96ba4109b426/medium.jpg,2026-04-30 15:11:34
152,new,Lynkco Other 2026,2026,0 KM,Automatic,Hybrid,"2,600,000 EGP",,Lynkco,Other,https://eg.hatla2ee.com/en/new-car/lynkco/other-lynkco/unit/7188267,https://legion-images.hatla2ee.com/listing_image/c422fcd1-75c7-4068-8eaa-1a5df2c40d6e/medium.jpg,2026-04-30 15:11:34
152,new,Geely GX3 Pro 2025,2025,0 KM,Automatic,Gas,"790,000 EGP",,Geely,GX3 Pro,https://eg.hatla2ee.com/en/new-car/geely/GX3-pro/unit/43596,https://legion-images.hatla2ee.com/listing_image/c7668acb-9758-452a-9c20-fba9afb48bd5/medium.jpg,2026-04-30 15:11:35
152,new,Lynkco 09 2025,2025,0 KM,Automatic,Hybrid,"4,350,000 EGP",,Lynkco,09,https://eg.hatla2ee.com/en/new-car/lynkco/09/unit/7204896,https://legion-images.hatla2ee.com/listing_image/8b792542-c8e9-43ff-bd79-2a294a6da649/medium.jpg,2026-04-30 15:11:35
152,new,Baic X7 2026,2026,0 KM,Automatic,Gas,"1,429,900 EGP",,Baic,X7,https://eg.hatla2ee.com/en/new-car/baic/BEIJING-X7/unit/7199367,https://legion-images.hatla2ee.com/listing_image/f981aab1-a7c3-4394-a107-742605924091/medium.jpg,2026-04-30 15:11:36
152,new,Porsche Cayenne S 2026,2026,0 KM,Automatic,Electric,"6,100,000 EGP",,Porsche,Cayenne S,https://eg.hatla2ee.com/en/new-car/porsche/cayenne-s/unit/7190900,https://legion-images.hatla2ee.com/listing_image/84562513-1b65-4c43-95ec-0299178b79fd/medium.jpg,2026-04-30 15:11:37
152,new,Baic BJ30 2026,2026,0 KM,Automatic,Gas,"1,674,900 EGP",,Baic,BJ30,https://eg.hatla2ee.com/en/new-car/baic/BJ30/unit/7199336,https://legion-images.hatla2ee.com/listing_image/d077e3c0-c4eb-4d16-8d1f-31106f06574b/medium.jpg,2026-04-30 15:11:37
152,new,Kia Sportage 2025,2025,0 KM,Automatic,Gas,"1,950,000 EGP",,Kia,Sportage,https://eg.hatla2ee.com/en/new-car/kia/sportage/49652/7204918,https://legion-images.hatla2ee.com/listing_image/1fadbdcd-3ec1-4fad-bee2-6696a0e36253/medium.jpg,2026-04-30 15:11:38
152,new,Baic U5 plus 2026,2026,0 KM,Automatic,Gas,"849,900 EGP",,Baic,U5 plus,https://eg.hatla2ee.com/en/new-car/baic/U5-plus/unit/7199363,https://legion-images.hatla2ee.com/listing_image/c19b3c37-ecdf-4db6-9924-3003ac382e61/medium.jpg,2026-04-30 15:11:39
152,new,Cadillac Escalade 2025,2025,0 KM,Automatic,Electric,"7,241,000 EGP",,Cadillac,Escalade,https://eg.hatla2ee.com/en/new-car/cadillac/escalade/unit/7190923,https://legion-images.hatla2ee.com/listing_image/d2e773be-aed2-43fc-95ea-c2346e13356d/medium.jpg,2026-04-30 15:11:39
153,new,Mercedes GLC 2026,2026,0 KM,Automatic,Electric,"3,900,000 EGP",,Mercedes,GLC,https://eg.hatla2ee.com/en/new-car/mercedes/GLC/unit/7190919,https://legion-images.hatla2ee.com/listing_image/a9b2e793-600b-4331-aa51-d57e7ba6308d/medium.jpg,2026-04-30 15:11:49
153,new,Porsche Macan 2025,2025,0 KM,Automatic,Electric,"5,650,000 EGP",,Porsche,Macan,https://eg.hatla2ee.com/en/new-car/porsche/macan/unit/7190924,https://legion-images.hatla2ee.com/listing_image/7eaa4d22-1187-4779-993b-c2a3bb545a01/medium.jpg,2026-04-30 15:11:50
153,new,Nissan Sunny 2027,2027,0 KM,Automatic,Gas,"765,000 EGP",,Nissan,Sunny,https://eg.hatla2ee.com/en/new-car/nissan/sunny/unit/7204920,https://legion-images.hatla2ee.com/listing_image/649a7cb3-db47-43d3-8d2d-8705ec098900/medium.jpg,2026-04-30 15:11:50
153,new,Chery Arrizo 6 2026,2026,0 KM,Automatic,Gas,"1,095,000 EGP",,Chery,Arrizo 6,https://eg.hatla2ee.com/en/new-car/chery/Arrizo-6/unit/7204909,https://legion-images.hatla2ee.com/listing_image/b1c7d588-5481-4ea9-8d37-2450c0258f4b/medium.jpg,2026-04-30 15:11:51
153,new,Dongfeng Shine 2026,2026,0 KM,Automatic,Gas,"790,000 EGP",,Dongfeng,Shine,https://eg.hatla2ee.com/en/new-car/dfm/Shine/unit/7204907,https://legion-images.hatla2ee.com/listing_image/60094bbe-c6f3-48f9-9e0b-bc5b3eb69d3d/medium.jpg,2026-04-30 15:11:52
153,new,Mercedes EQS 450+ 2023,2023,0 KM,Automatic,Electric,"4,999,999 EGP",,Mercedes,EQS 450+,https://eg.hatla2ee.com/en/new-car/mercedes/mercedes-benz-eqs-450-plus/unit/7153236,https://legion-images.hatla2ee.com/listing_image/7f82b128-2414-4dd9-b7a1-57fc29cf1d8e/medium.jpg,2026-04-30 15:11:53
153,new,Byd Sealion 7 2025,2025,0 KM,Automatic,Electric,"2,075,000 EGP",,Byd,Sealion 7,https://eg.hatla2ee.com/en/new-car/byd/sealion-7/unit/7154337,https://legion-images.hatla2ee.com/listing_image/3e677acd-9c3d-4f88-953a-4ef01e9ee15d/medium.jpg,2026-04-30 15:11:53
153,new,Mercedes CLA 300L 2025,2025,0 KM,Automatic,Electric,"3,100,000 EGP",,Mercedes,CLA 300L,https://eg.hatla2ee.com/en/new-car/mercedes/cla-300l/unit/7200364,https://legion-images.hatla2ee.com/listing_image/fe984b13-e394-44fe-b3a6-8822f9d3b02b/medium.jpg,2026-04-30 15:11:54
153,new,Mercedes C 180 2026,2026,0 KM,Automatic,Gas,"4,050,000 EGP",,Mercedes,C 180,https://eg.hatla2ee.com/en/new-car/mercedes/c-180/unit/7204917,https://legion-images.hatla2ee.com/listing_image/99631efd-0063-46c9-8c22-943d3a8c40fc/medium.jpg,2026-04-30 15:11:55
153,new,Dongfeng Shine 2026,2026,0 KM,Automatic,Gas,"790,000 EGP",,Dongfeng,Shine,https://eg.hatla2ee.com/en/new-car/dfm/Shine/unit/7204904,https://legion-images.hatla2ee.com/listing_image/39e94557-29e0-4407-af97-6bfb28065a1d/medium.jpg,2026-04-30 15:11:56
154,new,Lynkco 02 2025,2025,0 KM,Automatic,Electric,"2,560,000 EGP",,Lynkco,02,https://eg.hatla2ee.com/en/new-car/lynkco/lynko-02/unit/7204868,https://legion-images.hatla2ee.com/listing_image/3dd88e2e-b7f5-4e92-8396-74a1dd9a00ec/medium.jpg,2026-04-30 15:12:09
154,new,Mercedes C 180 2026,2026,0 KM,Automatic,Gas,"4,000,000 EGP",,Mercedes,C 180,https://eg.hatla2ee.com/en/new-car/mercedes/c-180/unit/7187336,https://legion-images.hatla2ee.com/listing_image/d1c83898-7449-4757-b515-c44507274624/medium.jpg,2026-04-30 15:12:12
154,new,Hyundai Tucson GDI 2026,2026,0 KM,Automatic,Gas,"1,805,000 EGP",,Hyundai,Tucson GDI,https://eg.hatla2ee.com/en/new-car/hyundai/Tucson-GDI/unit/7201263,https://legion-images.hatla2ee.com/listing_image/d493ce7b-4a93-4c35-ad4d-0328d2a22d5d/medium.jpg,2026-04-30 15:12:13
154,new,Dongfeng 008 2025,2025,0 KM,Automatic,Hybrid,"1,960,000 EGP",,Dongfeng,008,https://eg.hatla2ee.com/en/new-car/dfm/008/unit/7195946,https://legion-images.hatla2ee.com/listing_image/9f42bec9-9c8e-4231-a116-af4e28cda240/medium.jpg,2026-04-30 15:12:14
154,new,Mercedes S 450 2026,2026,0 KM,Automatic,Gas,"6,830,000 EGP",,Mercedes,S 450,https://eg.hatla2ee.com/en/new-car/mercedes/S-450/unit/7190910,https://legion-images.hatla2ee.com/listing_image/3fce6153-7b4b-4428-a73d-4a93f8570fd3/medium.jpg,2026-04-30 15:12:18
154,new,Porsche Cayenne S 2026,2026,0 KM,Automatic,Electric,"6,200,000 EGP",,Porsche,Cayenne S,https://eg.hatla2ee.com/en/new-car/porsche/cayenne-s/unit/7190912,https://legion-images.hatla2ee.com/listing_image/dd1adf4f-27dc-4497-aa3f-05d7cbba07ea/medium.jpg,2026-04-30 15:12:19
155,new,Mercedes S 450 2026,2026,0 KM,Automatic,Gas,"6,700,000 EGP",,Mercedes,S 450,https://eg.hatla2ee.com/en/new-car/mercedes/S-450/unit/7190914,https://legion-images.hatla2ee.com/listing_image/766db5d6-1173-488f-a82a-f9e7e6a99fd0/medium.jpg,2026-04-30 15:12:28
155,new,Mercedes E 200 2025,2025,0 KM,Automatic,Gas,"5,450,000 EGP",,Mercedes,E 200,https://eg.hatla2ee.com/en/new-car/mercedes/e-200/unit/7204845,https://legion-images.hatla2ee.com/listing_image/131c00a7-ee29-4d6e-a769-255df7b85a92/medium.jpg,2026-04-30 15:12:33
155,new,Mercedes GLC 43 2026,2026,0 KM,Automatic,Gas,"7,700,000 EGP",,Mercedes,GLC 43,https://eg.hatla2ee.com/en/new-car/mercedes/mercedes-benz-glc-43/unit/7204827,https://legion-images.hatla2ee.com/listing_image/78f159c6-b52b-4b77-92ef-9fd34fafa539/medium.jpg,2026-04-30 15:12:35
155,new,Volkswagen Tiguan 2026,2026,0 KM,Automatic,Gas,"2,720,000 EGP",,Volkswagen,Tiguan,https://eg.hatla2ee.com/en/new-car/volks-wagen/tiguan/unit/7203895,https://legion-images.hatla2ee.com/listing_image/2186e0c0-515d-4b24-bd23-0c58ce075e3c/medium.jpg,2026-04-30 15:12:36
156,new,Toyota Corolla 2026,2026,0 KM,Automatic,Gas,"1,390,000 EGP",,Toyota,Corolla,https://eg.hatla2ee.com/en/new-car/toyota/corolla/unit/7204763,https://legion-images.hatla2ee.com/listing_image/c99c5029-c6d5-47e7-9616-5dca08bd5cb0/medium.jpg,2026-04-30 15:12:44
156,new,Volkswagen Tayron 2026,2026,0 KM,Automatic,Gas,"2,920,000 EGP",,Volkswagen,Tayron,https://eg.hatla2ee.com/en/new-car/volks-wagen/tayron/unit/7153426,https://legion-images.hatla2ee.com/listing_image/1ec0873a-3dde-4c73-a126-32626798a2af/medium.jpg,2026-04-30 15:12:46
156,new,Volkswagen Tiguan 2026,2026,0 KM,Automatic,Gas,"2,675,000 EGP",,Volkswagen,Tiguan,https://eg.hatla2ee.com/en/new-car/volks-wagen/tiguan/unit/43258,https://legion-images.hatla2ee.com/listing_image/bd2253f9-838b-4cb7-978d-d77be5909954/medium.jpg,2026-04-30 15:12:47
156,new,Jeep Grand Cherokee 2023,2023,0 KM,Automatic,Gas,"5,300,000 EGP",,Jeep,Grand Cherokee,https://eg.hatla2ee.com/en/new-car/jeep/grand-Cherokee/unit/7204735,https://legion-images.hatla2ee.com/listing_image/b8a1d66f-6ecf-46a6-bf81-a74776957700/medium.jpg,2026-04-30 15:12:49
156,new,Mercedes GLC 300 2026,2026,0 KM,Automatic,Gas,"5,900,000 EGP",,Mercedes,GLC 300,https://eg.hatla2ee.com/en/new-car/mercedes/glc-300/unit/7204794,https://legion-images.hatla2ee.com/listing_image/a75d72e9-bd41-4204-896f-96d28e757f44/medium.jpg,2026-04-30 15:12:49
156,new,Geely GX3 Pro 2025,2025,0 KM,Automatic,Gas,"860,000 EGP",,Geely,GX3 Pro,https://eg.hatla2ee.com/en/new-car/geely/GX3-pro/unit/7164913,https://legion-images.hatla2ee.com/listing_image/ef0c7fd7-35fa-49a9-83c0-e869b647d7be/medium.jpg,2026-04-30 15:12:49
157,new,Toyota Urban Cruiser 2026,2026,0 KM,Automatic,Gas,"1,490,000 EGP",,Toyota,Urban Cruiser,https://eg.hatla2ee.com/en/new-car/toyota/Urban-Cruiser/unit/7204762,https://legion-images.hatla2ee.com/listing_image/370ccc65-b966-4c5f-8775-dde88ffa525b/medium.jpg,2026-04-30 15:13:04
157,new,Peugeot 3008 2026,2026,0 KM,Automatic,Gas,"2,530,000 EGP",,Peugeot,3008,https://eg.hatla2ee.com/en/new-car/peugeot/3008/unit/7204744,https://legion-images.hatla2ee.com/listing_image/f1bc97e2-5922-436d-abe0-5c94dd2364a0/medium.jpg,2026-04-30 15:13:05
157,new,Peugeot 5008 2026,2026,0 KM,Automatic,Gas,"2,575,000 EGP",,Peugeot,5008,https://eg.hatla2ee.com/en/new-car/peugeot/5008/unit/7204742,https://legion-images.hatla2ee.com/listing_image/3b067177-28f1-49ec-903c-bbf5546c7359/medium.jpg,2026-04-30 15:13:05
157,new,Kia Sportage 2025,2025,0 KM,Automatic,Gas,"1,500,000 EGP",,Kia,Sportage,https://eg.hatla2ee.com/en/new-car/kia/sportage/unit/7204746,https://legion-images.hatla2ee.com/listing_image/b1b2abc0-3798-4b8f-a361-92075717e735/medium.jpg,2026-04-30 15:13:08
157,new,Volkswagen Tiguan 2025,2025,0 KM,Automatic,Gas,"2,730,000 EGP",,Volkswagen,Tiguan,https://eg.hatla2ee.com/en/new-car/volks-wagen/tiguan/unit/41633,https://legion-images.hatla2ee.com/listing_image/cd27bcc5-b835-45d9-b28b-dd658b620ff7/medium.jpg,2026-04-30 15:13:09
158,new,Kia Carnival 2026,2026,0 KM,Automatic,Hybrid,"2,600,000 EGP",,Kia,Carnival,https://eg.hatla2ee.com/en/new-car/kia/carnival/unit/7204739,https://legion-images.hatla2ee.com/listing_image/27a96fa4-b0f3-4c94-9cc3-35e4a9af0d13/medium.jpg,2026-04-30 15:13:22
158,new,Skoda Kodiaq 2026,2026,0 KM,Automatic,Gas,"2,600,000 EGP",,Skoda,Kodiaq,https://eg.hatla2ee.com/en/new-car/skoda/kodiaq/unit/7204736,https://legion-images.hatla2ee.com/listing_image/990e9def-8a4b-47e4-9ded-45c796d58f8c/medium.jpg,2026-04-30 15:13:23
158,new,Rox 01 2026,2026,0 KM,Automatic,Hybrid,"4,100,000 EGP",,Rox,01,https://eg.hatla2ee.com/en/new-car/rox/rox-01/unit/7204730,https://legion-images.hatla2ee.com/listing_image/9857302d-b470-437b-a841-7b3b5d96fe20/medium.jpg,2026-04-30 15:13:24
158,new,Toyota Land Cruiser 2025,2025,0 KM,Automatic,Gas,"7,900,000 EGP",,Toyota,Land Cruiser,https://eg.hatla2ee.com/en/new-car/toyota/land-cruiser/unit/7167850,https://legion-images.hatla2ee.com/listing_image/21849e19-9a37-4049-b43b-2bcbd3150258/medium.jpg,2026-04-30 15:13:25
158,new,Kia Sorento 2025,2025,0 KM,Automatic,Gas,"3,000,000 EGP",,Kia,Sorento,https://eg.hatla2ee.com/en/new-car/kia/sorento/unit/7173720,https://legion-images.hatla2ee.com/listing_image/b9c28c41-1ab0-422f-a8f6-5579066da7f0/medium.jpg,2026-04-30 15:13:25
158,new,Volkswagen Tiguan 2026,2026,0 KM,Automatic,Gas,"2,730,000 EGP",,Volkswagen,Tiguan,https://eg.hatla2ee.com/en/new-car/volks-wagen/tiguan/unit/7204726,https://legion-images.hatla2ee.com/listing_image/5f57579c-9251-4c4a-94d8-fe4b6819b6db/medium.jpg,2026-04-30 15:13:26
158,new,Toyota Corolla 2026,2026,0 KM,Automatic,Gas,"1,785,000 EGP",,Toyota,Corolla,https://eg.hatla2ee.com/en/new-car/toyota/corolla/unit/7204724,https://legion-images.hatla2ee.com/listing_image/4ed71939-4ce2-4d7d-b60b-e7c4e78226fb/medium.jpg,2026-04-30 15:13:26
158,new,Soueast S 05 2026,2026,0 KM,Automatic,Gas,"1,180,000 EGP",,Soueast,S 05,https://eg.hatla2ee.com/en/new-car/soueast/S+05/unit/7204714,https://legion-images.hatla2ee.com/listing_image/35830072-ca0f-4ad0-b298-0cc4b492d0b4/medium.jpg,2026-04-30 15:13:29
159,new,Rox 01 2026,2026,0 KM,Automatic,Electric,"3,825,000 EGP",,Rox,01,https://eg.hatla2ee.com/en/new-car/rox/rox-01/unit/7204712,https://legion-images.hatla2ee.com/listing_image/0351faeb-0718-492c-83ae-110b18855e9b/medium.jpg,2026-04-30 15:13:58
159,new,Xiaomi Yu7 2025,2025,0 KM,Automatic,Electric,"3,725,000 EGP",,Xiaomi,Yu7,https://eg.hatla2ee.com/en/new-car/xiaomi/xiaomi-yu7/unit/7204711,https://legion-images.hatla2ee.com/listing_image/2f003442-d7f8-4d70-8f1e-f011d6f484d8/medium.jpg,2026-04-30 15:13:59
159,new,Chevrolet Captiva 2026,2026,0 KM,Automatic,Gas,"1,300,000 EGP",,Chevrolet,Captiva,https://eg.hatla2ee.com/en/new-car/chevrolet/captiva/unit/7159074,https://legion-images.hatla2ee.com/listing_image/700437b5-b845-40c8-a34a-05a659373032/medium.jpg,2026-04-30 15:14:00
159,new,Mercedes E 200 2026,2026,0 KM,Automatic,Gas,"5,950,000 EGP",,Mercedes,E 200,https://eg.hatla2ee.com/en/new-car/mercedes/e-200/unit/7163638,https://legion-images.hatla2ee.com/listing_image/7f77aeac-c5b2-44bc-aed8-45b4807f8dec/medium.jpg,2026-04-30 15:14:01
159,new,Chevrolet Captiva 2026,2026,0 KM,Automatic,Gas,"1,310,000 EGP",,Chevrolet,Captiva,https://eg.hatla2ee.com/en/new-car/chevrolet/captiva/unit/7166303,https://legion-images.hatla2ee.com/listing_image/9ee21ffc-bc87-4849-973c-a4c6a2e27c24/medium.jpg,2026-04-30 15:14:01
159,new,Cupra Leon 2026,2026,0 KM,Automatic,Gas,"1,970,000 EGP",,Cupra,Leon,https://eg.hatla2ee.com/en/new-car/cupra/leon-cupra/unit/7158933,https://legion-images.hatla2ee.com/listing_image/bd551315-3ad0-42ad-946a-c5990682a17d/medium.jpg,2026-04-30 15:14:02
159,new,Cupra Terramar 2026,2026,0 KM,Automatic,Gas,"2,360,000 EGP",,Cupra,Terramar,https://eg.hatla2ee.com/en/new-car/cupra/Terramar/unit/7166175,https://legion-images.hatla2ee.com/listing_image/1f7a2260-fde2-41cd-83fe-3f94da68cbad/medium.jpg,2026-04-30 15:14:02
159,new,Opel Grandland 2026,2026,0 KM,Automatic,Gas,"2,170,000 EGP",,Opel,Grandland,https://eg.hatla2ee.com/en/new-car/opel/Grandland/unit/7169296,https://legion-images.hatla2ee.com/listing_image/35ad207e-6538-444e-9990-7d38a5fd1c05/medium.jpg,2026-04-30 15:14:03
159,new,Nissan Sentra 2026,2026,0 KM,Automatic,Gas,"1,040,000 EGP",,Nissan,Sentra,https://eg.hatla2ee.com/en/new-car/nissan/sentra/unit/7166321,https://legion-images.hatla2ee.com/listing_image/1dd23f2f-2c84-42ca-a3fc-ccb75a5dd2a8/medium.jpg,2026-04-30 15:14:03
159,new,Nissan Sunny 2026,2026,0 KM,Automatic,Gas,"755,000 EGP",,Nissan,Sunny,https://eg.hatla2ee.com/en/new-car/nissan/sunny/unit/7166343,https://legion-images.hatla2ee.com/listing_image/025dd8dc-e16f-418d-bcac-d76113205be6/medium.jpg,2026-04-30 15:14:04
159,new,Seat Ibiza 2026,2026,0 KM,Automatic,Gas,"1,280,000 EGP",,Seat,Ibiza,https://eg.hatla2ee.com/en/new-car/seat/ibiza/unit/7166222,https://legion-images.hatla2ee.com/listing_image/7b45f74b-9632-45ff-bb57-97f5a465d248/medium.jpg,2026-04-30 15:14:04
159,new,Volkswagen Tiguan 2026,2026,0 KM,Automatic,Gas,"2,720,000 EGP",,Volkswagen,Tiguan,https://eg.hatla2ee.com/en/new-car/volks-wagen/tiguan/unit/7194602,https://legion-images.hatla2ee.com/listing_image/93b89de5-6141-46d3-8773-445320d0be66/medium.jpg,2026-04-30 15:14:05
159,new,MG HS 2026,2026,0 KM,Automatic,Gas,"1,650,000 EGP",,MG,HS,https://eg.hatla2ee.com/en/new-car/moris-garage/MG-HS/unit/7194597,https://legion-images.hatla2ee.com/listing_image/c6eb56e4-fa52-44cf-b411-a9972344c6ed/medium.jpg,2026-04-30 15:14:06
160,new,Byd Song L 2024,2024,0 KM,Automatic,Electric,"2,200,000 EGP",,Byd,Song L,https://eg.hatla2ee.com/en/new-car/byd/byd-song-l/unit/42210,https://legion-images.hatla2ee.com/listing_image/54ff23b8-c155-4564-9304-7edbfe4ce414/medium.jpg,2026-04-30 15:14:21
162,new,Hyundai Elantra 2013,2013,0 KM,Automatic,Gas,"650,000 EGP",,Hyundai,Elantra,https://eg.hatla2ee.com/en/new-car/hyundai/elantra/unit/7204541,https://legion-images.hatla2ee.com/listing_image/dc27ef08-2d8f-4fab-bf93-1617bc52bbe9/medium.jpg,2026-04-30 15:15:05
164,new,Mercedes E 200 2026,2026,0 KM,Automatic,Gas,"6,250,000 EGP",,Mercedes,E 200,https://eg.hatla2ee.com/en/new-car/mercedes/e-200/unit/7204181,https://legion-images.hatla2ee.com/listing_image/3a5e51ff-2611-4cbb-a991-e428d9fb59cb/medium.jpg,2026-04-30 15:15:34
164,new,BMW IX1 2026,2026,0 KM,Automatic,Electric,"2,300,000 EGP",,BMW,IX1,https://eg.hatla2ee.com/en/new-car/bmw/IX1/unit/7204465,https://legion-images.hatla2ee.com/listing_image/1d6eb4cf-a750-4e82-b41b-bb8bba68547c/medium.jpg,2026-04-30 15:15:41
164,new,Tesla Model Y 2025,2025,0 KM,Automatic,Electric,"3,650,000 EGP",,Tesla,Model Y,https://eg.hatla2ee.com/en/new-car/tesla/Model-Y/unit/7204449,https://legion-images.hatla2ee.com/listing_image/14637f5b-8f85-4f11-8e5d-c11e4948beec/medium.jpg,2026-04-30 15:15:43
165,new,Soueast S 07 2026,2026,0 KM,Automatic,Gas,"1,530,000 EGP",,Soueast,S 07,https://eg.hatla2ee.com/en/new-car/soueast/S+07/unit/7169678,https://legion-images.hatla2ee.com/listing_image/c1d85655-8418-4daa-8ad5-4fe39bfe80ee/medium.jpg,2026-04-30 15:15:59
166,new,Kia Sportage 2025,2025,0 KM,Automatic,Gas,"1,900,000 EGP",,Kia Sportage,A/T / EX,https://eg.hatla2ee.com/en/new-car/imported/kia/sportage/7201056,https://legion-images.hatla2ee.com/listing_image/4d78455b-eaa6-4fbf-8fa2-e602919ea093/medium.jpg,2026-04-30 15:16:17
166,new,Mercedes 200 2026,2026,0 KM,Automatic,Gas,"3,000,000 EGP",,Mercedes,200,https://eg.hatla2ee.com/en/new-car/mercedes/200/unit/7200987,https://legion-images.hatla2ee.com/listing_image/adfd5b60-fb38-4576-9da4-9c8769c2c8f4/medium.jpg,2026-04-30 15:16:19
167,new,Mercedes Other 2025,2025,0 KM,Automatic,Gas,"7,900,000 EGP",,Mercedes,Other,https://eg.hatla2ee.com/en/new-car/mercedes/other-mercedes/unit/7174853,https://legion-images.hatla2ee.com/listing_image/ad536dfc-bf30-4828-91e8-d39dfca754ab/medium.jpg,2026-04-30 15:16:33
167,new,Toyota Corolla 2026,2026,0 KM,Automatic,Gas,"1,800,000 EGP",,Toyota,Corolla,https://eg.hatla2ee.com/en/new-car/toyota/corolla/unit/7204399,https://legion-images.hatla2ee.com/listing_image/7204c058-007e-452b-b3f7-39195d3f0bb4/medium.jpg,2026-04-30 15:16:34
167,new,Mercedes C 180 2024,2024,0 KM,Automatic,Gas,"3,500,000 EGP",,Mercedes,C 180,https://eg.hatla2ee.com/en/new-car/mercedes/c-180/unit/7173884,https://legion-images.hatla2ee.com/listing_image/362df73c-e2a7-4b6d-928d-5eb4f02891f3/medium.jpg,2026-04-30 15:16:35
167,new,Dongfeng 008 2025,2025,0 KM,Automatic,Gas,"1,520,000 EGP",,Dongfeng,008,https://eg.hatla2ee.com/en/new-car/dfm/008/unit/7204251,https://legion-images.hatla2ee.com/listing_image/2f2147ac-a9b2-4f21-aa1e-5b9796eee3ef/medium.jpg,2026-04-30 15:16:39
167,new,Rox 01 2026,2026,0 KM,Automatic,Hybrid,"3,800,000 EGP",,Rox,01,https://eg.hatla2ee.com/en/new-car/rox/rox-01/unit/7173488,https://legion-images.hatla2ee.com/listing_image/65ec6c0b-73c8-47e1-ab21-3e04fbe86207/medium.jpg,2026-04-30 15:16:40
168,new,Toyota Urban Cruiser 2026,2026,0 KM,Automatic,Gas,"1,460,000 EGP",,Toyota,Urban Cruiser,https://eg.hatla2ee.com/en/new-car/toyota/Urban-Cruiser/unit/7192721,https://legion-images.hatla2ee.com/listing_image/3861fd9f-c1b6-4451-a592-7b893ec633c8/medium.jpg,2026-04-30 15:16:52
168,new,Audi Q4 E-Tron 2025,2025,0 KM,Automatic,Electric,"2,200,000 EGP",,Audi,Q4 E-Tron,https://eg.hatla2ee.com/en/new-car/audi/audi-q4-e-tron/unit/7185015,https://legion-images.hatla2ee.com/listing_image/3883514f-3b10-41e4-a7ea-8940bb1cc832/medium.jpg,2026-04-30 15:16:57
168,new,Mercedes E 200 2026,2026,0 KM,Automatic,Gas,"5,850,000 EGP",,Mercedes,E 200,https://eg.hatla2ee.com/en/new-car/mercedes/e-200/unit/7203252,https://legion-images.hatla2ee.com/listing_image/8275af21-589f-42c1-8b2f-0797bdb70ab0/medium.jpg,2026-04-30 15:16:58
168,new,Mercedes CLA 200 2026,2026,0 KM,Automatic,Gas,"4,050,000 EGP",,Mercedes,CLA 200,https://eg.hatla2ee.com/en/new-car/mercedes/cla-200/unit/7203271,https://legion-images.hatla2ee.com/listing_image/8b2451f1-6382-40c6-9241-286d5e956920/medium.jpg,2026-04-30 15:16:58
168,new,Mercedes CLA 200 2026,2026,0 KM,Automatic,Gas,"3,800,000 EGP",,Mercedes,CLA 200,https://eg.hatla2ee.com/en/new-car/mercedes/cla-200/unit/7188743,https://legion-images.hatla2ee.com/listing_image/ef1f3a49-01bd-4849-b5e6-414764b7b777/medium.jpg,2026-04-30 15:16:59
168,new,Mercedes E 200 2026,2026,0 KM,Automatic,Gas,"5,700,000 EGP",,Mercedes,E 200,https://eg.hatla2ee.com/en/new-car/mercedes/e-200/unit/7198426,https://legion-images.hatla2ee.com/listing_image/9d8ccc88-2a23-43c1-b543-3360ec5f421b/medium.jpg,2026-04-30 15:17:00
169,new,Geely GX3 Pro 2026,2026,0 KM,Automatic,Gas,"870,000 EGP",,Geely,GX3 Pro,https://eg.hatla2ee.com/en/new-car/geely/GX3-pro/unit/7203651,https://legion-images.hatla2ee.com/listing_image/a0a7a9cb-b107-4734-bf5a-48852f201690/medium.jpg,2026-04-30 15:17:08
169,new,Nissan Patrol 2026,2026,0 KM,Automatic,Gas,"7,100,000 EGP",,Nissan,Patrol,https://eg.hatla2ee.com/en/new-car/nissan/patrol/unit/7181969,https://legion-images.hatla2ee.com/listing_image/7f4d58fb-29f7-4d56-9ca7-165074d29d62/medium.jpg,2026-04-30 15:17:10
169,new,Land Rover Velar 2025,2025,0 KM,Automatic,Gas,"6,350,000 EGP",,Land Rover,Velar,https://eg.hatla2ee.com/en/new-car/land-rover/Velar/unit/7199988,https://legion-images.hatla2ee.com/listing_image/0f20cd40-5f9c-4576-9a35-8a64903b7530/medium.jpg,2026-04-30 15:17:11
169,new,MG GT 2026,2026,0 KM,Automatic,Gas,"1,340,000 EGP",,MG,GT,https://eg.hatla2ee.com/en/new-car/moris-garage/MG-GT/unit/7204302,https://legion-images.hatla2ee.com/listing_image/65fe2018-5280-459e-af78-dce4426dbd98/medium.jpg,2026-04-30 15:17:16
169,new,Mercedes E 200 2026,2026,0 KM,Automatic,Gas,"6,050,000 EGP",,Mercedes,E 200,https://eg.hatla2ee.com/en/new-car/mercedes/e-200/unit/7204290,https://legion-images.hatla2ee.com/listing_image/6c5e2d49-012a-467c-91ba-81cb944dcd0d/medium.jpg,2026-04-30 15:17:18
169,new,MG 7 2026,2026,0 KM,Automatic,Gas,"1,800,000 EGP",,MG,7,https://eg.hatla2ee.com/en/new-car/moris-garage/mg-7/unit/7204289,https://legion-images.hatla2ee.com/listing_image/8d5479e2-65ac-4491-895a-26dd1817db3f/medium.jpg,2026-04-30 15:17:18
170,new,Soueast S 07 2027,2027,0 KM,Automatic,Gas,"1,460,000 EGP",,Soueast,S 07,https://eg.hatla2ee.com/en/new-car/soueast/S+07/unit/7204268,https://legion-images.hatla2ee.com/listing_image/bce0dc3f-2313-45e4-8749-da6ed732e990/medium.jpg,2026-04-30 15:17:29
170,new,Mercedes G63 2024,2024,0 KM,Automatic,Gas,"16,000,000 EGP",,Mercedes,G63,https://eg.hatla2ee.com/en/new-car/mercedes/mercedes-benz-g63/unit/7198778,https://legion-images.hatla2ee.com/listing_image/9d3048b9-4bbf-4b45-9be3-c245b8743161/medium.jpg,2026-04-30 15:17:32
170,new,Mercedes G63 2024,2024,0 KM,Automatic,Gas,"16,000,000 EGP",,Mercedes,G63,https://eg.hatla2ee.com/en/new-car/mercedes/mercedes-benz-g63/unit/7197068,https://legion-images.hatla2ee.com/listing_image/bf52d6f0-fa5d-4669-87b5-84c56bcac137/medium.jpg,2026-04-30 15:17:32
170,new,Mercedes CLE 200 2026,2026,0 KM,Automatic,Gas,"4,850,000 EGP",,Mercedes,CLE 200,https://eg.hatla2ee.com/en/new-car/mercedes/mercedes-benz-cle-200/unit/7198318,https://legion-images.hatla2ee.com/listing_image/604ddbc5-9243-4e59-a3ce-bea351e9c094/medium.jpg,2026-04-30 15:17:33
171,new,Peugeot 408 2026,2026,0 KM,Automatic,Gas,"2,275,000 EGP",,Peugeot,408,https://eg.hatla2ee.com/en/new-car/peugeot/408/unit/7204235,https://legion-images.hatla2ee.com/listing_image/6147aa19-1157-4cdb-bca3-b94a19fc0e04/medium.jpg,2026-04-30 15:17:44
171,new,Honda CRV 2024,2024,0 KM,Automatic,Gas,"3,000,000 EGP",,Honda,CRV,https://eg.hatla2ee.com/en/new-car/honda/crv/unit/43211,https://legion-images.hatla2ee.com/listing_image/06d8afaa-bf74-47b8-8866-625895b89d6a/medium.jpg,2026-04-30 15:17:50
171,new,Cadillac Escalade 2025,2025,0 KM,Automatic,Gas,"14,700,000 EGP",,Cadillac,Escalade,https://eg.hatla2ee.com/en/new-car/cadillac/escalade/unit/7204220,https://legion-images.hatla2ee.com/listing_image/ce7f96d3-1cc6-4537-969b-449b93ee0ff5/medium.jpg,2026-04-30 15:17:52
171,new,Byd Seal 2025,2025,0 KM,Automatic,Hybrid,"1,150,000 EGP",,Byd,Seal,https://eg.hatla2ee.com/en/new-car/byd/Seal/unit/7204211,https://legion-images.hatla2ee.com/listing_image/f83e1441-a935-46fd-84b2-e23d4595b6f9/medium.jpg,2026-04-30 15:17:54
172,new,Audi Q3 2025,2025,0 KM,Automatic,Gas,"2,625,000 EGP",,Audi,Q3,https://eg.hatla2ee.com/en/new-car/audi/q3/unit/7200504,https://legion-images.hatla2ee.com/listing_image/109cffda-d49c-4629-9637-d739afa3f64d/medium.jpg,2026-04-30 15:18:05
172,new,MG GT 2025,2025,0 KM,Automatic,Gas,"1,150,000 EGP",,MG,GT,https://eg.hatla2ee.com/en/new-car/moris-garage/MG-GT/unit/7185518,https://legion-images.hatla2ee.com/listing_image/a9f5319b-8094-4dcf-b28f-d078a2e6c001/medium.jpg,2026-04-30 15:18:09
172,new,Skoda Superb 2025,2025,0 KM,Automatic,Gas,"2,150,000 EGP",,Skoda,Superb,https://eg.hatla2ee.com/en/new-car/skoda/superb/unit/7171736,https://legion-images.hatla2ee.com/listing_image/2778cf0d-fc61-44a5-9ee7-e5bf2d1a230f/medium.jpg,2026-04-30 15:18:10
172,new,Hyundai Elantra 2025,2025,0 KM,Automatic,Gas,"1,525,000 EGP",,Hyundai,Elantra,https://eg.hatla2ee.com/en/new-car/hyundai/elantra/unit/7186448,https://legion-images.hatla2ee.com/listing_image/143a0bbe-7026-42e5-9d93-0ae69dee0337/medium.jpg,2026-04-30 15:18:11
172,new,MG 5 2026,2026,0 KM,Automatic,Gas,"1,100,000 EGP",,MG,5,https://eg.hatla2ee.com/en/new-car/moris-garage/mg-5/50676/44017,https://legion-images.hatla2ee.com/listing_image/0fea64d1-27b3-4d6e-b150-c93fbc2a888c/medium.jpg,2026-04-30 15:18:12
172,new,Peugeot 3008 2026,2026,0 KM,Automatic,Gas,"2,450,000 EGP",,Peugeot,3008,https://eg.hatla2ee.com/en/new-car/peugeot/3008/50710/7168211,https://legion-images.hatla2ee.com/listing_image/d1b13860-774a-4c83-9d19-c9f3c4fa0a54/medium.jpg,2026-04-30 15:18:12
172,new,Suzuki Celerio 2022,2022,0 KM,Automatic,Gas,"575,000 EGP",,Suzuki,Celerio,https://eg.hatla2ee.com/en/new-car/suzuki/celerio/unit/44045,https://legion-images.hatla2ee.com/listing_image/d0ddd331-9883-4f36-886f-f0d55550dba5/medium.jpg,2026-04-30 15:18:13
172,new,Audi A5 2026,2026,0 KM,Automatic,Gas,"3,490,000 EGP",,Audi,A5,https://eg.hatla2ee.com/en/new-car/audi/a5/50875/7186626,https://legion-images.hatla2ee.com/listing_image/f4a4270e-9e3a-48e4-9039-9edbb1b2c107/medium.jpg,2026-04-30 15:18:13
172,new,Seat Leon 2026,2026,0 KM,Automatic,Gas,"1,670,000 EGP",,Seat,Leon,https://eg.hatla2ee.com/en/new-car/seat/leon/unit/7204179,https://legion-images.hatla2ee.com/listing_image/b1ab2629-f375-49b1-9ff0-5b24fe394aa0/medium.jpg,2026-04-30 15:18:14
173,new,Mercedes C 200 2026,2026,0 KM,Automatic,Gas,"4,200,000 EGP",,Mercedes,C 200,https://eg.hatla2ee.com/en/new-car/mercedes/c-200/unit/7204171,https://legion-images.hatla2ee.com/listing_image/2a61ce12-fb79-4b14-8c93-ff1f5ff4f74e/medium.jpg,2026-04-30 15:18:25
173,new,Nissan Patrol 2026,2026,0 KM,Automatic,Gas,"9,900,000 EGP",,Nissan,Patrol,https://eg.hatla2ee.com/en/new-car/nissan/patrol/unit/7196244,https://legion-images.hatla2ee.com/listing_image/103ce7b5-9de4-49db-9af1-29b2f2f74c78/medium.jpg,2026-04-30 15:18:31
173,new,Mercedes G63 2026,2026,0 KM,Automatic,Gas,"11,000,000 EGP",,Mercedes,G63,https://eg.hatla2ee.com/en/new-car/mercedes/mercedes-benz-g63/unit/7185491,https://legion-images.hatla2ee.com/listing_image/819a026a-4799-4002-8513-3b4e7b5c6b35/medium.jpg,2026-04-30 15:18:33
173,new,Mercedes GLC 300 2026,2026,0 KM,Automatic,Gas,"4,000,000 EGP",,Mercedes,GLC 300,https://eg.hatla2ee.com/en/new-car/mercedes/glc-300/unit/43382,https://legion-images.hatla2ee.com/listing_image/c62166d7-e7b4-4a99-a818-0720c3718b38/medium.jpg,2026-04-30 15:18:33
174,new,Mercedes E 200 2026,2026,0 KM,Automatic,Gas,"5,450,000 EGP",,Mercedes,E 200,https://eg.hatla2ee.com/en/new-car/mercedes/e-200/unit/41336,https://legion-images.hatla2ee.com/listing_image/2ae6078a-2d6f-42d6-9397-8deac7c0df01/medium.jpg,2026-04-30 15:18:43
174,new,Mercedes C 200 2026,2026,0 KM,Automatic,Gas,"3,450,000 EGP",,Mercedes,C 200,https://eg.hatla2ee.com/en/new-car/mercedes/c-200/unit/7185498,https://legion-images.hatla2ee.com/listing_image/2f0ab211-8146-41ea-b81d-89a1e5b62adc/medium.jpg,2026-04-30 15:18:45
174,new,Mercedes GLC 300 2024,2024,0 KM,Automatic,Gas,"5,350,000 EGP",,Mercedes,GLC 300,https://eg.hatla2ee.com/en/new-car/mercedes/glc-300/unit/7204113,https://legion-images.hatla2ee.com/listing_image/bcf21112-a8dc-4f3a-849d-eb580ef9d2a8/medium.jpg,2026-04-30 15:18:51
174,new,BMW I7 2024,2024,0 KM,Automatic,Electric,"8,500,000 EGP",,BMW,I7,https://eg.hatla2ee.com/en/new-car/bmw/I7/unit/7183689,https://legion-images.hatla2ee.com/listing_image/039c7b8d-eb41-4ca1-9b81-26eed45c8d27/medium.jpg,2026-04-30 15:18:52
176,new,BMW IX1 2025,2025,0 KM,Automatic,Electric,"2,150,000 EGP",,BMW,IX1,https://eg.hatla2ee.com/en/new-car/bmw/IX1/unit/7155964,https://legion-images.hatla2ee.com/listing_image/3bc16f7b-bfcd-4c95-a9c7-15734abd45cb/medium.jpg,2026-04-30 15:19:27
177,new,Baic U5 plus 2026,2026,0 KM,Automatic,Gas,"1,030,000 EGP",,Baic,U5 plus,https://eg.hatla2ee.com/en/new-car/baic/U5-plus/unit/7203979,https://legion-images.hatla2ee.com/listing_image/876b469e-c1db-4181-906f-77a2d3e48114/medium.jpg,2026-04-30 15:19:39
177,new,Nissan Sunny 2027,2027,0 KM,Automatic,Gas,"775,000 EGP",,Nissan,Sunny,https://eg.hatla2ee.com/en/new-car/nissan/sunny/unit/7203871,https://legion-images.hatla2ee.com/listing_image/48e9df27-009f-4c67-bdac-18ba271d749f/medium.jpg,2026-04-30 15:19:42
177,new,Skoda Kodiaq 2026,2026,0 KM,Automatic,Gas,"2,600,000 EGP",,Skoda,Kodiaq,https://eg.hatla2ee.com/en/new-car/skoda/kodiaq/unit/7203878,https://legion-images.hatla2ee.com/listing_image/638285b0-2238-4e5f-b753-fc121f80e8f9/medium.jpg,2026-04-30 15:19:42
177,new,Nissan Sunny 2026,2026,0 KM,Automatic,Gas,"850,000 EGP",,Nissan,Sunny,https://eg.hatla2ee.com/en/new-car/nissan/sunny/unit/7203961,https://legion-images.hatla2ee.com/listing_image/1c3f1d2d-c427-412a-bfe6-fbe80d0101cc/medium.jpg,2026-04-30 15:19:42
177,new,Skoda Kamiq 2022,2022,0 KM,Automatic,Gas,"1,400,000 EGP",,Skoda,Kamiq,https://eg.hatla2ee.com/en/new-car/skoda/Kamiq/unit/7203956,https://legion-images.hatla2ee.com/listing_image/48cb1254-aa71-4291-9633-ecc4b9d56f14/medium.jpg,2026-04-30 15:19:43
178,new,Mercedes C 200 2026,2026,0 KM,Automatic,Gas,"4,300,000 EGP",,Mercedes,C 200,https://eg.hatla2ee.com/en/new-car/mercedes/c-200/unit/7198265,https://legion-images.hatla2ee.com/listing_image/b2c6f0ba-92d4-47ab-b781-063ffcd39aa2/medium.jpg,2026-04-30 15:19:58
178,new,Mercedes Viano 2026,2026,0 KM,Automatic,Gas,"7,500,000 EGP",,Mercedes,Viano,https://eg.hatla2ee.com/en/new-car/mercedes/Viano/unit/7199568,https://legion-images.hatla2ee.com/listing_image/ea23960b-3f22-4fe3-a9ef-fb101cdda5c1/medium.jpg,2026-04-30 15:19:59
178,new,Mercedes GLC 43 2026,2026,0 KM,Automatic,Gas,"7,500,000 EGP",,Mercedes,GLC 43,https://eg.hatla2ee.com/en/new-car/mercedes/mercedes-benz-glc-43/unit/7199570,https://legion-images.hatla2ee.com/listing_image/4ac71bfa-2221-4b20-a3a0-e8737cd58b19/medium.jpg,2026-04-30 15:19:59
179,new,Mitsubishi Outlander PHEV 2026,2026,0 KM,Automatic,Gas,"1,375,000 EGP",,Mitsubishi,Outlander PHEV,https://eg.hatla2ee.com/en/new-car/mitsubishi/mitsubishi-outlander-phev/unit/7203916,https://legion-images.hatla2ee.com/listing_image/52db25f6-4a72-49a1-ab2c-258290edb7bb/medium.jpg,2026-04-30 15:20:14
179,new,Mitsubishi Mirage 2026,2026,0 KM,Automatic,Gas,"755,000 EGP",,Mitsubishi,Mirage,https://eg.hatla2ee.com/en/new-car/mitsubishi/mirage/unit/7203915,https://legion-images.hatla2ee.com/listing_image/d5c8559c-75a2-4ed1-b483-b68cc049ffda/medium.jpg,2026-04-30 15:20:15
179,new,Mitsubishi Eclipse Cross 2026,2026,0 KM,Automatic,Gas,"1,400,000 EGP",,Mitsubishi,Eclipse Cross,https://eg.hatla2ee.com/en/new-car/mitsubishi/Eclipse-Cross/unit/7203910,https://legion-images.hatla2ee.com/listing_image/512ecea5-3ecb-40ed-a61d-8c8adc85775d/medium.jpg,2026-04-30 15:20:17
179,new,Mitsubishi Attrage 2026,2026,0 KM,Automatic,Gas,"740,000 EGP",,Mitsubishi,Attrage,https://eg.hatla2ee.com/en/new-car/mitsubishi/attrage/unit/7203897,https://legion-images.hatla2ee.com/listing_image/2c8c369d-e593-40a9-a8ba-07cb168b7d26/medium.jpg,2026-04-30 15:20:20
179,new,Chery Tiggo 8 Pro Max 2026,2026,0 KM,Automatic,Gas,"1,690,000 EGP",,Chery,Tiggo 8 Pro Max,https://eg.hatla2ee.com/en/new-car/chery/Tiggo-8-Pro-Max/unit/7200850,https://legion-images.hatla2ee.com/listing_image/3f971c89-d64a-41da-8236-0754674eb2d8/medium.jpg,2026-04-30 15:20:22
180,new,Chevrolet Optra 2025,2025,0 KM,Automatic,Gas,"750,000 EGP",,Chevrolet,Optra,https://eg.hatla2ee.com/en/new-car/chevrolet/optra/50389/7200722,https://legion-images.hatla2ee.com/listing_image/de40143d-6598-432a-861e-3bce63c501a9/medium.jpg,2026-04-30 15:20:37
180,new,Mercedes CLA 200 2026,2026,0 KM,Automatic,Electric,"3,000,000 EGP",,Mercedes,CLA 200,https://eg.hatla2ee.com/en/new-car/mercedes/cla-200/50930/7200660,https://legion-images.hatla2ee.com/listing_image/489482ef-2aed-42e0-94e7-a6187891f184/medium.jpg,2026-04-30 15:20:38
181,new,Mitsubishi Xpander 2026,2026,0 KM,Automatic,Gas,"1,300,000 EGP",,Mitsubishi,Xpander,https://eg.hatla2ee.com/en/new-car/mitsubishi/Xpander/unit/7203894,https://legion-images.hatla2ee.com/listing_image/f2b11661-1237-4007-9bd8-68a8a4f8b583/medium.jpg,2026-04-30 15:20:54
181,new,Cupra Formentor 2026,2026,0 KM,Automatic,Gas,"680,000 EGP",,Cupra,Formentor,https://eg.hatla2ee.com/en/new-car/cupra/Formentor/unit/7203882,https://legion-images.hatla2ee.com/listing_image/ff5a98f9-9a64-49ab-9c01-cd5473e44f29/medium.jpg,2026-04-30 15:20:55
181,new,Maserati Grecale 2025,2025,0 KM,Automatic,Gas,"6,400,000 EGP",,Maserati,Grecale,https://eg.hatla2ee.com/en/new-car/maserati/Grecale/unit/7197906,https://legion-images.hatla2ee.com/listing_image/56d28aa2-b92a-490b-bae7-b22021864c80/medium.jpg,2026-04-30 15:20:56
181,new,Volkswagen Tayron 2026,2026,0 KM,Automatic,Gas,"2,920,000 EGP",,Volkswagen,Tayron,https://eg.hatla2ee.com/en/new-car/volks-wagen/tayron/unit/7203873,https://legion-images.hatla2ee.com/listing_image/67e872be-e96d-495d-83ab-1f780ffcbfd3/medium.jpg,2026-04-30 15:20:57
182,new,Mercedes CLA 200 2026,2026,0 KM,Automatic,Gas,"2,950,000 EGP",,Mercedes,CLA 200,https://eg.hatla2ee.com/en/new-car/mercedes/cla-200/unit/7203836,https://legion-images.hatla2ee.com/listing_image/6aff65d6-48ef-4ee3-acdf-588a4ca45364/medium.jpg,2026-04-30 15:21:14
182,new,Mercedes GLC 200 2026,2026,0 KM,Automatic,Gas,"5,650,000 EGP",,Mercedes,GLC 200,https://eg.hatla2ee.com/en/new-car/mercedes/GLC-200/unit/7203814,https://legion-images.hatla2ee.com/listing_image/0db775b2-ceb0-4a5e-acc2-8322747ce36a/medium.jpg,2026-04-30 15:21:14
182,new,Cupra Terramar 2025,2025,0 KM,Automatic,Gas,"2,270,000 EGP",,Cupra,Terramar,https://eg.hatla2ee.com/en/new-car/cupra/Terramar/unit/7172598,https://legion-images.hatla2ee.com/listing_image/3eaa09d9-fd3d-4705-9b2b-3f956c54ff50/medium.jpg,2026-04-30 15:21:17
183,new,Mazda Other 2025,2025,0 KM,Automatic,Electric,"2,000,000 EGP",,Mazda,Other,https://eg.hatla2ee.com/en/new-car/mazda/other-mazda/unit/7197340,https://legion-images.hatla2ee.com/listing_image/e87c7121-96e4-4a4a-9b78-43a14b0173ea/medium.jpg,2026-04-30 15:21:27
183,new,Mercedes C 200 2026,2026,0 KM,Automatic,Gas,"4,250,000 EGP",,Mercedes,C 200,https://eg.hatla2ee.com/en/new-car/mercedes/c-200/unit/7197336,https://legion-images.hatla2ee.com/listing_image/6b305750-9f3d-4201-84ff-28b990443943/medium.jpg,2026-04-30 15:21:27
183,new,Mercedes GLC 200 2024,2024,0 KM,Automatic,Gas,"4,700,000 EGP",,Mercedes,GLC 200,https://eg.hatla2ee.com/en/new-car/mercedes/GLC-200/unit/7171167,https://legion-images.hatla2ee.com/listing_image/502f1ee9-a18a-4e24-846d-0858e729ab9d/medium.jpg,2026-04-30 15:21:28
183,new,Mercedes C 200 2024,2024,0 KM,Automatic,Gas,"3,300,000 EGP",,Mercedes,C 200,https://eg.hatla2ee.com/en/new-car/mercedes/c-200/unit/7203311,https://legion-images.hatla2ee.com/listing_image/72c721b0-27b8-45ef-8323-006a7aff07bd/medium.jpg,2026-04-30 15:21:30
183,new,Skoda Kodiaq 2026,2026,0 KM,Automatic,Gas,"2,600,000 EGP",,Skoda,Kodiaq,https://eg.hatla2ee.com/en/new-car/skoda/kodiaq/unit/7202619,https://legion-images.hatla2ee.com/listing_image/db9b8fe5-ee33-4dde-bed7-4662d1260690/medium.jpg,2026-04-30 15:21:31
183,new,Audi Q3 2026,2026,0 KM,Automatic,Gas,"2,900,000 EGP",,Audi,Q3,https://eg.hatla2ee.com/en/new-car/audi/q3/unit/7203780,https://legion-images.hatla2ee.com/listing_image/c7891609-1dcc-401a-b983-0dff257f2e81/medium.jpg,2026-04-30 15:21:31
184,new,Volkswagen Tiguan 2026,2026,0 KM,Automatic,Gas,"2,680,000 EGP",,Volkswagen,Tiguan,https://eg.hatla2ee.com/en/new-car/volks-wagen/tiguan/unit/7197730,https://legion-images.hatla2ee.com/listing_image/875a3164-71ad-4fc7-b27c-7f433177ffbc/medium.jpg,2026-04-30 15:21:46
184,new,Renault Logan 2017,2017,0 KM,Automatic,Natural Gas,"425,000 EGP",,Renault,Logan,https://eg.hatla2ee.com/en/new-car/renault/logan/904/7203764,https://legion-images.hatla2ee.com/listing_image/bfca4521-bd83-4e42-9441-148243370681/medium.jpg,2026-04-30 15:21:47
184,new,Jetour T2 2026,2026,0 KM,Automatic,Gas,"2,060,000 EGP",,Jetour,T2,https://eg.hatla2ee.com/en/new-car/jetour/T2/unit/7137508,https://legion-images.hatla2ee.com/listing_image/701279df-0489-4dd3-8c66-a520d09e24ad/medium.jpg,2026-04-30 15:21:49
184,new,Cupra Leon 2026,2026,0 KM,Automatic,Gas,"2,080,000 EGP",,Cupra,Leon,https://eg.hatla2ee.com/en/new-car/cupra/leon-cupra/unit/7143750,https://legion-images.hatla2ee.com/listing_image/8422a786-ec72-4eb1-bcad-8d5d3be24f44/medium.jpg,2026-04-30 15:21:49
184,new,Jac S4 2026,2026,0 KM,Automatic,Gas,"1,040,000 EGP",,Jac,S4,https://eg.hatla2ee.com/en/new-car/jac/S4/unit/7203710,https://legion-images.hatla2ee.com/listing_image/379e695f-6f36-434a-a78a-196003aa4864/medium.jpg,2026-04-30 15:21:53
184,new,Volkswagen T-Roc 2026,2026,0 KM,Automatic,Gas,"1,850,000 EGP",,Volkswagen,T-Roc,https://eg.hatla2ee.com/en/new-car/volks-wagen/T-Roc/unit/7203681,https://legion-images.hatla2ee.com/listing_image/425c379f-b7de-4ce3-bfc9-cdee208bf7c0/medium.jpg,2026-04-30 15:21:54
185,new,Mercedes Viano 2026,2026,0 KM,Automatic,Gas,"7,000,000 EGP",,Mercedes,Viano,https://eg.hatla2ee.com/en/new-car/mercedes/Viano/unit/7203744,https://legion-images.hatla2ee.com/listing_image/c09ddcfe-ab0e-4353-9062-ff0b8ffed2e5/medium.jpg,2026-04-30 15:22:04
185,new,Mercedes Viano 2026,2026,0 KM,Automatic,Gas,"6,900,000 EGP",,Mercedes,Viano,https://eg.hatla2ee.com/en/new-car/mercedes/Viano/unit/7203741,https://legion-images.hatla2ee.com/listing_image/73387be0-7497-4627-a28c-d2ed53391d1d/medium.jpg,2026-04-30 15:22:04
185,new,Audi A5 2025,2025,0 KM,Automatic,Gas,"3,650,000 EGP",,Audi,A5,https://eg.hatla2ee.com/en/new-car/audi/a5/unit/7203738,https://legion-images.hatla2ee.com/listing_image/1c8bd873-5636-4a10-b389-d3871fcb17c3/medium.jpg,2026-04-30 15:22:05
185,new,Mercedes EQV 300 2024,2024,0 KM,Automatic,Electric,"1,950,000 EGP",,Mercedes,EQV 300,https://eg.hatla2ee.com/en/new-car/mercedes/Mercedes_EQV+300/unit/41856,https://legion-images.hatla2ee.com/listing_image/a6c21b9c-0917-46cb-8314-044594a1d454/medium.jpg,2026-04-30 15:22:06
185,new,Kia Sportage 2025,2025,0 KM,Automatic,Gas,"2,250,000 EGP",,Kia,Sportage,https://eg.hatla2ee.com/en/new-car/kia/sportage/unit/7142106,https://legion-images.hatla2ee.com/listing_image/cde27ee1-b3ae-4002-9849-542a715ec838/medium.jpg,2026-04-30 15:22:07
185,new,Changan CS 55 2026,2026,0 KM,Automatic,Gas,"1,350,000 EGP",,Changan,CS 55,https://eg.hatla2ee.com/en/new-car/changan/CS-55/unit/41059,https://legion-images.hatla2ee.com/listing_image/d161d598-e2bd-4942-bbd8-d44ff8e8d180/medium.jpg,2026-04-30 15:22:08
185,new,Land Rover Velar 2025,2025,0 KM,Automatic,Gas,"6,450,000 EGP",,Land Rover,Velar,https://eg.hatla2ee.com/en/new-car/land-rover/Velar/unit/7150939,https://legion-images.hatla2ee.com/listing_image/6c6c399c-e476-4632-8538-de94f3936f91/medium.jpg,2026-04-30 15:22:08
185,new,Renault Taliant 2026,2026,0 KM,Automatic,Gas,"880,000 EGP",,Renault,Taliant,https://eg.hatla2ee.com/en/new-car/renault/Taliant/unit/41459,https://legion-images.hatla2ee.com/listing_image/3cd42d97-4768-4c62-a70d-c69662ad3715/medium.jpg,2026-04-30 15:22:08
185,new,Chevrolet Optra 2026,2026,0 KM,Automatic,Gas,"820,000 EGP",,Chevrolet,Optra,https://eg.hatla2ee.com/en/new-car/chevrolet/optra/unit/44001,https://legion-images.hatla2ee.com/listing_image/a0f0616e-28cb-448d-ab35-c1d95260412f/medium.jpg,2026-04-30 15:22:09
185,new,Hyundai Tucson GDI 2025,2025,0 KM,Automatic,Gas,"2,200,000 EGP",,Hyundai,Tucson GDI,https://eg.hatla2ee.com/en/new-car/hyundai/Tucson-GDI/unit/7142159,https://legion-images.hatla2ee.com/listing_image/06a2bca1-a699-4e75-9589-dca8fdd7ea58/medium.jpg,2026-04-30 15:22:10
185,new,MG HS 2026,2026,0 KM,Automatic,Hybrid,"1,770,000 EGP",,MG,HS,https://eg.hatla2ee.com/en/new-car/moris-garage/MG-HS/unit/7139491,https://legion-images.hatla2ee.com/listing_image/025b5b24-4eb8-4873-b052-833c03e70a68/medium.jpg,2026-04-30 15:22:10
186,new,Cupra Leon 2026,2026,0 KM,Automatic,Gas,"2,050,000 EGP",,Cupra,Leon,https://eg.hatla2ee.com/en/new-car/cupra/leon-cupra/unit/7135358,https://legion-images.hatla2ee.com/listing_image/4f6ddac1-7a2a-4030-8a71-3c7bc05a9697/medium.jpg,2026-04-30 15:22:18
186,new,Cupra Terramar 2026,2026,0 KM,Automatic,Gas,"2,380,000 EGP",,Cupra,Terramar,https://eg.hatla2ee.com/en/new-car/cupra/Terramar/unit/7155312,https://legion-images.hatla2ee.com/listing_image/f1cef5f1-0a60-4548-b225-00813a0b5d6f/medium.jpg,2026-04-30 15:22:19
186,new,MG Rx5 2026,2026,0 KM,Automatic,Gas,"1,610,000 EGP",,MG,Rx5,https://eg.hatla2ee.com/en/new-car/moris-garage/Rx5/unit/7173233,https://legion-images.hatla2ee.com/listing_image/6f02ff79-3c4f-4c8f-9db4-813a056b6bf8/medium.jpg,2026-04-30 15:22:20
186,new,Cupra Leon 2026,2026,0 KM,Automatic,Gas,"1,955,000 EGP",,Cupra,Leon,https://eg.hatla2ee.com/en/new-car/cupra/leon-cupra/unit/7202345,https://legion-images.hatla2ee.com/listing_image/be05b027-cfdc-44f7-94f5-f8351534e8ca/medium.jpg,2026-04-30 15:22:20
186,new,BMW 520 2026,2026,0 KM,Automatic,Gas,"4,750,000 EGP",,BMW,520,https://eg.hatla2ee.com/en/new-car/bmw/520/unit/7203716,https://legion-images.hatla2ee.com/listing_image/c0cc64be-c01b-4cf9-a932-c2f846f56c97/medium.jpg,2026-04-30 15:22:21
186,new,Nissan Sentra 2026,2026,0 KM,Automatic,Gas,"1,040,000 EGP",,Nissan,Sentra,https://eg.hatla2ee.com/en/new-car/nissan/sentra/unit/7190126,https://legion-images.hatla2ee.com/listing_image/782c4bdb-b7bc-4b98-bf60-334fe096e6e6/medium.jpg,2026-04-30 15:22:21
186,new,Cadillac Escalade 2024,2024,0 KM,Automatic,Gas,"12,500,000 EGP",,Cadillac,Escalade,https://eg.hatla2ee.com/en/new-car/cadillac/escalade/unit/7203711,https://legion-images.hatla2ee.com/listing_image/4a9338bd-fc29-496d-96a8-340bef934f2c/medium.jpg,2026-04-30 15:22:22
186,new,Jac J7 2026,2026,0 KM,Automatic,Gas,"1,040,000 EGP",,Jac,J7,https://eg.hatla2ee.com/en/new-car/jac/J7/unit/7203705,https://legion-images.hatla2ee.com/listing_image/8a6be230-2cd8-4e28-b2d7-bb8a18d74a00/medium.jpg,2026-04-30 15:22:25
186,new,Nissan Sunny 2026,2026,0 KM,Automatic,Gas,"850,000 EGP",,Nissan,Sunny,https://eg.hatla2ee.com/en/new-car/nissan/sunny/unit/40080,https://legion-images.hatla2ee.com/listing_image/4fda79fc-7b51-4be6-806c-bb14e7371fbf/medium.jpg,2026-04-30 15:22:27
186,new,Cupra Terramar 2026,2026,0 KM,Automatic,Gas,"2,350,000 EGP",,Cupra,Terramar,https://eg.hatla2ee.com/en/new-car/cupra/Terramar/unit/7189928,https://legion-images.hatla2ee.com/listing_image/6f6f185a-aef5-4b20-9591-ff791feb3466/medium.jpg,2026-04-30 15:22:28
187,new,Mercedes Other 2026,2026,0 KM,Automatic,Gas,"10,250,000 EGP",,Mercedes,Other,https://eg.hatla2ee.com/en/new-car/mercedes/other-mercedes/unit/7175618,https://legion-images.hatla2ee.com/listing_image/663ac28a-00a4-4887-bb9e-69b72a45c513/medium.jpg,2026-04-30 15:22:40
187,new,Seat Arona 2026,2026,0 KM,Automatic,Gas,"1,450,000 EGP",,Seat,Arona,https://eg.hatla2ee.com/en/new-car/seat/arona/unit/7203668,https://legion-images.hatla2ee.com/listing_image/1a360708-37c4-41d3-8200-4d6fd2ee8302/medium.jpg,2026-04-30 15:22:42
187,new,Mercedes C 200 2026,2026,0 KM,Automatic,Gas,"4,175,000 EGP",,Mercedes,C 200,https://eg.hatla2ee.com/en/new-car/mercedes/c-200/unit/7203318,https://legion-images.hatla2ee.com/listing_image/237f01dc-ada9-4840-8d3b-072093dc0b45/medium.jpg,2026-04-30 15:22:42
187,new,Proton Saga 2026,2026,0 KM,Automatic,Gas,"670,000 EGP",,Proton,Saga,https://eg.hatla2ee.com/en/new-car/proton/saga/unit/7164692,https://legion-images.hatla2ee.com/listing_image/c61b03f3-6177-4045-95a3-2722ebd6dc38/medium.jpg,2026-04-30 15:22:43
187,new,Volkswagen Tayron 2026,2026,0 KM,Automatic,Gas,"2,900,000 EGP",,Volkswagen,Tayron,https://eg.hatla2ee.com/en/new-car/volks-wagen/tayron/unit/7203653,https://legion-images.hatla2ee.com/listing_image/e90990f5-7cd7-4648-96f6-7a2e91476d67/medium.jpg,2026-04-30 15:22:45
187,new,Kaiyi X3 Pro 2026,2026,0 KM,Automatic,Gas,"1,050,000 EGP",,Kaiyi,X3 Pro,https://eg.hatla2ee.com/en/new-car/Kaiyi/KAIYI-X3-PRO/unit/7203643,https://legion-images.hatla2ee.com/listing_image/0fa3f9ed-2939-4d1a-9f37-b710ede6a3a4/medium.jpg,2026-04-30 15:22:47
188,new,BMW IX1 2026,2026,0 KM,Automatic,Electric,"2,200,000 EGP",,BMW,IX1,https://eg.hatla2ee.com/en/new-car/bmw/IX1/unit/7199660,https://legion-images.hatla2ee.com/listing_image/ce85d941-2e74-4f16-88d8-374efe27e8e4/medium.jpg,2026-04-30 15:22:57
188,new,Jac S2 2026,2026,0 KM,Automatic,Gas,"820,000 EGP",,Jac,S2,https://eg.hatla2ee.com/en/new-car/jac/s2/unit/7203629,https://legion-images.hatla2ee.com/listing_image/6ff7a172-fe4c-4c1b-960f-d005783010ee/medium.jpg,2026-04-30 15:23:00
188,new,Skoda Kodiaq 2026,2026,0 KM,Automatic,Gas,"3,150,000 EGP",,Skoda,Kodiaq,https://eg.hatla2ee.com/en/new-car/skoda/kodiaq/unit/7203621,https://legion-images.hatla2ee.com/listing_image/8e18348a-40a2-43f6-ae38-7deddf007385/medium.jpg,2026-04-30 15:23:03
188,new,BMW X4 2025,2025,0 KM,Automatic,Gas,"4,700,000 EGP",,BMW,X4,https://eg.hatla2ee.com/en/new-car/bmw/x4/unit/7203620,https://legion-images.hatla2ee.com/listing_image/aeb53f0a-7a9c-4401-a87c-62cd6f2c5b36/medium.jpg,2026-04-30 15:23:03
188,new,Mercedes Viano 2026,2026,0 KM,Automatic,Gas,"6,600,000 EGP",,Mercedes,Viano,https://eg.hatla2ee.com/en/new-car/mercedes/Viano/unit/7169196,https://legion-images.hatla2ee.com/listing_image/853093af-ae5d-47d2-816f-d3de9b2b9770/medium.jpg,2026-04-30 15:23:06
188,new,Mercedes Viano 2026,2026,0 KM,Automatic,Gas,"6,850,000 EGP",,Mercedes,Viano,https://eg.hatla2ee.com/en/new-car/mercedes/Viano/unit/7201896,https://legion-images.hatla2ee.com/listing_image/18f4e926-9ef6-4a29-a771-2798898b8e9e/medium.jpg,2026-04-30 15:23:07
188,new,Cadillac Escalade 2025,2025,0 KM,Automatic,Gas,"14,500,000 EGP",,Cadillac,Escalade,https://eg.hatla2ee.com/en/new-car/cadillac/escalade/unit/7203513,https://legion-images.hatla2ee.com/listing_image/a1924d15-8a29-44f8-be0b-3d480ef313eb/medium.jpg,2026-04-30 15:23:07
189,new,Cadillac Escalade 2025,2025,0 KM,Automatic,Gas,"14,500,000 EGP",,Cadillac,Escalade,https://eg.hatla2ee.com/en/new-car/cadillac/escalade/unit/7203513,https://legion-images.hatla2ee.com/listing_image/a1924d15-8a29-44f8-be0b-3d480ef313eb/medium.jpg,2026-04-30 15:23:15
189,new,Chery Tiggo 8 2026,2026,0 KM,Automatic,Gas,"1,300,000 EGP",,Chery,Tiggo 8,https://eg.hatla2ee.com/en/new-car/chery/Tiggo-8/unit/7203594,https://legion-images.hatla2ee.com/listing_image/20dc6b55-5acf-4628-96a9-6d431f2dcef8/medium.jpg,2026-04-30 15:23:18
189,new,Speranza A516 2007,2007,0 KM,Manual,Diesel,"245,000 EGP",,Speranza,A516,https://eg.hatla2ee.com/en/new-car/speranza/a516/unit/7203561,https://legion-images.hatla2ee.com/listing_image/f98f8218-4b3e-4eb4-9d31-fb61add4d94b/medium.jpg,2026-04-30 15:23:21
189,new,BMW 520 2023,2023,0 KM,Automatic,Gas,"3,250,000 EGP",,BMW,520,https://eg.hatla2ee.com/en/new-car/bmw/520/39191/7203548,https://legion-images.hatla2ee.com/listing_image/b8c126c7-4a43-4baa-b608-31bcc1af4098/medium.jpg,2026-04-30 15:23:24
190,new,Kia K3 2016,2016,0 KM,Automatic,Gas,"680,000 EGP",,Kia,K3,https://eg.hatla2ee.com/en/new-car/kia/K3/unit/7203529,https://legion-images.hatla2ee.com/listing_image/be3aba62-07b5-4061-81f9-f0436303aa0f/medium.jpg,2026-04-30 15:23:36
190,new,Cadillac Escalade 2025,2025,0 KM,Automatic,Gas,"14,500,000 EGP",,Cadillac,Escalade,https://eg.hatla2ee.com/en/new-car/cadillac/escalade/unit/7196148,https://legion-images.hatla2ee.com/listing_image/d7c3a067-509f-4248-9fd3-08d44af1f546/medium.jpg,2026-04-30 15:23:36
190,new,Hyundai Elantra 2026,2026,0 KM,Automatic,Gas,"1,370,000 EGP",,Hyundai,Elantra,https://eg.hatla2ee.com/en/new-car/hyundai/elantra/unit/7203528,https://legion-images.hatla2ee.com/listing_image/ee060371-ccc1-4056-af13-95eed1e4c547/medium.jpg,2026-04-30 15:23:37
191,new,Zeekr 007 2025,2025,0 KM,Automatic,Electric,"3,550,000 EGP",,Zeekr,007,https://eg.hatla2ee.com/en/new-car/zeekr/zeekr-007/unit/7203462,https://legion-images.hatla2ee.com/listing_image/3f1578cc-ab33-49b2-9383-49bdaa536851/medium.jpg,2026-04-30 15:23:59
191,new,Mercedes E 300 2025,2025,0 KM,Automatic,Gas,"5,550,000 EGP",,Mercedes,E 300,https://eg.hatla2ee.com/en/new-car/mercedes/e-300/unit/7184489,https://legion-images.hatla2ee.com/listing_image/72ef7e2d-bcfc-4828-8211-a1dee684d16b/medium.jpg,2026-04-30 15:23:59
191,new,Maserati Grecale 2024,2024,0 KM,Automatic,Gas,"6,000,000 EGP",,Maserati,Grecale,https://eg.hatla2ee.com/en/new-car/maserati/Grecale/unit/7195459,https://legion-images.hatla2ee.com/listing_image/4a8dc06c-9746-4954-b24f-dcbba8a35dab/medium.jpg,2026-04-30 15:24:00
192,new,Nissan N7 2025,2025,0 KM,Automatic,Gas,"1,700,000 EGP",,Nissan,N7,https://eg.hatla2ee.com/en/new-car/nissan/n7/unit/7195920,https://legion-images.hatla2ee.com/listing_image/05281e71-bec8-4263-babb-36f31ed57104/medium.jpg,2026-04-30 15:24:08
192,new,Baic X35 2026,2026,0 KM,Automatic,Gas,"1,000,000 EGP",,Baic,X35,https://eg.hatla2ee.com/en/new-car/baic/Baic-X35/unit/7188278,https://legion-images.hatla2ee.com/listing_image/dd705086-db55-4ce3-a8b9-b04237eee8eb/medium.jpg,2026-04-30 15:24:08
192,new,Proton Saga 2026,2026,0 KM,Automatic,Gas,"670,000 EGP",,Proton,Saga,https://eg.hatla2ee.com/en/new-car/proton/saga/unit/7203442,https://legion-images.hatla2ee.com/listing_image/69a9f4f1-69a9-4c08-acc6-1da87a4dd8f4/medium.jpg,2026-04-30 15:24:12
194,new,Toyota Corolla 2026,2026,0 KM,Automatic,Natural Gas,"1,680,000 EGP",,Toyota,Corolla,https://eg.hatla2ee.com/en/new-car/toyota/corolla/unit/7199948,https://legion-images.hatla2ee.com/listing_image/8ad030ea-9d11-4df7-a66a-ce757342c4f0/medium.jpg,2026-04-30 15:24:37
194,new,Mercedes Viano 2026,2026,0 KM,Automatic,Gas,"6,900,000 EGP",,Mercedes,Viano,https://eg.hatla2ee.com/en/new-car/mercedes/Viano/unit/7203391,https://legion-images.hatla2ee.com/listing_image/b24645db-5c35-4a0e-9ef8-2614d74da01d/medium.jpg,2026-04-30 15:24:44
194,new,Mercedes GLC 300 2025,2025,0 KM,Automatic,Gas,"5,500,000 EGP",,Mercedes,GLC 300,https://eg.hatla2ee.com/en/new-car/mercedes/glc-300/unit/7203389,https://legion-images.hatla2ee.com/listing_image/dc06ddef-dd7e-4c19-aef5-8e6dd87ef9c3/medium.jpg,2026-04-30 15:24:44
195,new,Suzuki Fronx 2026,2026,0 KM,Automatic,Gas,"1,230,000 EGP",,Suzuki,Fronx,https://eg.hatla2ee.com/en/new-car/suzuki/Fronx/unit/7203352,https://legion-images.hatla2ee.com/listing_image/cac796e8-1406-490c-9a9b-a15849328914/medium.jpg,2026-04-30 15:24:59
195,new,Dongfeng Other 2025,2025,0 KM,Automatic,Electric,"2,000,000 EGP",,Dongfeng,Other,https://eg.hatla2ee.com/en/new-car/dfm/other-dongfeng/unit/7173663,https://legion-images.hatla2ee.com/listing_image/ab6bbb74-62f5-4ef5-9264-7fc3b143f098/medium.jpg,2026-04-30 15:25:02
195,new,Changan CS75 2026,2026,0 KM,Automatic,Gas,"1,650,000 EGP",,Changan,CS75,https://eg.hatla2ee.com/en/new-car/changan/CS75/unit/7199573,https://legion-images.hatla2ee.com/listing_image/0e15c7e0-6a52-45db-bc88-693204de5191/medium.jpg,2026-04-30 15:25:02
195,new,Mercedes CLA 300L 2026,2026,0 KM,Automatic,Electric,"2,900,000 EGP",,Mercedes,CLA 300L,https://eg.hatla2ee.com/en/new-car/mercedes/cla-300l/unit/7203330,https://legion-images.hatla2ee.com/listing_image/01edba6a-589c-4c79-b993-9316a8c484c0/medium.jpg,2026-04-30 15:25:03
195,new,Jeep Grand Cherokee 2025,2025,0 KM,Automatic,Gas,"4,950,000 EGP",,Jeep,Grand Cherokee,https://eg.hatla2ee.com/en/new-car/jeep/grand-Cherokee/unit/43903,https://legion-images.hatla2ee.com/listing_image/9fff3f3f-5e93-4dfc-bdd3-e6b08cd0429c/medium.jpg,2026-04-30 15:25:04
195,new,Xiaomi Yu7 2026,2026,0 KM,Automatic,Electric,"3,750,000 EGP",,Xiaomi,Yu7,https://eg.hatla2ee.com/en/new-car/xiaomi/xiaomi-yu7/unit/7190514,https://legion-images.hatla2ee.com/listing_image/b71252a6-577c-441f-a93e-359785b223aa/medium.jpg,2026-04-30 15:25:04
196,new,Forthing T5 evo 2027,2027,0 KM,Automatic,Gas,"1,290,000 EGP",,Forthing,T5 evo,https://eg.hatla2ee.com/en/new-car/forthing/T5+evo/unit/7203334,https://legion-images.hatla2ee.com/listing_image/0d316cf2-f018-4f0c-bd86-6a57849b6cc8/medium.jpg,2026-04-30 15:25:13
196,new,Jetour Dashing 2026,2026,0 KM,Automatic,Gas,"1,435,000 EGP",,Jetour,Dashing,https://eg.hatla2ee.com/en/new-car/jetour/Dashing/unit/7203332,https://legion-images.hatla2ee.com/listing_image/9f621dd8-f123-44a8-8a47-19b1831b0edd/medium.jpg,2026-04-30 15:25:14
196,new,Mercedes GLC 43 2026,2026,0 KM,Automatic,Gas,"7,800,000 EGP",,Mercedes,GLC 43,https://eg.hatla2ee.com/en/new-car/mercedes/mercedes-benz-glc-43/unit/7203331,https://legion-images.hatla2ee.com/listing_image/61ecedf3-eed8-4733-a9e2-460129dd8976/medium.jpg,2026-04-30 15:25:15
196,new,Baic BJ30 2026,2026,0 KM,Automatic,Gas,"1,750,000 EGP",,Baic,BJ30,https://eg.hatla2ee.com/en/new-car/baic/BJ30/unit/7188351,https://legion-images.hatla2ee.com/listing_image/8bbaf603-beb2-49fa-8f4d-a4e0c36dac3a/medium.jpg,2026-04-30 15:25:18
196,new,Chevrolet Optra 2027,2027,0 KM,Automatic,Gas,"825,000 EGP",,Chevrolet,Optra,https://eg.hatla2ee.com/en/new-car/chevrolet/optra/unit/7203317,https://legion-images.hatla2ee.com/listing_image/e87db7e2-c634-487a-ba94-19f36550fa13/medium.jpg,2026-04-30 15:25:19
196,new,Suzuki Swift 2026,2026,0 KM,Automatic,Gas,"940,000 EGP",,Suzuki,Swift,https://eg.hatla2ee.com/en/new-car/suzuki/swift/unit/43786,https://legion-images.hatla2ee.com/listing_image/5f46911f-a30d-4f13-9709-1d6db35e6868/medium.jpg,2026-04-30 15:25:21
196,new,Chery Tiggo 7 pro 2026,2026,0 KM,Automatic,Gas,"1,400,000 EGP",,Chery,Tiggo 7 pro,https://eg.hatla2ee.com/en/new-car/chery/Tiggo-7-pro/unit/42224,https://legion-images.hatla2ee.com/listing_image/a40bad3d-f990-4732-8940-b89cce747074/medium.jpg,2026-04-30 15:25:22
196,new,Volkswagen Tiguan 2026,2026,0 KM,Automatic,Gas,"2,700,000 EGP",,Volkswagen,Tiguan,https://eg.hatla2ee.com/en/new-car/volks-wagen/tiguan/unit/7185571,https://legion-images.hatla2ee.com/listing_image/98f61047-88b4-4f71-be3b-38359dc9df19/medium.jpg,2026-04-30 15:25:22
196,new,Cupra Formentor 2026,2026,0 KM,Automatic,Hybrid,"2,260,000 EGP",,Cupra,Formentor,https://eg.hatla2ee.com/en/new-car/cupra/Formentor/unit/7203307,https://legion-images.hatla2ee.com/listing_image/beb0b573-6d5e-4f8b-92d1-b8ef65aa081b/medium.jpg,2026-04-30 15:25:23
197,new,Land Rover Range Rover Sport 2026,2026,0 KM,Automatic,Gas,"13,000,000 EGP",,Land Rover,Range Rover Sport,https://eg.hatla2ee.com/en/new-car/land-rover/sport/unit/7203296,https://legion-images.hatla2ee.com/listing_image/68f27cc8-b9ae-49e6-b7ee-b02d35f91f02/medium.jpg,2026-04-30 15:25:36
197,new,Hyundai Santa Fe 2025,2025,0 KM,Automatic,Hybrid,"3,300,000 EGP",,Hyundai,Santa Fe,https://eg.hatla2ee.com/en/new-car/hyundai/santa-fe/unit/7203283,https://legion-images.hatla2ee.com/listing_image/c4fdecad-dbce-4113-9110-a380eab1efa0/medium.jpg,2026-04-30 15:25:38
197,new,Mercedes CLA 200 2026,2026,0 KM,Automatic,Gas,"4,000,000 EGP",,Mercedes,CLA 200,https://eg.hatla2ee.com/en/new-car/mercedes/cla-200/unit/7203281,https://legion-images.hatla2ee.com/listing_image/60ba256b-9c6e-4dbe-9fe2-1d423b576fb9/medium.jpg,2026-04-30 15:25:39
197,new,Mercedes CLA 200 2026,2026,0 KM,Automatic,Gas,"4,050,000 EGP",,Mercedes,CLA 200,https://eg.hatla2ee.com/en/new-car/mercedes/cla-200/unit/7203273,https://legion-images.hatla2ee.com/listing_image/a836453c-aba5-4ba4-aba8-c19b535ea35b/medium.jpg,2026-04-30 15:25:40
197,new,Avatr 12 2026,2026,0 KM,Automatic,Electric,"2,800,000 EGP",,Avatr,12,https://eg.hatla2ee.com/en/new-car/avatr/avatr-12/unit/7202221,https://legion-images.hatla2ee.com/listing_image/53ce0f04-2636-4634-9290-76738b826892/medium.jpg,2026-04-30 15:25:41
197,new,Mercedes E 200 2026,2026,0 KM,Automatic,Gas,"5,950,000 EGP",,Mercedes,E 200,https://eg.hatla2ee.com/en/new-car/mercedes/e-200/unit/7203270,https://legion-images.hatla2ee.com/listing_image/8bca1650-fd45-47d4-a516-264ffd9515a2/medium.jpg,2026-04-30 15:25:41
198,new,Jac S2 2026,2026,0 KM,Automatic,Gas,"800,000 EGP",,Jac,S2,https://eg.hatla2ee.com/en/new-car/jac/s2/unit/7188755,https://legion-images.hatla2ee.com/listing_image/b155cc0e-a6c1-469e-81e7-6bfb464603db/medium.jpg,2026-04-30 15:25:51
198,new,Mercedes GLC 300 2026,2026,0 KM,Automatic,Gas,"5,880,000 EGP",,Mercedes,GLC 300,https://eg.hatla2ee.com/en/new-car/mercedes/glc-300/unit/7203260,https://legion-images.hatla2ee.com/listing_image/0e74cc65-0751-4542-b69e-696e57e37345/medium.jpg,2026-04-30 15:25:53
198,new,Lotus Emira 2025,2025,0 KM,Automatic,Gas,"6,950,000 EGP",,Lotus,Emira,https://eg.hatla2ee.com/en/new-car/lotus/Emira/unit/7188472,https://legion-images.hatla2ee.com/listing_image/bc82c331-b8b0-43ad-bfdf-269b3a49eed0/medium.jpg,2026-04-30 15:25:54
198,new,Volkswagen ID Unyx 2025,2025,0 KM,Automatic,Electric,"2,150,000 EGP",,Volkswagen,ID Unyx,https://eg.hatla2ee.com/en/new-car/volks-wagen/volkswagen-id-unyx/unit/7203256,https://legion-images.hatla2ee.com/listing_image/51b3951f-bb96-425d-815d-13a3eb82978a/medium.jpg,2026-04-30 15:25:54
198,new,Volkswagen T-Roc 2026,2026,0 KM,Automatic,Gas,"1,870,000 EGP",,Volkswagen,T-Roc,https://eg.hatla2ee.com/en/new-car/volks-wagen/T-Roc/unit/7203251,https://legion-images.hatla2ee.com/listing_image/910edf51-804d-4948-b840-2f9b60d1bee8/medium.jpg,2026-04-30 15:25:55
198,new,Cupra Terramar 2026,2026,0 KM,Automatic,Gas,"2,380,000 EGP",,Cupra,Terramar,https://eg.hatla2ee.com/en/new-car/cupra/Terramar/unit/7203239,https://legion-images.hatla2ee.com/listing_image/c500714a-a14f-4d4d-821f-25423db89981/medium.jpg,2026-04-30 15:25:58
198,new,Mercedes Viano 2026,2026,0 KM,Automatic,Gas,"6,500,000 EGP",,Mercedes,Viano,https://eg.hatla2ee.com/en/new-car/mercedes/Viano/unit/7203235,https://legion-images.hatla2ee.com/listing_image/9fc128a9-b518-40fe-8a0e-04be3ac2a8c1/medium.jpg,2026-04-30 15:25:59
198,new,Soueast S 09 2026,2026,0 KM,Automatic,Gas,"1,539,000 EGP",,Soueast,S 09,https://eg.hatla2ee.com/en/new-car/soueast/S+09/unit/7167712,https://legion-images.hatla2ee.com/listing_image/48f53bac-8ebe-4f4e-92e9-e302b99e6ec0/medium.jpg,2026-04-30 15:25:59
199,new,Mercedes E 200 2026,2026,0 KM,Automatic,Gas,"5,750,000 EGP",,Mercedes,E 200,https://eg.hatla2ee.com/en/new-car/mercedes/e-200/unit/7203224,https://legion-images.hatla2ee.com/listing_image/740cc14d-1295-4f33-b109-e6a90c38609b/medium.jpg,2026-04-30 15:26:08
199,new,Soueast S 06 2026,2026,0 KM,Automatic,Gas,"1,350,000 EGP",,Soueast,S 06,https://eg.hatla2ee.com/en/new-car/soueast/S+06/unit/7150881,https://legion-images.hatla2ee.com/listing_image/01a9dfe3-2c4c-44e9-bd10-a6c2360598ff/medium.jpg,2026-04-30 15:26:08
199,new,Kaiyi X3 Pro 2026,2026,0 KM,Automatic,Gas,"995,000 EGP",,Kaiyi,X3 Pro,https://eg.hatla2ee.com/en/new-car/Kaiyi/KAIYI-X3-PRO/unit/7167286,https://legion-images.hatla2ee.com/listing_image/6882d727-c15e-437b-b248-e4b1520ab3df/medium.jpg,2026-04-30 15:26:09
199,new,BMW I3 2025,2025,0 KM,Automatic,Electric,"2,650,000 EGP",,BMW,I3,https://eg.hatla2ee.com/en/new-car/bmw/i3/unit/7203201,https://legion-images.hatla2ee.com/listing_image/abe86e38-3dad-414c-9573-a13950425a54/medium.jpg,2026-04-30 15:26:15
199,new,Seat Ateca 2025,2025,0 KM,Automatic,Gas,"1,830,000 EGP",,Seat,Ateca,https://eg.hatla2ee.com/en/new-car/seat/Ateca/unit/7203215,https://legion-images.hatla2ee.com/listing_image/0384e2e7-194b-452c-8b7c-c70f63c5ab6d/medium.jpg,2026-04-30 15:26:15
200,new,Dongfeng Other 2026,2026,0 KM,Automatic,Hybrid,"1,550,000 EGP",,Dongfeng,Other,https://eg.hatla2ee.com/en/new-car/dfm/other-dongfeng/unit/7203203,https://legion-images.hatla2ee.com/listing_image/2d772b78-16d3-4f95-861b-d088210a54aa/medium.jpg,2026-04-30 15:26:27
200,new,Xpeng G9 2025,2025,0 KM,Automatic,Electric,"2,495,000 EGP",,Xpeng,G9,https://eg.hatla2ee.com/en/new-car/xpeng/G9/unit/7203186,https://legion-images.hatla2ee.com/listing_image/184c5341-6674-40fe-811a-e2fc8269439e/medium.jpg,2026-04-30 15:26:32
200,new,Mercedes CLA 200 2026,2026,0 KM,Automatic,Gas,"3,850,000 EGP",,Mercedes,CLA 200,https://eg.hatla2ee.com/en/new-car/mercedes/cla-200/unit/7195781,https://legion-images.hatla2ee.com/listing_image/66c208e2-f7d1-4366-a296-981b3fe1c235/medium.jpg,2026-04-30 15:26:34
200,new,Mercedes C 200 2026,2026,0 KM,Automatic,Gas,"4,250,000 EGP",,Mercedes,C 200,https://eg.hatla2ee.com/en/new-car/mercedes/c-200/unit/7195765,https://legion-images.hatla2ee.com/listing_image/b8e98a3b-16e9-4efa-9d8e-936276d64b36/medium.jpg,2026-04-30 15:26:34
200,new,Mercedes CLA 200 2026,2026,0 KM,Automatic,Gas,"3,800,000 EGP",,Mercedes,CLA 200,https://eg.hatla2ee.com/en/new-car/mercedes/cla-200/unit/7197652,https://legion-images.hatla2ee.com/listing_image/04430900-1fb8-4ebf-b9db-1e410e891381/medium.jpg,2026-04-30 15:26:34
200,new,Kia Sorento 2026,2026,0 KM,Automatic,Hybrid,"3,650,000 EGP",,Kia,Sorento,https://eg.hatla2ee.com/en/new-car/kia/sorento/unit/7203175,https://legion-images.hatla2ee.com/listing_image/eca9295a-0704-4ffe-bcca-26dfdc88f4f6/medium.jpg,2026-04-30 15:26:35
200,new,Mercedes E 200 2026,2026,0 KM,Automatic,Gas,"5,700,000 EGP",,Mercedes,E 200,https://eg.hatla2ee.com/en/new-car/mercedes/e-200/unit/7197495,https://legion-images.hatla2ee.com/listing_image/a02df79b-2219-4059-952d-28b6dbda311b/medium.jpg,2026-04-30 15:26:35
201,new,Xiaomi SU7 2025,2025,0 KM,Automatic,Electric,"2,590,000 EGP",,Xiaomi,SU7,https://eg.hatla2ee.com/en/new-car/xiaomi/Xiaomi_Su7/unit/7195775,https://legion-images.hatla2ee.com/listing_image/c6feb559-30d1-4522-a7ce-a89574c0d756/medium.jpg,2026-04-30 15:26:44
201,new,Xiaomi Yu7 2025,2025,0 KM,Automatic,Electric,"3,150,000 EGP",,Xiaomi,Yu7,https://eg.hatla2ee.com/en/new-car/xiaomi/xiaomi-yu7/unit/7195762,https://legion-images.hatla2ee.com/listing_image/3c6cc7b2-c999-45c9-acff-e42eb737e88c/medium.jpg,2026-04-30 15:26:45
201,new,MG ZS 2026,2026,0 KM,Automatic,Gas,"1,190,000 EGP",,MG,ZS,https://eg.hatla2ee.com/en/new-car/moris-garage/zs/unit/7176232,https://legion-images.hatla2ee.com/listing_image/b8c4fba6-068f-40fb-adf0-604fe14db9fd/medium.jpg,2026-04-30 15:26:47
201,new,Mercedes E 300 2025,2025,0 KM,Automatic,Hybrid,"6,600,000 EGP",,Mercedes,E 300,https://eg.hatla2ee.com/en/new-car/mercedes/e-300/unit/7203133,https://legion-images.hatla2ee.com/listing_image/24665401-c556-425f-870a-cefe680b3886/medium.jpg,2026-04-30 15:26:52
202,new,Porsche Boxster 2025,2025,0 KM,Automatic,Gas,"6,850,000 EGP",,Porsche,Boxster,https://eg.hatla2ee.com/en/new-car/porsche/boxster/unit/7203128,https://legion-images.hatla2ee.com/listing_image/4cdb72a6-4110-4e34-a1bf-3da0e75f3da9/medium.jpg,2026-04-30 15:27:05
202,new,Mercedes C 200 2026,2026,0 KM,Automatic,Gas,"4,200,000 EGP",,Mercedes,C 200,https://eg.hatla2ee.com/en/new-car/mercedes/c-200/unit/7173666,https://legion-images.hatla2ee.com/listing_image/320c6496-7180-4415-a22d-9895d8f10a79/medium.jpg,2026-04-30 15:27:06
202,new,Mercedes GLC 300 2025,2025,0 KM,Automatic,Gas,"6,200,000 EGP",,Mercedes,GLC 300,https://eg.hatla2ee.com/en/new-car/mercedes/glc-300/unit/7154431,https://legion-images.hatla2ee.com/listing_image/0413b178-918b-4848-a6b3-83e8613ef43d/medium.jpg,2026-04-30 15:27:07
202,new,Cupra Leon 2026,2026,0 KM,Automatic,Gas,"2,000,000 EGP",,Cupra,Leon,https://eg.hatla2ee.com/en/new-car/cupra/leon-cupra/unit/7195732,https://legion-images.hatla2ee.com/listing_image/2b27ac8a-80ef-4155-b710-2f1c6ea1be98/medium.jpg,2026-04-30 15:27:07
202,new,Kia Sportage 2026,2026,0 KM,Automatic,Gas,"2,300,000 EGP",,Kia,Sportage,https://eg.hatla2ee.com/en/new-car/kia/sportage/unit/7203114,https://legion-images.hatla2ee.com/listing_image/36e511a6-6a4d-4aaf-9bf7-fa4431880fc1/medium.jpg,2026-04-30 15:27:08
202,new,Volkswagen ID Unyx 2025,2025,0 KM,Automatic,Electric,"2,150,000 EGP",,Volkswagen,ID Unyx,https://eg.hatla2ee.com/en/new-car/volks-wagen/volkswagen-id-unyx/unit/7203108,https://legion-images.hatla2ee.com/listing_image/d2861f10-707e-4191-95d6-435dfcb9b155/medium.jpg,2026-04-30 15:27:10
203,new,Byd Han 2023,2023,0 KM,Automatic,Electric,"1,700,000 EGP",,Byd,Han,https://eg.hatla2ee.com/en/new-car/byd/Han/unit/42192,https://legion-images.hatla2ee.com/listing_image/96ea47d0-9231-4275-812d-dce854395ed5/medium.jpg,2026-04-30 15:27:23
203,new,MG HS 2026,2026,0 KM,Automatic,Gas,"1,575,000 EGP",,MG,HS,https://eg.hatla2ee.com/en/new-car/moris-garage/MG-HS/unit/7181811,https://legion-images.hatla2ee.com/listing_image/3b4776eb-70b1-4b29-b73d-19c0250e3354/medium.jpg,2026-04-30 15:27:26
205,new,Mercedes GLC 300 2026,2026,0 KM,Automatic,Gas,"5,850,000 EGP",,Mercedes,GLC 300,https://eg.hatla2ee.com/en/new-car/mercedes/glc-300/unit/7203012,https://legion-images.hatla2ee.com/listing_image/d1d5e70a-5973-445d-b8bd-5b64ad34b95a/medium.jpg,2026-04-30 15:27:53
205,new,Geely City Ray 2026,2026,0 KM,Automatic,Gas,"1,300,000 EGP",,Geely,City Ray,https://eg.hatla2ee.com/en/new-car/geely/City-Ray/unit/7186533,https://legion-images.hatla2ee.com/listing_image/1c3ca70d-71d8-4ec3-907c-e3812ca6abb8/medium.jpg,2026-04-30 15:27:58
205,new,Byd Seagull 2025,2025,0 KM,Automatic,Electric,"925,000 EGP",,Byd,Seagull,https://eg.hatla2ee.com/en/new-car/byd/Seagull/unit/7164908,https://legion-images.hatla2ee.com/listing_image/feebd9a8-3916-453a-83e9-99a284d9ef42/medium.jpg,2026-04-30 15:27:59
205,new,Alfa Romeo Tonale 2025,2025,0 KM,Automatic,Gas,"2,800,000 EGP",,Alfa Romeo,Tonale,https://eg.hatla2ee.com/en/new-car/alpha-romeo/Tonale/unit/7197107,https://legion-images.hatla2ee.com/listing_image/ef5cc4bc-6685-419c-b2ff-e793b466b837/medium.jpg,2026-04-30 15:27:59
205,new,Geely Cool Ray 2026,2026,0 KM,Automatic,Gas,"1,250,000 EGP",,Geely,Cool Ray,https://eg.hatla2ee.com/en/new-car/geely/Coolray/unit/7184138,https://legion-images.hatla2ee.com/listing_image/f2ad402a-841c-4f53-b01e-e9a18c2f7b64/medium.jpg,2026-04-30 15:28:00
205,new,Geely Starray 2025,2025,0 KM,Automatic,Gas,"1,300,000 EGP",,Geely,Starray,https://eg.hatla2ee.com/en/new-car/geely/Starray/unit/7196232,https://legion-images.hatla2ee.com/listing_image/83aa39a0-e88e-4069-83f6-2d0c0ca049ce/medium.jpg,2026-04-30 15:28:00
205,new,Avatr 12 2025,2025,0 KM,Automatic,Electric,"3,100,000 EGP",,Avatr,12,https://eg.hatla2ee.com/en/new-car/avatr/avatr-12/unit/7164910,https://legion-images.hatla2ee.com/listing_image/9b500bac-9dd4-4542-be8b-7542746b4a6e/medium.jpg,2026-04-30 15:28:01
207,new,BMW X4 2025,2025,0 KM,Automatic,Gas,"4,750,000 EGP",,BMW,X4,https://eg.hatla2ee.com/en/new-car/bmw/x4/unit/7202926,https://legion-images.hatla2ee.com/listing_image/2a14f640-ece8-4699-abcd-23af252849f2/medium.jpg,2026-04-30 15:28:28
207,new,Soueast S 05 2027,2027,0 KM,Automatic,Gas,"1,150,000 EGP",,Soueast,S 05,https://eg.hatla2ee.com/en/new-car/soueast/S+05/unit/7202925,https://legion-images.hatla2ee.com/listing_image/480dac7b-0498-467d-bd35-fcfa228efdf1/medium.jpg,2026-04-30 15:28:29
207,new,Nissan N7 2025,2025,0 KM,Automatic,Electric,"1,600,000 EGP",,Nissan,N7,https://eg.hatla2ee.com/en/new-car/nissan/n7/unit/7202833,https://legion-images.hatla2ee.com/listing_image/a8ccb162-bd4e-44b0-8bea-9f3936a227ca/medium.jpg,2026-04-30 15:28:29
207,new,Nissan Sunny 2027,2027,0 KM,Automatic,Gas,"765,000 EGP",,Nissan,Sunny,https://eg.hatla2ee.com/en/new-car/nissan/sunny/unit/7202820,https://legion-images.hatla2ee.com/listing_image/e6b8a092-8a89-47b1-8e99-1c072385d9a9/medium.jpg,2026-04-30 15:28:30
207,new,Nissan Juke 2026,2026,0 KM,Automatic,Gas,"1,135,000 EGP",,Nissan,Juke,https://eg.hatla2ee.com/en/new-car/nissan/juke/unit/7202856,https://legion-images.hatla2ee.com/listing_image/b61cb354-f038-4fae-b541-f4c6115e4abf/medium.jpg,2026-04-30 15:28:30
208,new,Mercedes E 200 2025,2025,0 KM,Automatic,Gas,"5,200,000 EGP",,Mercedes,E 200,https://eg.hatla2ee.com/en/new-car/mercedes/e-200/unit/7188177,https://legion-images.hatla2ee.com/listing_image/76c251f4-520a-4fe7-b04b-852f9e08f452/medium.jpg,2026-04-30 15:28:43
208,new,Seat Leon 2026,2026,0 KM,Automatic,Natural Gas,"1,680,000 EGP",,Seat,Leon,https://eg.hatla2ee.com/en/new-car/seat/leon/unit/7199804,https://legion-images.hatla2ee.com/listing_image/87b09e1e-7ed7-49ee-87c4-7da15eb1aeae/medium.jpg,2026-04-30 15:28:45
208,new,Mercedes GLE 2026,2026,0 KM,Automatic,Gas,"8,600,000 EGP",,Mercedes,GLE,https://eg.hatla2ee.com/en/new-car/mercedes/gle/50939/7199719,https://legion-images.hatla2ee.com/listing_image/2596311d-e1ca-4c2d-9c24-b14975a46d54/medium.jpg,2026-04-30 15:28:48
208,new,Toyota Fortuner 2026,2026,0 KM,Automatic,Gas,"3,950,000 EGP",,Toyota,Fortuner,https://eg.hatla2ee.com/en/new-car/toyota/fortuner/50960/7199715,https://legion-images.hatla2ee.com/listing_image/411d36f7-d5de-4c65-8f86-6ceeee243427/medium.jpg,2026-04-30 15:28:48
208,new,Nissan Sunny 2015,2015,0 KM,Automatic,Diesel,"470,000 EGP",,Nissan Sunny,Imported,https://eg.hatla2ee.com/en/new-car/imported/nissan/sunny/7199666,https://legion-images.hatla2ee.com/listing_image/ce3e71b5-84b2-48ed-a4a1-bb3ca27aaea0/medium.jpg,2026-04-30 15:28:49
208,new,Mercedes C63 AMG 2024,2024,0 KM,Automatic,Gas,"11,250,000 EGP",,Mercedes,C63 AMG,https://eg.hatla2ee.com/en/new-car/mercedes/c63-amg/unit/7199661,https://legion-images.hatla2ee.com/listing_image/22147284-1458-47f1-899e-a8bc1a9b2aa5/medium.jpg,2026-04-30 15:28:49
209,new,Mercedes CLA 200 2026,2026,0 KM,Automatic,Gas,"3,000,000 EGP",,Mercedes,CLA 200,https://eg.hatla2ee.com/en/new-car/mercedes/cla-200/50930/7199482,https://legion-images.hatla2ee.com/listing_image/b984ba23-fb53-4cca-8f64-3e824b1c9546/medium.jpg,2026-04-30 15:29:01
209,new,Porsche Macan 2026,2026,0 KM,Automatic,Gas,"6,000,000 EGP",,Porsche,Macan,https://eg.hatla2ee.com/en/new-car/porsche/macan/unit/7202882,https://legion-images.hatla2ee.com/listing_image/b941861b-1ee1-4c72-a453-06a79247b1c6/medium.jpg,2026-04-30 15:29:03
209,new,Hyundai I30 2026,2026,0 KM,Automatic,Gas,"1,400,000 EGP",,Hyundai,I30,https://eg.hatla2ee.com/en/new-car/hyundai/i30/unit/7135177,https://legion-images.hatla2ee.com/listing_image/fa2ff388-2597-4513-a02f-d40b4db89825/medium.jpg,2026-04-30 15:29:04
209,new,Mercedes GLC 200 2024,2024,0 KM,Automatic,Gas,"5,200,000 EGP",,Mercedes,GLC 200,https://eg.hatla2ee.com/en/new-car/mercedes/GLC-200/unit/7198610,https://legion-images.hatla2ee.com/listing_image/d9751b84-1e6c-4346-92af-00e890e7299d/medium.jpg,2026-04-30 15:29:06
210,new,Volvo XC40 Recharge 2026,2026,0 KM,Automatic,Electric,"2,550,000 EGP",,Volvo,XC40 Recharge,https://eg.hatla2ee.com/en/new-car/volvo/XC40-Recharge/unit/7156459,https://legion-images.hatla2ee.com/listing_image/70f92d79-9c6c-4e75-94af-0cba387dac6f/medium.jpg,2026-04-30 15:29:20
210,new,Mercedes C 200 2025,2025,0 KM,Automatic,Gas,"3,975,000 EGP",,Mercedes,C 200,https://eg.hatla2ee.com/en/new-car/mercedes/c-200/unit/7202829,https://legion-images.hatla2ee.com/listing_image/bcf5cc46-6d9c-4a81-9c6c-652c65dd8b87/medium.jpg,2026-04-30 15:29:22
210,new,Mercedes E 300 2025,2025,0 KM,Automatic,Hybrid,"6,000,000 EGP",,Mercedes,E 300,https://eg.hatla2ee.com/en/new-car/mercedes/e-300/unit/7140946,https://legion-images.hatla2ee.com/listing_image/784a32b7-97c8-49f1-bcdb-6cbdcb8a3a92/medium.jpg,2026-04-30 15:29:23
211,new,Mercedes C 180 2025,2025,0 KM,Automatic,Gas,"3,900,000 EGP",,Mercedes,C 180,https://eg.hatla2ee.com/en/new-car/mercedes/c-180/unit/7202822,https://legion-images.hatla2ee.com/listing_image/635c0c50-d197-40cd-bb35-85f7234c74a8/medium.jpg,2026-04-30 15:29:33
211,new,Audi A5 2025,2025,0 KM,Automatic,Gas,"3,800,000 EGP",,Audi,A5,https://eg.hatla2ee.com/en/new-car/audi/a5/unit/7138776,https://legion-images.hatla2ee.com/listing_image/9db6121f-e043-44f0-9296-2052b944ef92/medium.jpg,2026-04-30 15:29:35
211,new,Cupra Leon 2026,2026,0 KM,Automatic,Gas,"2,060,000 EGP",,Cupra,Leon,https://eg.hatla2ee.com/en/new-car/cupra/leon-cupra/unit/7202799,https://legion-images.hatla2ee.com/listing_image/6fc8a776-f592-4373-825e-9fb9334ca0bb/medium.jpg,2026-04-30 15:29:40
211,new,Seat Arona 2026,2026,0 KM,Automatic,Gas,"1,470,000 EGP",,Seat,Arona,https://eg.hatla2ee.com/en/new-car/seat/arona/unit/7200795,https://legion-images.hatla2ee.com/listing_image/4bb83637-0c73-471f-b216-ae58e22f2786/medium.jpg,2026-04-30 15:29:41
211,new,Nissan Juke 2026,2026,0 KM,Automatic,Gas,"1,095,000 EGP",,Nissan,Juke,https://eg.hatla2ee.com/en/new-car/nissan/juke/unit/7202791,https://legion-images.hatla2ee.com/listing_image/748b765b-5db4-4363-9a48-914e8cd3fb56/medium.jpg,2026-04-30 15:29:43
212,new,Cupra Terramar 2026,2026,0 KM,Automatic,Gas,"2,350,000 EGP",,Cupra,Terramar,https://eg.hatla2ee.com/en/new-car/cupra/Terramar/unit/7202790,https://legion-images.hatla2ee.com/listing_image/2fac30c6-22ba-4c69-8e73-714f4786d453/medium.jpg,2026-04-30 15:29:53
212,new,Mercedes CLA 200 2026,2026,0 KM,Automatic,Gas,"3,025,000 EGP",,Mercedes,CLA 200,https://eg.hatla2ee.com/en/new-car/mercedes/cla-200/unit/7201243,https://legion-images.hatla2ee.com/listing_image/bac8b013-14da-4175-901e-3af1a04dac9a/medium.jpg,2026-04-30 15:29:53
212,new,Audi Q4 E-Tron 2024,2024,0 KM,Automatic,Electric,"2,300,000 EGP",,Audi,Q4 E-Tron,https://eg.hatla2ee.com/en/new-car/audi/audi-q4-e-tron/unit/43405,https://legion-images.hatla2ee.com/listing_image/424599e1-2f10-4446-8504-c96edc679078/medium.jpg,2026-04-30 15:29:54
212,new,Mercedes E 200 2025,2025,0 KM,Automatic,Gas,"5,400,000 EGP",,Mercedes,E 200,https://eg.hatla2ee.com/en/new-car/mercedes/e-200/unit/7148913,https://legion-images.hatla2ee.com/listing_image/1c8752a0-37b4-4ff6-b75f-d07ea94a5ab2/medium.jpg,2026-04-30 15:29:55
212,new,Tesla Model Y 2023,2023,0 KM,Automatic,Electric,"2,600,000 EGP",,Tesla,Model Y,https://eg.hatla2ee.com/en/new-car/tesla/Model-Y/unit/7202779,https://legion-images.hatla2ee.com/listing_image/bc91acc8-36bc-4f12-8aa3-041f8c226af3/medium.jpg,2026-04-30 15:29:56
212,new,Zeekr 7X 2025,2025,0 KM,Automatic,Electric,"2,500,000 EGP",,Zeekr,7X,https://eg.hatla2ee.com/en/new-car/zeekr/zeekr-7x/unit/7153923,https://legion-images.hatla2ee.com/listing_image/71d70b59-ccec-49c0-ab74-471015831ca2/medium.jpg,2026-04-30 15:29:57
212,new,BMW X6 2026,2026,0 KM,Automatic,Gas,"8,000,000 EGP",,BMW,X6,https://eg.hatla2ee.com/en/new-car/bmw/x6/unit/7202762,https://legion-images.hatla2ee.com/listing_image/f4fecf00-f7c2-42e5-96d3-63566bc7227d/medium.jpg,2026-04-30 15:29:58
212,new,Skoda Superb 2026,2026,0 KM,Automatic,Gas,"2,550,000 EGP",,Skoda,Superb,https://eg.hatla2ee.com/en/new-car/skoda/superb/unit/7202758,https://legion-images.hatla2ee.com/listing_image/c5ee1013-a00d-4aea-9b0e-79bc2ca4ad3e/medium.jpg,2026-04-30 15:29:58
212,new,Byd Song L 2026,2026,0 KM,Automatic,Gas,"2,200,000 EGP",,Byd,Song L,https://eg.hatla2ee.com/en/new-car/byd/byd-song-l/unit/7195443,https://legion-images.hatla2ee.com/listing_image/879c41d7-3e51-4ac9-9d3b-7ba7d1039086/medium.jpg,2026-04-30 15:29:59
212,new,Skoda Octavia 2026,2026,0 KM,Automatic,Gas,"1,800,000 EGP",,Skoda,Octavia,https://eg.hatla2ee.com/en/new-car/skoda/octavia/unit/7202754,https://legion-images.hatla2ee.com/listing_image/6e97df86-518e-4844-8944-c3de917cc04a/medium.jpg,2026-04-30 15:29:59
212,new,Byd Song Plus 2025,2025,0 KM,Automatic,Electric,"1,800,000 EGP",,Byd,Song Plus,https://eg.hatla2ee.com/en/new-car/byd/Song-Plus/unit/7156291,https://legion-images.hatla2ee.com/listing_image/5c6d7d8a-27bf-4b7e-a191-761769fcaff3/medium.jpg,2026-04-30 15:30:00
213,new,Byd Song L 2025,2025,0 KM,Automatic,Electric,"2,250,000 EGP",,Byd,Song L,https://eg.hatla2ee.com/en/new-car/byd/byd-song-l/unit/7159714,https://legion-images.hatla2ee.com/listing_image/2003eff9-c14a-4a7f-8b08-f41e485e8d15/medium.jpg,2026-04-30 15:30:08
213,new,Mercedes 500 2024,2024,0 KM,Automatic,Electric,"3,650,000 EGP",,Mercedes,500,https://eg.hatla2ee.com/en/new-car/mercedes/mercedes-benz-eqe-500/unit/7156294,https://legion-images.hatla2ee.com/listing_image/6ef61b74-1736-4bc2-a349-aaf1e264d65d/medium.jpg,2026-04-30 15:30:09
213,new,Volkswagen ID 4 2024,2024,0 KM,Automatic,Electric,"1,850,000 EGP",,Volkswagen,ID 4,https://eg.hatla2ee.com/en/new-car/volks-wagen/ID-4/unit/7154288,https://legion-images.hatla2ee.com/listing_image/9090cc52-ac6a-4da3-9550-6aa7d42f81e4/medium.jpg,2026-04-30 15:30:10
213,new,Byd Song L 2025,2025,0 KM,Automatic,Electric,"2,250,000 EGP",,Byd,Song L,https://eg.hatla2ee.com/en/new-car/byd/byd-song-l/unit/7156287,https://legion-images.hatla2ee.com/listing_image/7e1b93c5-429b-4f1f-85f2-36e6102905c5/medium.jpg,2026-04-30 15:30:10
213,new,Jac S2 2026,2026,0 KM,Automatic,Gas,"760,000 EGP",,Jac,S2,https://eg.hatla2ee.com/en/new-car/jac/s2/unit/42557,https://legion-images.hatla2ee.com/listing_image/bb38e4ca-f002-4198-9842-d5a1ff1f314b/medium.jpg,2026-04-30 15:30:11
213,new,Volkswagen ID 6 2024,2024,0 KM,Automatic,Electric,"2,100,000 EGP",,Volkswagen,ID 6,https://eg.hatla2ee.com/en/new-car/volks-wagen/ID-6/unit/42937,https://legion-images.hatla2ee.com/listing_image/d0e27dcb-d3ad-4b11-893b-721bfd2b1e84/medium.jpg,2026-04-30 15:30:12
213,new,Toyota Corolla 2026,2026,0 KM,Automatic,Gas,"1,700,000 EGP",,Toyota,Corolla,https://eg.hatla2ee.com/en/new-car/toyota/corolla/unit/7202749,https://legion-images.hatla2ee.com/listing_image/bd99c164-5ca2-42f1-9f30-5bc4e29bfe12/medium.jpg,2026-04-30 15:30:13
213,new,Jac J7 2026,2026,0 KM,Automatic,Gas,"1,039,000 EGP",,Jac,J7,https://eg.hatla2ee.com/en/new-car/jac/J7/unit/7202742,https://legion-images.hatla2ee.com/listing_image/66cc1151-0da7-4b2c-88c5-8db29170ef14/medium.png,2026-04-30 15:30:14
213,new,Mercedes EQA 260 2025,2025,0 KM,Automatic,Electric,"2,200,000 EGP",,Mercedes,EQA 260,https://eg.hatla2ee.com/en/new-car/mercedes/mercedes-benz-eqa-260/unit/7198144,https://legion-images.hatla2ee.com/listing_image/e4e11995-e8cc-44d2-90da-e2aa0aba393f/medium.jpg,2026-04-30 15:30:16
213,new,Cupra Terramar 2026,2026,0 KM,Automatic,Gas,"2,360,000 EGP",,Cupra,Terramar,https://eg.hatla2ee.com/en/new-car/cupra/Terramar/unit/7154519,https://legion-images.hatla2ee.com/listing_image/3d6d136e-761b-4cb1-a6be-ba32ee12bada/medium.jpg,2026-04-30 15:30:17
213,new,Volkswagen CrossFox 2023,2023,0 KM,Automatic,Electric,"2,050,000 EGP",,Volkswagen,CrossFox,https://eg.hatla2ee.com/en/new-car/volks-wagen/volkswagen-crossfox/unit/7202729,https://legion-images.hatla2ee.com/listing_image/da140e50-8240-450c-9a4f-b07feaf3064a/medium.jpg,2026-04-30 15:30:17
213,new,Audi A3 2025,2025,0 KM,Automatic,Gas,"2,350,000 EGP",,Audi,A3,https://eg.hatla2ee.com/en/new-car/audi/a3/unit/7202723,https://legion-images.hatla2ee.com/listing_image/1c5d5a91-f058-469e-ab77-4c98b0618b38/medium.jpg,2026-04-30 15:30:18
213,new,Mercedes CLA 200 2025,2025,0 KM,Automatic,Gas,"3,250,000 EGP",,Mercedes,CLA 200,https://eg.hatla2ee.com/en/new-car/mercedes/cla-200/unit/7200439,https://legion-images.hatla2ee.com/listing_image/1c3c0a4f-84a5-448d-9c0a-638b0c36efa4/medium.jpg,2026-04-30 15:30:19
214,new,Mercedes CLA 200 2025,2025,0 KM,Automatic,Gas,"3,250,000 EGP",,Mercedes,CLA 200,https://eg.hatla2ee.com/en/new-car/mercedes/cla-200/unit/7200439,https://legion-images.hatla2ee.com/listing_image/1c3c0a4f-84a5-448d-9c0a-638b0c36efa4/medium.jpg,2026-04-30 15:30:28
214,new,Volkswagen T-Roc 2026,2026,0 KM,Automatic,Gas,"1,825,000 EGP",,Volkswagen,T-Roc,https://eg.hatla2ee.com/en/new-car/volks-wagen/T-Roc/unit/7202717,https://legion-images.hatla2ee.com/listing_image/655fc562-8b09-4604-a859-78eb67d18ce9/medium.jpg,2026-04-30 15:30:29
214,new,Chery Tiggo 8 Pro Max 2026,2026,0 KM,Automatic,Gas,"1,720,000 EGP",,Chery,Tiggo 8 Pro Max,https://eg.hatla2ee.com/en/new-car/chery/Tiggo-8-Pro-Max/unit/7196530,https://legion-images.hatla2ee.com/listing_image/d8b039e3-a75a-4b75-8881-05c3d16b34f1/medium.jpg,2026-04-30 15:30:31
214,new,Nissan Sunny 2026,2026,0 KM,Automatic,Gas,"1,000 EGP",,Nissan,Sunny,https://eg.hatla2ee.com/en/new-car/nissan/sunny/unit/7202708,https://legion-images.hatla2ee.com/listing_image/55f84d7b-488d-4360-899e-ff5f9a810889/medium.jpg,2026-04-30 15:30:32
214,new,Cupra Leon 2026,2026,0 KM,Automatic,Gas,"2,050,000 EGP",,Cupra,Leon,https://eg.hatla2ee.com/en/new-car/cupra/leon-cupra/unit/7202706,https://legion-images.hatla2ee.com/listing_image/0512c745-3557-49b6-a229-47bc7526cf5f/medium.jpg,2026-04-30 15:30:33
214,new,Chery Tiggo 7 pro max 2026,2026,0 KM,Automatic,Gas,"1,300,000 EGP",,Chery,Tiggo 7 pro max,https://eg.hatla2ee.com/en/new-car/chery/Tiggo-7-pro-max/unit/7202705,https://legion-images.hatla2ee.com/listing_image/47455f60-35aa-4319-928a-6626766f6f32/medium.jpg,2026-04-30 15:30:34
214,new,Seat Ibiza 2026,2026,0 KM,Automatic,Gas,"1,550,000 EGP",,Seat,Ibiza,https://eg.hatla2ee.com/en/new-car/seat/ibiza/unit/7202702,https://legion-images.hatla2ee.com/listing_image/119f4516-b137-44d7-b950-e1eba2805a66/medium.jpg,2026-04-30 15:30:34
215,new,Byd Sealion 6 2025,2025,0 KM,Automatic,Electric,"1,900,000 EGP",,Byd,Sealion 6,https://eg.hatla2ee.com/en/new-car/byd/sealion-6/unit/7202674,https://legion-images.hatla2ee.com/listing_image/ac6c2e7d-ef87-40e5-8a98-3a534d3abd09/medium.jpg,2026-04-30 15:30:47
215,new,Hyundai Elantra 2026,2026,0 KM,Automatic,Gas,"1,200,000 EGP",,Hyundai,Elantra,https://eg.hatla2ee.com/en/new-car/hyundai/elantra/unit/7202671,https://legion-images.hatla2ee.com/listing_image/ef39a716-8fdb-481b-acd0-b34226bdb3b7/medium.jpg,2026-04-30 15:30:48
215,new,Mercedes CLA 300L 2025,2025,0 KM,Automatic,Electric,"3,200,000 EGP",,Mercedes,CLA 300L,https://eg.hatla2ee.com/en/new-car/mercedes/cla-300l/unit/7202652,https://legion-images.hatla2ee.com/listing_image/6ac63bde-f669-4be5-9cc9-439ee496dc7f/medium.jpg,2026-04-30 15:30:53
215,new,Mercedes Vito 2025,2025,0 KM,Automatic,Gas,"7,500,000 EGP",,Mercedes,Vito,https://eg.hatla2ee.com/en/new-car/mercedes/Vito/unit/7185738,https://legion-images.hatla2ee.com/listing_image/b0d9e626-375f-4c15-aa03-169b630bee86/medium.jpg,2026-04-30 15:30:54
216,new,Cupra Terramar 2025,2025,0 KM,Automatic,Gas,"2,260,000 EGP",,Cupra,Terramar,https://eg.hatla2ee.com/en/new-car/cupra/Terramar/unit/7202643,https://legion-images.hatla2ee.com/listing_image/f64bcacb-7de5-4487-8d35-dbd1b6334661/medium.jpg,2026-04-30 15:31:02
216,new,Byd Sealion 6 2025,2025,0 KM,Automatic,Electric,"1,950,000 EGP",,Byd,Sealion 6,https://eg.hatla2ee.com/en/new-car/byd/sealion-6/unit/7198751,https://legion-images.hatla2ee.com/listing_image/923ec1ae-25d5-4ac8-9986-16d24a81320d/medium.jpg,2026-04-30 15:31:04
216,new,Xiaomi Yu7 2025,2025,0 KM,Automatic,Electric,"3,300,000 EGP",,Xiaomi,Yu7,https://eg.hatla2ee.com/en/new-car/xiaomi/xiaomi-yu7/unit/7166150,https://legion-images.hatla2ee.com/listing_image/b6574f11-a985-4fcf-a880-47aa51cbae10/medium.jpg,2026-04-30 15:31:04
218,new,Mercedes C 200 2025,2025,0 KM,Automatic,Gas,"3,950,000 EGP",,Mercedes,C 200,https://eg.hatla2ee.com/en/new-car/mercedes/c-200/unit/7189535,https://legion-images.hatla2ee.com/listing_image/419191da-8262-4785-a502-deefca8c0d65/medium.jpg,2026-04-30 15:31:41
219,new,Audi A5 2025,2025,0 KM,Automatic,Gas,"3,650,000 EGP",,Audi,A5,https://eg.hatla2ee.com/en/new-car/audi/a5/unit/7202437,https://legion-images.hatla2ee.com/listing_image/00e4ebdd-e532-4d9e-b79f-c87fb0547e61/medium.jpg,2026-04-30 15:31:53
219,new,BMW M3 2026,2026,0 KM,Automatic,Gas,"9,650,000 EGP",,BMW,M3,https://eg.hatla2ee.com/en/new-car/bmw/m3/unit/7202415,https://legion-images.hatla2ee.com/listing_image/234ebad4-2ed9-4db2-b84c-f4c673324008/medium.jpg,2026-04-30 15:31:59
220,new,Mercedes E 200 AMG 2025,2025,0 KM,Automatic,Gas,"5,400,000 EGP",,Mercedes E 200 AMG,Imported,https://eg.hatla2ee.com/en/new-car/imported/mercedes/E-200-AMG/7198979,https://legion-images.hatla2ee.com/listing_image/dea5e1d2-f829-4bc7-90b1-aeba19f006e4/medium.jpg,2026-04-30 15:32:19
221,new,Mercedes C 200 2026,2026,0 KM,Automatic,Gas,"4,200,000 EGP",,Mercedes,C 200,https://eg.hatla2ee.com/en/new-car/mercedes/c-200/unit/7202366,https://legion-images.hatla2ee.com/listing_image/0b4735d3-098b-41c0-b86e-fb8cc89af1cc/medium.jpg,2026-04-30 15:32:33
221,new,Fiat 500 X 2026,2026,0 KM,Automatic,Gas,"1,100,000 EGP",,Fiat,500 X,https://eg.hatla2ee.com/en/new-car/fiat/500X/unit/7200467,https://legion-images.hatla2ee.com/listing_image/54228266-5a22-4158-86dd-39a92afe187c/medium.jpg,2026-04-30 15:32:34
221,new,Seat Leon 2026,2026,0 KM,Automatic,Gas,"1,605,000 EGP",,Seat,Leon,https://eg.hatla2ee.com/en/new-car/seat/leon/unit/7202353,https://legion-images.hatla2ee.com/listing_image/ba4f8ab9-3372-4614-9178-873dac6d64bc/medium.jpg,2026-04-30 15:32:35
221,new,Fiat 500 X 2026,2026,0 KM,Automatic,Gas,"1,110,000 EGP",,Fiat,500 X,https://eg.hatla2ee.com/en/new-car/fiat/500X/unit/43745,https://legion-images.hatla2ee.com/listing_image/7b1bbc63-0438-4150-b813-8f6338c7ef4b/medium.jpg,2026-04-30 15:32:36
221,new,Nissan Juke 2026,2026,0 KM,Automatic,Gas,"1,150,000 EGP",,Nissan,Juke,https://eg.hatla2ee.com/en/new-car/nissan/juke/unit/7183671,https://legion-images.hatla2ee.com/listing_image/6c835434-7ea9-457e-8de5-6f985cc1109a/medium.jpg,2026-04-30 15:32:37
221,new,Mercedes C 200 2026,2026,0 KM,Automatic,Gas,"4,200,000 EGP",,Mercedes,C 200,https://eg.hatla2ee.com/en/new-car/mercedes/c-200/unit/7202350,https://legion-images.hatla2ee.com/listing_image/85815d18-874f-4cd6-9624-0bdf830afbd4/medium.jpg,2026-04-30 15:32:37
221,new,Chevrolet Captiva 2026,2026,0 KM,Automatic,Gas,"1,290,000 EGP",,Chevrolet,Captiva,https://eg.hatla2ee.com/en/new-car/chevrolet/captiva/unit/7196501,https://legion-images.hatla2ee.com/listing_image/00b8b311-f646-4c9c-ba26-bd031a4fb6e0/medium.jpg,2026-04-30 15:32:38
222,new,Mercedes GLC 200 2026,2026,0 KM,Automatic,Gas,"5,550,000 EGP",,Mercedes,GLC 200,https://eg.hatla2ee.com/en/new-car/mercedes/GLC-200/unit/7201308,https://legion-images.hatla2ee.com/listing_image/a3e1f5ce-480c-4e3b-bf05-029c43af88ec/medium.jpg,2026-04-30 15:32:50
222,new,Cupra Formentor 2026,2026,0 KM,Automatic,Gas,"2,250,000 EGP",,Cupra,Formentor,https://eg.hatla2ee.com/en/new-car/cupra/Formentor/unit/7202322,https://legion-images.hatla2ee.com/listing_image/890023ad-c742-4c64-ae46-0872793496da/medium.jpg,2026-04-30 15:32:51
222,new,Rox 01 2026,2026,0 KM,Automatic,Hybrid,"3,850,000 EGP",,Rox,01,https://eg.hatla2ee.com/en/new-car/rox/rox-01/unit/41867,https://legion-images.hatla2ee.com/listing_image/ae01f4d9-5983-4f89-96b8-3d64c298e3bb/medium.jpg,2026-04-30 15:32:52
222,new,Hyundai Tucson 2026,2026,0 KM,Automatic,Gas,"2,080,000 EGP",,Hyundai,Tucson,https://eg.hatla2ee.com/en/new-car/hyundai/tucson/50890/7202303,https://legion-images.hatla2ee.com/listing_image/ca6d7d8e-67b9-414a-a1f5-19a737ef84c0/medium.jpg,2026-04-30 15:32:54
222,new,BMW X3 2026,2026,0 KM,Automatic,Gas,"5,250,000 EGP",,BMW,X3,https://eg.hatla2ee.com/en/new-car/bmw/x3/unit/7202302,https://legion-images.hatla2ee.com/listing_image/2e633b7f-4e42-48c9-b3cf-372c506b863f/medium.jpg,2026-04-30 15:32:54
223,new,Haval H7 2026,2026,0 KM,Automatic,Gas,"1,760,000 EGP",,Haval,H7,https://eg.hatla2ee.com/en/new-car/haval/haval-H7/unit/7189717,https://legion-images.hatla2ee.com/listing_image/7d66577c-6c6f-4431-8db7-57195d8b93fb/medium.jpg,2026-04-30 15:33:01
223,new,MG HS 2026,2026,0 KM,Automatic,Electric,"1,610,000 EGP",,MG,HS,https://eg.hatla2ee.com/en/new-car/moris-garage/MG-HS/unit/7174468,https://legion-images.hatla2ee.com/listing_image/6c307d8d-15ee-4336-9341-ef384a7ce700/medium.jpg,2026-04-30 15:33:02
223,new,Nissan Sunny 2026,2026,0 KM,Automatic,Gas,"850,000 EGP",,Nissan,Sunny,https://eg.hatla2ee.com/en/new-car/nissan/sunny/unit/7202241,https://legion-images.hatla2ee.com/listing_image/4ab14b16-4abd-41fe-810c-586d1a7da038/medium.jpg,2026-04-30 15:33:03
223,new,Hyundai Tucson GDI 2025,2025,0 KM,Automatic,Gas,"2,150,000 EGP",,Hyundai,Tucson GDI,https://eg.hatla2ee.com/en/new-car/hyundai/Tucson-GDI/unit/7168145,https://legion-images.hatla2ee.com/listing_image/b274c491-8588-4d3a-a48e-863aeff0454c/medium.jpg,2026-04-30 15:33:07
223,new,Byd Leopard 5 2025,2025,0 KM,Automatic,Hybrid,"3,150,000 EGP",,Byd,Leopard 5,https://eg.hatla2ee.com/en/new-car/byd/Byd_Leopard+5/unit/42949,https://legion-images.hatla2ee.com/listing_image/a5f8ddec-005d-479f-b5a7-f88c881d5aa3/medium.jpg,2026-04-30 15:33:11
224,new,Opel Grandland 2026,2026,0 KM,Automatic,Gas,"2,200,000 EGP",,Opel,Grandland,https://eg.hatla2ee.com/en/new-car/opel/Grandland/unit/7202217,https://legion-images.hatla2ee.com/listing_image/c9243993-0e84-42e1-824f-e8a906a56f42/medium.jpg,2026-04-30 15:33:22
224,new,Cupra Formentor 2026,2026,0 KM,Automatic,Gas,"2,300,000 EGP",,Cupra,Formentor,https://eg.hatla2ee.com/en/new-car/cupra/Formentor/unit/7202213,https://legion-images.hatla2ee.com/listing_image/ef64efbf-4f95-467f-a585-243316c7c10e/medium.jpg,2026-04-30 15:33:24
224,new,Xiaomi Yu7 2026,2026,0 KM,Automatic,Electric,"3,750,000 EGP",,Xiaomi,Yu7,https://eg.hatla2ee.com/en/new-car/xiaomi/xiaomi-yu7/unit/7202205,https://legion-images.hatla2ee.com/listing_image/5e53c09f-f69f-46b8-8d68-1e475ed8556b/medium.jpg,2026-04-30 15:33:25
224,new,Changan CS 55 2026,2026,0 KM,Automatic,Gas,"1,140,000 EGP",,Changan,CS 55,https://eg.hatla2ee.com/en/new-car/changan/CS-55/unit/7202204,https://legion-images.hatla2ee.com/listing_image/19f545f1-e032-48b9-a261-bb29cf463ede/medium.jpg,2026-04-30 15:33:26
225,new,Mercedes C 200 2026,2026,0 KM,Automatic,Gas,"4,150,000 EGP",,Mercedes,C 200,https://eg.hatla2ee.com/en/new-car/mercedes/c-200/unit/7202182,https://legion-images.hatla2ee.com/listing_image/ab9385bf-1798-4607-b351-11259985234b/medium.jpg,2026-04-30 15:33:40
225,new,Nissan Sunny 2026,2026,0 KM,Automatic,Gas,"800,000 EGP",,Nissan,Sunny,https://eg.hatla2ee.com/en/new-car/nissan/sunny/unit/7202177,https://legion-images.hatla2ee.com/listing_image/763fdd0b-2607-47ed-b1b0-62e7cb635dab/medium.jpg,2026-04-30 15:33:47
226,new,Rox 01 2026,2026,0 KM,Automatic,Electric,"4,150,000 EGP",,Rox,01,https://eg.hatla2ee.com/en/new-car/rox/rox-01/unit/7202145,https://legion-images.hatla2ee.com/listing_image/57367a30-a8e0-4c21-a787-7ad4306912f4/medium.jpg,2026-04-30 15:33:56
226,new,Hyundai Elantra 2026,2026,0 KM,Automatic,Gas,"1,280,000 EGP",,Hyundai,Elantra,https://eg.hatla2ee.com/en/new-car/hyundai/elantra/unit/7202140,https://legion-images.hatla2ee.com/listing_image/d14a3a1d-98bd-4f17-a0d9-7f9bc27a099d/medium.jpg,2026-04-30 15:33:58
226,new,Volkswagen Tayron 2026,2026,0 KM,Automatic,Gas,"2,950,000 EGP",,Volkswagen,Tayron,https://eg.hatla2ee.com/en/new-car/volks-wagen/tayron/unit/7167117,https://legion-images.hatla2ee.com/listing_image/cb39fa76-c93e-478f-a1e9-56d7af71cd48/medium.jpg,2026-04-30 15:33:59
226,new,BMW M3 2026,2026,0 KM,Automatic,Gas,"10,200,000 EGP",,BMW,M3,https://eg.hatla2ee.com/en/new-car/bmw/m3/unit/7189193,https://legion-images.hatla2ee.com/listing_image/98dcbead-985f-481a-a61f-bd3c927c3500/medium.jpg,2026-04-30 15:34:02
226,new,Porsche Carrera 2025,2025,0 KM,Automatic,Gas,"14,500,000 EGP",,Porsche,Carrera,https://eg.hatla2ee.com/en/new-car/porsche/carrera/unit/7189595,https://legion-images.hatla2ee.com/listing_image/5046502d-5a07-466f-98f0-c4f57e1d1d25/medium.jpg,2026-04-30 15:34:03
227,new,Porsche Carrera 2025,2025,0 KM,Automatic,Gas,"14,500,000 EGP",,Porsche,Carrera,https://eg.hatla2ee.com/en/new-car/porsche/carrera/unit/7189595,https://legion-images.hatla2ee.com/listing_image/5046502d-5a07-466f-98f0-c4f57e1d1d25/medium.jpg,2026-04-30 15:34:12
227,new,Mercedes C 200 2026,2026,0 KM,Automatic,Gas,"4,150,000 EGP",,Mercedes,C 200,https://eg.hatla2ee.com/en/new-car/mercedes/c-200/unit/43891,https://legion-images.hatla2ee.com/listing_image/28af462a-71bc-47be-9911-7d464bb8ba52/medium.jpg,2026-04-30 15:34:13
227,new,Jac S2 2026,2026,0 KM,Automatic,Gas,"815,000 EGP",,Jac,S2,https://eg.hatla2ee.com/en/new-car/jac/s2/unit/7202079,https://legion-images.hatla2ee.com/listing_image/8d74bb80-ce46-43d4-a32d-1e14ce211eef/medium.jpg,2026-04-30 15:34:21
228,new,Rox 01 2026,2026,0 KM,Automatic,Gas,"3,950,000 EGP",,Rox,01,https://eg.hatla2ee.com/en/new-car/rox/rox-01/unit/7202075,https://legion-images.hatla2ee.com/listing_image/098ef25e-7037-434c-909d-543e38ed1bdf/medium.jpg,2026-04-30 15:34:30
228,new,Cupra Terramar 2026,2026,0 KM,Automatic,Gas,"2,380,000 EGP",,Cupra,Terramar,https://eg.hatla2ee.com/en/new-car/cupra/Terramar/unit/7202071,https://legion-images.hatla2ee.com/listing_image/52443eea-2fc6-45d5-854d-af154c2f1c98/medium.jpg,2026-04-30 15:34:31
228,new,Byd F3 2025,2025,0 KM,Automatic,Gas,"700,000 EGP",,Byd,F3,https://eg.hatla2ee.com/en/new-car/byd/f3/unit/7202069,https://legion-images.hatla2ee.com/listing_image/d20aa876-4094-4e22-8eba-3c987d8dc1dc/medium.jpg,2026-04-30 15:34:31
228,new,Nissan Sunny 2026,2026,0 KM,Automatic,Gas,"760,000 EGP",,Nissan,Sunny,https://eg.hatla2ee.com/en/new-car/nissan/sunny/unit/7202065,https://legion-images.hatla2ee.com/listing_image/49015f5f-d361-4732-b4a1-9bb16a21e4cb/medium.jpg,2026-04-30 15:34:32
228,new,Seat Leon 2026,2026,0 KM,Automatic,Gas,"1,650,000 EGP",,Seat,Leon,https://eg.hatla2ee.com/en/new-car/seat/leon/unit/7202063,https://legion-images.hatla2ee.com/listing_image/07fc0507-09bb-443b-a2f4-77d37d0dd508/medium.jpg,2026-04-30 15:34:32
228,new,Volkswagen ID 4 2025,2025,0 KM,Automatic,Electric,"1,850,000 EGP",,Volkswagen,ID 4,https://eg.hatla2ee.com/en/new-car/volks-wagen/ID-4/unit/7202062,https://legion-images.hatla2ee.com/listing_image/1a20eff4-af43-44d8-b403-e77eafdb6c36/medium.jpg,2026-04-30 15:34:33
228,new,Chery Tiggo 7 2026,2026,0 KM,Automatic,Gas,"1,110,000 EGP",,Chery,Tiggo 7,https://eg.hatla2ee.com/en/new-car/chery/Tiggo-7/unit/7172995,https://legion-images.hatla2ee.com/listing_image/a2db680a-a7df-4fe1-90d6-8f6757450a76/medium.jpg,2026-04-30 15:34:37
228,new,Chery Arrizo 5 2026,2026,0 KM,Automatic,Gas,"835,000 EGP",,Chery,Arrizo 5,https://eg.hatla2ee.com/en/new-car/chery/Arrizo-5/unit/7155292,https://legion-images.hatla2ee.com/listing_image/c2533cd8-c350-4009-8841-bf74568affae/medium.jpg,2026-04-30 15:34:37
228,new,Chery Tiggo 9 2026,2026,0 KM,Automatic,Electric,"2,100,000 EGP",,Chery,Tiggo 9,https://eg.hatla2ee.com/en/new-car/chery/Tiggo-9/unit/7170961,https://legion-images.hatla2ee.com/listing_image/7c7571c7-8b25-4e19-a34d-6fc97df14cfa/medium.jpg,2026-04-30 15:34:37
228,new,Toyota Urban Cruiser 2026,2026,0 KM,Automatic,Gas,"1,580,000 EGP",,Toyota,Urban Cruiser,https://eg.hatla2ee.com/en/new-car/toyota/Urban-Cruiser/unit/7162616,https://legion-images.hatla2ee.com/listing_image/27cf7bf5-3033-41fe-b33f-947213307765/medium.jpg,2026-04-30 15:34:38
229,new,Chery Arrizo 8 2026,2026,0 KM,Automatic,Gas,"1,400,000 EGP",,Chery,Arrizo 8,https://eg.hatla2ee.com/en/new-car/chery/Arrizo-8/unit/7184718,https://legion-images.hatla2ee.com/listing_image/68ca2220-803a-4bf1-a3c4-b243a9832810/medium.jpg,2026-04-30 15:34:47
229,new,Chery Tiggo 8 Pro Max 2026,2026,0 KM,Automatic,Gas,"1,730,000 EGP",,Chery,Tiggo 8 Pro Max,https://eg.hatla2ee.com/en/new-car/chery/Tiggo-8-Pro-Max/unit/7164717,https://legion-images.hatla2ee.com/listing_image/02e68362-f5d8-4c8b-a75f-763b61b5d4be/medium.jpg,2026-04-30 15:34:47
229,new,Chery Arrizo 6 2026,2026,0 KM,Automatic,Gas,"1,069,000 EGP",,Chery,Arrizo 6,https://eg.hatla2ee.com/en/new-car/chery/Arrizo-6/unit/7174975,https://legion-images.hatla2ee.com/listing_image/8b16297f-3028-47dd-bf13-1a3be051523a/medium.jpg,2026-04-30 15:34:51
230,new,Tesla Model Y 2025,2025,0 KM,Automatic,Electric,"3,600,000 EGP",,Tesla,Model Y,https://eg.hatla2ee.com/en/new-car/tesla/Model-Y/unit/7189646,https://legion-images.hatla2ee.com/listing_image/e5b73b70-16b5-4a38-bfae-67be83f98413/medium.jpg,2026-04-30 15:35:06
230,new,Mercedes C 200 2024,2024,0 KM,Automatic,Gas,"3,800,000 EGP",,Mercedes,C 200,https://eg.hatla2ee.com/en/new-car/mercedes/c-200/unit/7153299,https://legion-images.hatla2ee.com/listing_image/752b53e9-550c-4f08-98f9-9beda57a4467/medium.jpg,2026-04-30 15:35:08
230,new,Nissan Sunny 2026,2026,0 KM,Automatic,Gas,"860,000 EGP",,Nissan,Sunny,https://eg.hatla2ee.com/en/new-car/nissan/sunny/unit/7201919,https://legion-images.hatla2ee.com/listing_image/b0ac8595-b8c0-430e-bb28-066a510c116d/medium.jpg,2026-04-30 15:35:09
230,new,Changan CS 35 2026,2026,0 KM,Automatic,Gas,"1,290,000 EGP",,Changan,CS 35,https://eg.hatla2ee.com/en/new-car/changan/cs-35/unit/7201910,https://legion-images.hatla2ee.com/listing_image/018174f7-5e49-40a7-956d-0fa71173c6d2/medium.jpg,2026-04-30 15:35:11
231,new,Haval Jolion Pro 2025,2025,0 KM,Automatic,Gas,"1,209,000 EGP",,Haval,Jolion Pro,https://eg.hatla2ee.com/en/new-car/haval/Jolion-Pro/unit/7201842,https://legion-images.hatla2ee.com/listing_image/da611a86-ad5e-49ef-be7a-46bd6950d4e2/medium.jpg,2026-04-30 15:35:30
231,new,Chery Arrizo 5 2026,2026,0 KM,Automatic,Gas,"835,000 EGP",,Chery,Arrizo 5,https://eg.hatla2ee.com/en/new-car/chery/Arrizo-5/unit/7201837,https://legion-images.hatla2ee.com/listing_image/a559bba5-3507-4944-9491-243f86e6e170/medium.jpg,2026-04-30 15:35:31
231,new,Land Rover Other 2025,2025,0 KM,Automatic,Gas,"24,000,000 EGP",,Land Rover,Other,https://eg.hatla2ee.com/en/new-car/land-rover/other-land-rover/unit/7155027,https://legion-images.hatla2ee.com/listing_image/bd3cabb2-85ed-41c8-8bce-8bb08d6797a5/medium.jpg,2026-04-30 15:35:31
232,new,Mercedes SL Class 2024,2024,0 KM,Automatic,Gas,"11,250,000 EGP",,Mercedes,SL Class,https://eg.hatla2ee.com/en/new-car/mercedes/sl-class/50949/7198557,https://legion-images.hatla2ee.com/listing_image/f75d22f6-b024-4594-b387-e1b2bcb328f9/medium.jpg,2026-04-30 15:35:48
232,new,Mercedes GLC 300 2026,2026,0 KM,Automatic,Gas,"5,850,000 EGP",,Mercedes,GLC 300,https://eg.hatla2ee.com/en/new-car/mercedes/glc-300/unit/7183054,https://legion-images.hatla2ee.com/listing_image/49fcdc79-4e34-4b04-b8bf-32c958ef1565/medium.jpg,2026-04-30 15:35:54
233,new,Hyundai Elantra 2026,2026,0 KM,Automatic,Gas,"1,350,000 EGP",,Hyundai,Elantra,https://eg.hatla2ee.com/en/new-car/hyundai/elantra/unit/7201777,https://legion-images.hatla2ee.com/listing_image/943c28a0-cc59-46f8-9f99-fcd5af066e9c/medium.jpg,2026-04-30 15:36:08
234,new,Baic X35 2026,2026,0 KM,Automatic,Gas,"940,000 EGP",,Baic,X35,https://eg.hatla2ee.com/en/new-car/baic/Baic-X35/unit/7201751,https://legion-images.hatla2ee.com/listing_image/7970d227-2b71-4444-b9f9-03f8325b3117/medium.jpg,2026-04-30 15:36:21
234,new,Kia Sorento 2024,2024,0 KM,Automatic,Hybrid,"2,790,000 EGP",,Kia,Sorento,https://eg.hatla2ee.com/en/new-car/kia/sorento/unit/7201740,https://legion-images.hatla2ee.com/listing_image/56029e7a-f6c6-4f95-8525-6c9fd29dffd0/medium.jpg,2026-04-30 15:36:25
234,new,Kia Carnival 2024,2024,0 KM,Automatic,Hybrid,"2,000,000 EGP",,Kia,Carnival,https://eg.hatla2ee.com/en/new-car/kia/carnival/unit/7201715,https://legion-images.hatla2ee.com/listing_image/5d712ebf-4b8c-4999-9de0-916c17b0aa77/medium.jpg,2026-04-30 15:36:28
236,new,Mercedes CLA 300L 2026,2026,0 KM,Automatic,Electric,"3,500,000 EGP",,Mercedes,CLA 300L,https://eg.hatla2ee.com/en/new-car/mercedes/cla-300l/unit/7187798,https://legion-images.hatla2ee.com/listing_image/38bc3478-070e-4af7-98c2-f026dc76d99d/medium.jpg,2026-04-30 15:36:57
238,new,Opel Insignia 2014,2014,0 KM,Automatic,Diesel,"650,000 EGP",,Opel,Insignia,https://eg.hatla2ee.com/en/new-car/opel/insignia/unit/7201521,https://legion-images.hatla2ee.com/listing_image/7b0b6117-a94a-4e00-b046-c03cbd92ec65/medium.jpg,2026-04-30 15:37:42
238,new,Mercedes C 200 2026,2026,0 KM,Automatic,Gas,"4,100,000 EGP",,Mercedes,C 200,https://eg.hatla2ee.com/en/new-car/mercedes/c-200/unit/7201515,https://legion-images.hatla2ee.com/listing_image/97193fbb-6791-49a8-8fbc-6b36a4a593eb/medium.jpg,2026-04-30 15:37:43
239,new,Chevrolet Optra 2026,2026,0 KM,Automatic,Gas,"810,000 EGP",,Chevrolet,Optra,https://eg.hatla2ee.com/en/new-car/chevrolet/optra/unit/7183654,https://legion-images.hatla2ee.com/listing_image/d6b9abc2-d28d-4af9-8791-6ff3d3a89b07/medium.jpg,2026-04-30 15:38:03
239,new,Mercedes GLC 300 2026,2026,0 KM,Automatic,Gas,"5,850,000 EGP",,Mercedes,GLC 300,https://eg.hatla2ee.com/en/new-car/mercedes/glc-300/unit/7201414,https://legion-images.hatla2ee.com/listing_image/77a5c72f-ea9e-40ed-90b2-63451314a867/medium.jpg,2026-04-30 15:38:04
240,new,BMW I3 2024,2024,0 KM,Automatic,Electric,"2,550,000 EGP",,BMW,I3,https://eg.hatla2ee.com/en/new-car/bmw/i3/unit/7201401,https://legion-images.hatla2ee.com/listing_image/0928a7e3-f035-4067-bd46-bc94dcb88ca5/medium.jpg,2026-04-30 15:38:15
240,new,Chery Tiggo 4 Pro 2026,2026,0 KM,Automatic,Gas,"1,120,000 EGP",,Chery,Tiggo 4 Pro,https://eg.hatla2ee.com/en/new-car/chery/Tiggo-4-Pro/unit/7195575,https://legion-images.hatla2ee.com/listing_image/b8056971-0751-47b8-9b24-ed5232cfa432/medium.jpg,2026-04-30 15:38:16
240,new,Cupra Formentor 2020,2020,0 KM,Automatic,Gas,"2,300,000 EGP",,Cupra,Formentor,https://eg.hatla2ee.com/en/new-car/cupra/Formentor/unit/7198143,https://legion-images.hatla2ee.com/listing_image/0f64a7cc-273e-4e3f-9e5e-e3bf0f6ce514/medium.jpg,2026-04-30 15:38:21
240,new,BMW X1 2024,2024,0 KM,Automatic,Gas,"3,000,000 EGP",,BMW X1,A/T / X Line,https://eg.hatla2ee.com/en/new-car/imported/bmw/x1/7198138,https://legion-images.hatla2ee.com/listing_image/3a136d2c-a52c-4e6c-a901-b8d5fc1e8a8e/medium.jpg,2026-04-30 15:38:22
241,new,Cupra Other 2026,2026,0 KM,Automatic,Plug-in Hybrid,"2,300,000 EGP",,Cupra Other,Imported,https://eg.hatla2ee.com/en/new-car/imported/cupra/other-cupra/7198042,https://legion-images.hatla2ee.com/listing_image/ceb1af90-cb8c-4ff7-b05a-605b559e2293/medium.jpg,2026-04-30 15:38:33
241,new,Mercedes 300 2026,2026,0 KM,Manual,Natural Gas,"5,650,000 EGP",,Mercedes,300,https://eg.hatla2ee.com/en/new-car/mercedes/mercedes-300/unit/7197968,https://legion-images.hatla2ee.com/listing_image/d9519aae-4998-498d-b1a8-ed0f68064a93/medium.jpg,2026-04-30 15:38:34
241,new,Hyundai Elantra CN7 2025,2025,0 KM,Automatic,Gas,"1,450,000 EGP",,Hyundai,Elantra CN7,https://eg.hatla2ee.com/en/new-car/hyundai/Elantra-CN7/unit/7197866,https://legion-images.hatla2ee.com/listing_image/79bdc6fa-00cb-42c0-a430-19cef6234855/medium.jpg,2026-04-30 15:38:36
241,new,Hyundai Elantra 2026,2026,0 KM,Automatic,Gas,"1,215,000 EGP",,Hyundai,Elantra,https://eg.hatla2ee.com/en/new-car/hyundai/elantra/unit/7174220,https://legion-images.hatla2ee.com/listing_image/1d73b14f-56df-4000-ab8c-ffbd38dcbb0c/medium.jpg,2026-04-30 15:38:39
241,new,Deepal S 05 2026,2026,0 KM,Automatic,Hybrid,"1,600,000 EGP",,Deepal,S 05,https://eg.hatla2ee.com/en/new-car/deepal/Deepal_S05/unit/7174228,https://legion-images.hatla2ee.com/listing_image/9d39b9d3-4a65-40d6-8ca9-2e84649671bb/medium.jpg,2026-04-30 15:38:40
242,new,Nissan Sunny 2026,2026,0 KM,Automatic,Gas,"745,000 EGP",,Nissan,Sunny,https://eg.hatla2ee.com/en/new-car/nissan/sunny/unit/7200694,https://legion-images.hatla2ee.com/listing_image/40e3f723-30c4-40b7-9c0d-fefdd615093d/medium.jpg,2026-04-30 15:38:56
242,new,MG 7 2026,2026,0 KM,Automatic,Gas,"1,800,000 EGP",,MG,7,https://eg.hatla2ee.com/en/new-car/moris-garage/mg-7/unit/7165222,https://legion-images.hatla2ee.com/listing_image/dea64741-0622-4c4e-814b-76539b45d57d/medium.jpg,2026-04-30 15:38:57
242,new,Peugeot 5008 2026,2026,0 KM,Automatic,Gas,"2,575,000 EGP",,Peugeot,5008,https://eg.hatla2ee.com/en/new-car/peugeot/5008/unit/7171126,https://legion-images.hatla2ee.com/listing_image/cbec5c91-7a64-4174-b5e0-d2478f4d3a94/medium.jpg,2026-04-30 15:38:58
242,new,Nissan Sunny 2026,2026,0 KM,Automatic,Gas,"805,000 EGP",,Nissan,Sunny,https://eg.hatla2ee.com/en/new-car/nissan/sunny/unit/7197141,https://legion-images.hatla2ee.com/listing_image/45906b68-febf-413d-842c-cb561a47e422/medium.jpg,2026-04-30 15:38:58
243,new,Lotus Emeya 2025,2025,0 KM,Automatic,Electric,"5,200,000 EGP",,Lotus,Emeya,https://eg.hatla2ee.com/en/new-car/lotus/Emeya/unit/7201285,https://legion-images.hatla2ee.com/listing_image/4a651aa8-0e96-4846-8297-01f663819ad6/medium.jpg,2026-04-30 15:39:14
243,new,Nissan Qashqai 2026,2026,0 KM,Automatic,Gas,"1,675,000 EGP",,Nissan,Qashqai,https://eg.hatla2ee.com/en/new-car/nissan/qashqai/unit/7201280,https://legion-images.hatla2ee.com/listing_image/783eeb98-75ca-4cce-bc4a-2a752c1605e6/medium.jpg,2026-04-30 15:39:15
243,new,Tesla Cybertruck 2025,2025,0 KM,Automatic,Electric,"15,900,000 EGP",,Tesla,Cybertruck,https://eg.hatla2ee.com/en/new-car/tesla/tesla-cybertruck/unit/7201279,https://legion-images.hatla2ee.com/listing_image/d55ec3e9-2e38-414d-a95d-48b72da249d5/medium.jpg,2026-04-30 15:39:15
244,new,Byd Song L 2025,2025,0 KM,Automatic,Electric,"2,275,000 EGP",,Byd,Song L,https://eg.hatla2ee.com/en/new-car/byd/byd-song-l/unit/7161324,https://legion-images.hatla2ee.com/listing_image/e655ff6d-f4da-4100-9559-332b97f1cd1f/medium.jpg,2026-04-30 15:39:25
244,new,Byd Song Plus 2025,2025,0 KM,Automatic,Electric,"1,770,000 EGP",,Byd,Song Plus,https://eg.hatla2ee.com/en/new-car/byd/Song-Plus/unit/7163883,https://legion-images.hatla2ee.com/listing_image/f92b7862-9302-4c0d-bf86-86b1cb251ffe/medium.jpg,2026-04-30 15:39:27
244,new,Audi Q2 2026,2026,0 KM,Automatic,Gas,"2,400,000 EGP",,Audi,Q2,https://eg.hatla2ee.com/en/new-car/audi/Q2/unit/7201254,https://legion-images.hatla2ee.com/listing_image/bef56db4-12a9-4a96-a8a5-b3651181cdde/medium.jpg,2026-04-30 15:39:28
244,new,Byd B2 2025,2025,0 KM,Automatic,Electric,"1,750,000 EGP",,Byd,B2,https://eg.hatla2ee.com/en/new-car/byd/b2/unit/7161312,https://legion-images.hatla2ee.com/listing_image/5a5eb8d4-7ff9-46a5-bef6-65656d9ba820/medium.jpg,2026-04-30 15:39:28
244,new,Byd Sealion 6 2025,2025,0 KM,Automatic,Electric,"1,950,000 EGP",,Byd,Sealion 6,https://eg.hatla2ee.com/en/new-car/byd/sealion-6/unit/7160953,https://legion-images.hatla2ee.com/listing_image/c4fc207e-899e-4cb4-b56b-a18668c09c45/medium.jpg,2026-04-30 15:39:29
244,new,Mercedes C 180 2026,2026,0 KM,Automatic,Gas,"4,000,000 EGP",,Mercedes,C 180,https://eg.hatla2ee.com/en/new-car/mercedes/c-180/unit/7201247,https://legion-images.hatla2ee.com/listing_image/6d06279b-5e0f-4223-b6e0-bc0d5315cd66/medium.jpg,2026-04-30 15:39:31
244,new,Chery Tiggo 7 pro max 2026,2026,0 KM,Automatic,Gas,"1,330,000 EGP",,Chery,Tiggo 7 pro max,https://eg.hatla2ee.com/en/new-car/chery/Tiggo-7-pro-max/unit/7201238,https://legion-images.hatla2ee.com/listing_image/58f81f4c-bba3-4e4f-84ed-0721799dfdf1/medium.jpg,2026-04-30 15:39:31
245,new,Byd Song Plus 2025,2025,0 KM,Automatic,Electric,"1,700,000 EGP",,Byd,Song Plus,https://eg.hatla2ee.com/en/new-car/byd/Song-Plus/unit/7198355,https://legion-images.hatla2ee.com/listing_image/8ad314b0-8cc4-4a41-b859-24f9fbd0f1b7/medium.jpg,2026-04-30 15:39:48
245,new,Mercedes C 200 2026,2026,0 KM,Automatic,Gas,"3,900,000 EGP",,Mercedes,C 200,https://eg.hatla2ee.com/en/new-car/mercedes/c-200/unit/7201176,https://legion-images.hatla2ee.com/listing_image/4c8a907f-e809-4781-bb8d-9cab5797f564/medium.jpg,2026-04-30 15:39:53
246,new,Skoda Kodiaq 2024,2024,0 KM,Automatic,Gas,"2,650,000 EGP",,Skoda,Kodiaq,https://eg.hatla2ee.com/en/new-car/skoda/kodiaq/unit/7201162,https://legion-images.hatla2ee.com/listing_image/0abc00ef-a742-41c3-b055-fabea1df9211/medium.jpg,2026-04-30 15:40:03
246,new,Cadillac Lyriq 2026,2026,0 KM,Automatic,Electric,"4,100,000 EGP",,Cadillac,Lyriq,https://eg.hatla2ee.com/en/new-car/cadillac/cadillac-lyriq/unit/7201165,https://legion-images.hatla2ee.com/listing_image/25f953b9-5541-4013-9451-d847a8ab82a9/medium.jpg,2026-04-30 15:40:05
246,new,Mercedes CLA 200 2026,2026,0 KM,Automatic,Gas,"2,950,000 EGP",,Mercedes,CLA 200,https://eg.hatla2ee.com/en/new-car/mercedes/cla-200/unit/7201145,https://legion-images.hatla2ee.com/listing_image/a45599ae-ff21-47ac-9257-9ba8c9a01304/medium.jpg,2026-04-30 15:40:08
246,new,Byd Song Plus 2025,2025,0 KM,Automatic,Electric,"1,600,000 EGP",,Byd,Song Plus,https://eg.hatla2ee.com/en/new-car/byd/Song-Plus/unit/7139825,https://legion-images.hatla2ee.com/listing_image/0865822e-9a4d-4809-80b5-c0dab7aa9387/medium.jpg,2026-04-30 15:40:11
246,new,Volkswagen Tiguan 2026,2026,0 KM,Automatic,Gas,"2,680,000 EGP",,Volkswagen,Tiguan,https://eg.hatla2ee.com/en/new-car/volks-wagen/tiguan/unit/7188547,https://legion-images.hatla2ee.com/listing_image/0b40ae64-8955-499a-b458-c139c40c92fe/medium.jpg,2026-04-30 15:40:12
246,new,Proton Saga 2026,2026,0 KM,Automatic,Gas,"675,000 EGP",,Proton,Saga,https://eg.hatla2ee.com/en/new-car/proton/saga/unit/7165553,https://legion-images.hatla2ee.com/listing_image/89c4cd3c-4467-4d78-988d-4b86c32a6740/medium.jpg,2026-04-30 15:40:12
246,new,Land Rover Range Rover Evoque 2025,2025,0 KM,Automatic,Gas,"4,150,000 EGP",,Land Rover,Range Rover Evoque,https://eg.hatla2ee.com/en/new-car/land-rover/evoque/unit/7195842,https://legion-images.hatla2ee.com/listing_image/8575c6d1-d79d-4717-9c31-5d0206e4f9c1/medium.jpg,2026-04-30 15:40:13
247,new,Land Rover Range Rover Evoque 2026,2026,0 KM,Automatic,Gas,"4,300,000 EGP",,Land Rover,Range Rover Evoque,https://eg.hatla2ee.com/en/new-car/land-rover/evoque/unit/7195796,https://legion-images.hatla2ee.com/listing_image/26a44aca-76be-4a60-b715-a7398ea61e34/medium.jpg,2026-04-30 15:40:22
247,new,Mercedes GLS 2025,2025,0 KM,Automatic,Gas,"9,200,000 EGP",,Mercedes,GLS,https://eg.hatla2ee.com/en/new-car/mercedes/GLS/unit/7201120,https://legion-images.hatla2ee.com/listing_image/d3ef060a-b205-41f7-b300-3658931f239b/medium.jpg,2026-04-30 15:40:24
247,new,Byd Song L 2025,2025,0 KM,Automatic,Electric,"1,980,000 EGP",,Byd,Song L,https://eg.hatla2ee.com/en/new-car/byd/byd-song-l/unit/7201090,https://legion-images.hatla2ee.com/listing_image/55844624-abbf-4ecb-88ad-4aff21ec95f5/medium.jpg,2026-04-30 15:40:30
247,new,Skoda Kodiaq 2026,2026,0 KM,Automatic,Gas,"2,650,000 EGP",,Skoda,Kodiaq,https://eg.hatla2ee.com/en/new-car/skoda/kodiaq/unit/7201082,https://legion-images.hatla2ee.com/listing_image/8fba290f-b1d1-4fa4-8d99-edb15a392f2c/medium.jpg,2026-04-30 15:40:31
249,new,Opel Mokka 2026,2026,0 KM,Automatic,Gas,"1,500,000 EGP",,Opel,Mokka,https://eg.hatla2ee.com/en/new-car/opel/Mokka/unit/41257,https://legion-images.hatla2ee.com/listing_image/31aa748d-1752-4e38-a18c-aa0a1ad671ea/medium.jpg,2026-04-30 15:41:02
249,new,Opel Corsa 2025,2025,0 KM,Automatic,Gas,"1,300,000 EGP",,Opel,Corsa,https://eg.hatla2ee.com/en/new-car/opel/corsa/unit/41255,https://legion-images.hatla2ee.com/listing_image/428fbeba-d5df-4ebc-a415-ef6ddeff2065/medium.jpg,2026-04-30 15:41:02
249,new,Peugeot 3008 2026,2026,0 KM,Automatic,Gas,"2,100,000 EGP",,Peugeot,3008,https://eg.hatla2ee.com/en/new-car/peugeot/3008/unit/7174054,https://legion-images.hatla2ee.com/listing_image/9ec92de5-0e4d-410c-afe2-e6bef74ac0a4/medium.jpg,2026-04-30 15:41:03
249,new,Baic BJ30 2026,2026,0 KM,Automatic,Hybrid,"1,675,000 EGP",,Baic,BJ30,https://eg.hatla2ee.com/en/new-car/baic/BJ30/unit/7174074,https://legion-images.hatla2ee.com/listing_image/739c61e1-e25b-4c08-a250-75b305837dde/medium.jpg,2026-04-30 15:41:03
249,new,Opel Grandland 2026,2026,0 KM,Automatic,Gas,"2,120,000 EGP",,Opel,Grandland,https://eg.hatla2ee.com/en/new-car/opel/Grandland/unit/7174098,https://legion-images.hatla2ee.com/listing_image/cf534c40-55ce-404a-ad53-8d05672c705e/medium.jpg,2026-04-30 15:41:03
249,new,Porsche Boxster 2025,2025,0 KM,Automatic,Gas,"6,850,000 EGP",,Porsche,Boxster,https://eg.hatla2ee.com/en/new-car/porsche/boxster/unit/7200955,https://legion-images.hatla2ee.com/listing_image/169585b8-c8fb-4f7d-8c3a-0d66de88d253/medium.jpg,2026-04-30 15:41:05
249,new,Nissan Juke 2026,2026,0 KM,Automatic,Gas,"1,090,000 EGP",,Nissan,Juke,https://eg.hatla2ee.com/en/new-car/nissan/juke/50459/7200943,https://legion-images.hatla2ee.com/listing_image/37e1991c-05c5-4387-95e8-cb7b0d6d569b/medium.jpg,2026-04-30 15:41:07
250,new,Nissan Juke 2026,2026,0 KM,Automatic,Gas,"1,090,000 EGP",,Nissan,Juke,https://eg.hatla2ee.com/en/new-car/nissan/juke/50459/7200943,https://legion-images.hatla2ee.com/listing_image/37e1991c-05c5-4387-95e8-cb7b0d6d569b/medium.jpg,2026-04-30 15:41:16
250,new,Cupra Formentor 2026,2026,0 KM,Automatic,Gas,"2,300,000 EGP",,Cupra,Formentor,https://eg.hatla2ee.com/en/new-car/cupra/Formentor/51053/7197505,https://legion-images.hatla2ee.com/listing_image/e8a9331b-12eb-41e8-b18e-43b62973ca76/medium.jpg,2026-04-30 15:41:25
251,new,Toyota Hilux 2025,2025,0 KM,Automatic,Gas,"3,750,000 EGP",,Toyota,Hilux,https://eg.hatla2ee.com/en/new-car/toyota/hilux/unit/7200922,https://legion-images.hatla2ee.com/listing_image/8a1fb61f-a085-40a9-87ca-92b4ce9534f6/medium.jpg,2026-04-30 15:41:36
251,new,Cadillac Escalade 2025,2025,0 KM,Automatic,Gas,"15,500,000 EGP",,Cadillac,Escalade,https://eg.hatla2ee.com/en/new-car/cadillac/escalade/unit/7200901,https://legion-images.hatla2ee.com/listing_image/bd3c11b9-f108-4515-b74f-3e101f12d200/medium.jpg,2026-04-30 15:41:38
252,new,Volkswagen ID7 2024,2024,0 KM,Automatic,Electric,"2,050,000 EGP",,Volkswagen,ID7,https://eg.hatla2ee.com/en/new-car/volks-wagen/volkswagen-id7/unit/7200887,https://legion-images.hatla2ee.com/listing_image/cde33a97-2d51-4a22-b58e-2dd51250e803/medium.jpg,2026-04-30 15:41:48
252,new,Peugeot 3008 2026,2026,0 KM,Automatic,Gas,"2,470,000 EGP",,Peugeot,3008,https://eg.hatla2ee.com/en/new-car/peugeot/3008/unit/7200877,https://legion-images.hatla2ee.com/listing_image/b41c2338-f5a0-4f32-b8db-b349ac2ebf07/medium.jpg,2026-04-30 15:41:50
252,new,Mercedes CLA 200 2025,2025,0 KM,Automatic,Gas,"3,350,000 EGP",,Mercedes,CLA 200,https://eg.hatla2ee.com/en/new-car/mercedes/cla-200/unit/41605,https://legion-images.hatla2ee.com/listing_image/62a898d0-1253-42f0-a908-3ad5fe26e1d6/medium.jpg,2026-04-30 15:41:51
252,new,Toyota Hilux 2025,2025,0 KM,Automatic,Gas,"3,750,000 EGP",,Toyota,Hilux,https://eg.hatla2ee.com/en/new-car/toyota/hilux/unit/7187313,https://legion-images.hatla2ee.com/listing_image/d12abd7d-93b2-4f33-a1ab-9b77bc85e971/medium.jpg,2026-04-30 15:41:53
252,new,MG One 2026,2026,0 KM,Automatic,Gas,"1,570,000 EGP",,MG,One,https://eg.hatla2ee.com/en/new-car/moris-garage/MG+One/unit/7200861,https://legion-images.hatla2ee.com/listing_image/ca7c86a0-e6b5-4a09-a908-96ce02ef2a71/medium.jpg,2026-04-30 15:41:53
253,new,Geely City Ray 2026,2026,0 KM,Automatic,Gas,"1,250,000 EGP",,Geely,City Ray,https://eg.hatla2ee.com/en/new-car/geely/City-Ray/unit/7200858,https://legion-images.hatla2ee.com/listing_image/94274f3e-5985-43a6-a677-9a765f58c6f8/medium.jpg,2026-04-30 15:42:02
253,new,Nissan Qashqai 2026,2026,0 KM,Automatic,Gas,"1,800,000 EGP",,Nissan,Qashqai,https://eg.hatla2ee.com/en/new-car/nissan/qashqai/unit/7200852,https://legion-images.hatla2ee.com/listing_image/bb7bd6a4-0f2f-4614-ae0f-6d01fe6e332e/medium.jpg,2026-04-30 15:42:02
253,new,Chevrolet Captiva 2026,2026,0 KM,Automatic,Gas,"1,300,000 EGP",,Chevrolet,Captiva,https://eg.hatla2ee.com/en/new-car/chevrolet/captiva/unit/7156290,https://legion-images.hatla2ee.com/listing_image/ff9c2f3c-776e-4dc5-841c-47a1fa43d51b/medium.jpg,2026-04-30 15:42:06
253,new,Porsche Macan 2026,2026,0 KM,Automatic,Gas,"6,000,000 EGP",,Porsche,Macan,https://eg.hatla2ee.com/en/new-car/porsche/macan/unit/7200840,https://legion-images.hatla2ee.com/listing_image/b23ccd1b-d7e0-424a-a05c-faf5ec43e3c1/medium.jpg,2026-04-30 15:42:07
253,new,Land Rover Range Rover Evoque 2026,2026,0 KM,Automatic,Gas,"4,300,000 EGP",,Land Rover,Range Rover Evoque,https://eg.hatla2ee.com/en/new-car/land-rover/evoque/unit/7200830,https://legion-images.hatla2ee.com/listing_image/8d02c0bb-d3d1-4f44-aa9a-3ca1f1ffc58b/medium.jpg,2026-04-30 15:42:07
253,new,Mercedes C 180 2026,2026,0 KM,Automatic,Gas,"4,000,000 EGP",,Mercedes,C 180,https://eg.hatla2ee.com/en/new-car/mercedes/c-180/unit/7200820,https://legion-images.hatla2ee.com/listing_image/420dd25c-b334-46fc-8d27-4534d4222c71/medium.jpg,2026-04-30 15:42:09
253,new,Opel Corsa 2026,2026,0 KM,Automatic,Gas,"1,150,000 EGP",,Opel,Corsa,https://eg.hatla2ee.com/en/new-car/opel/corsa/unit/7154313,https://legion-images.hatla2ee.com/listing_image/53101e48-c249-4783-94d0-a64a1d3d0a18/medium.jpg,2026-04-30 15:42:10
253,new,Peugeot 2008 2026,2026,0 KM,Automatic,Gas,"1,650,000 EGP",,Peugeot,2008,https://eg.hatla2ee.com/en/new-car/peugeot/2008/unit/40565,https://legion-images.hatla2ee.com/listing_image/40286af3-ca18-48c8-a7b9-28007ef7d737/medium.jpg,2026-04-30 15:42:10
253,new,Peugeot 408 2026,2026,0 KM,Automatic,Gas,"2,300,000 EGP",,Peugeot,408,https://eg.hatla2ee.com/en/new-car/peugeot/408/unit/40726,https://legion-images.hatla2ee.com/listing_image/161cdb0c-359a-4090-9a4e-eaa5c2252737/medium.jpg,2026-04-30 15:42:10
254,new,Peugeot 3008 2026,2026,0 KM,Automatic,Gas,"2,400,000 EGP",,Peugeot,3008,https://eg.hatla2ee.com/en/new-car/peugeot/3008/unit/41844,https://legion-images.hatla2ee.com/listing_image/9711d92a-0169-479e-bca4-827b181f4793/medium.jpg,2026-04-30 15:42:20
254,new,Nissan Sunny 2026,2026,0 KM,Automatic,Gas,"745,000 EGP",,Nissan,Sunny,https://eg.hatla2ee.com/en/new-car/nissan/sunny/unit/42509,https://legion-images.hatla2ee.com/listing_image/b418aa6a-191b-4550-b5e3-c2390a5dd7df/medium.jpg,2026-04-30 15:42:21
254,new,Peugeot 5008 2026,2026,0 KM,Automatic,Gas,"2,575,000 EGP",,Peugeot,5008,https://eg.hatla2ee.com/en/new-car/peugeot/5008/unit/null,https://legion-images.hatla2ee.com/listing_image/250dc907-9eaa-4825-8ac2-f4dd52de4479/medium.jpg,2026-04-30 15:42:21
254,new,Rox 01 2026,2026,0 KM,Automatic,Hybrid,"4,000,000 EGP",,Rox,01,https://eg.hatla2ee.com/en/new-car/rox/rox-01/unit/7200711,https://legion-images.hatla2ee.com/listing_image/aca0ad78-cae9-412c-abb5-2e9925dc62bc/medium.jpg,2026-04-30 15:42:23
254,new,Chery Arrizo 5 pro 2026,2026,0 KM,Automatic,Gas,"785,000 EGP",,Chery,Arrizo 5 pro,https://eg.hatla2ee.com/en/new-car/chery/Arrizo-5-pro/unit/7200789,https://legion-images.hatla2ee.com/listing_image/5bcdf220-9bdd-4da8-b424-2cea89cacb4c/medium.jpg,2026-04-30 15:42:23
254,new,Cupra Leon 2026,2026,0 KM,Automatic,Gas,"2,090,000 EGP",,Cupra,Leon,https://eg.hatla2ee.com/en/new-car/cupra/leon-cupra/unit/7200775,https://legion-images.hatla2ee.com/listing_image/916fe322-ecb2-4102-be2e-8f823be4bbc8/medium.jpg,2026-04-30 15:42:24
254,new,Soueast S 05 2026,2026,0 KM,Automatic,Gas,"1,150,000 EGP",,Soueast,S 05,https://eg.hatla2ee.com/en/new-car/soueast/S+05/unit/7200764,https://legion-images.hatla2ee.com/listing_image/90e3bdda-c172-4fec-9f99-58cd0f8492b0/medium.jpg,2026-04-30 15:42:25
254,new,Renault Duster 2026,2026,0 KM,Automatic,Gas,"1,370,000 EGP",,Renault,Duster,https://eg.hatla2ee.com/en/new-car/renault/duster/unit/7200039,https://legion-images.hatla2ee.com/listing_image/5c4e903e-1c59-49e5-ae96-d83020ecbaa1/medium.jpg,2026-04-30 15:42:26
254,new,BMW I3 2026,2026,0 KM,Automatic,Electric,"2,350,000 EGP",,BMW,I3,https://eg.hatla2ee.com/en/new-car/bmw/i3/unit/7200371,https://legion-images.hatla2ee.com/listing_image/2cd62ed8-c116-4ea9-8b1a-86d772dd7dfe/medium.jpg,2026-04-30 15:42:27
255,new,Jetour T1 2026,2026,0 KM,Automatic,Gas,"1,850,000 EGP",,Jetour,T1,https://eg.hatla2ee.com/en/new-car/jetour/T1/unit/7149411,https://legion-images.hatla2ee.com/listing_image/f779e16a-92c7-44a3-a156-0fe066c24057/medium.jpg,2026-04-30 15:42:40
255,new,Cadillac Escalade 2025,2025,0 KM,Automatic,Gas,"13,500,000 EGP",,Cadillac,Escalade,https://eg.hatla2ee.com/en/new-car/cadillac/escalade/unit/7187826,https://legion-images.hatla2ee.com/listing_image/40c89570-4775-4c1f-aef2-5da681a66b7b/medium.jpg,2026-04-30 15:42:41
255,new,Seat Leon 2026,2026,0 KM,Automatic,Gas,"1,640,000 EGP",,Seat,Leon,https://eg.hatla2ee.com/en/new-car/seat/leon/unit/43439,https://legion-images.hatla2ee.com/listing_image/32358df6-dbc4-4beb-8d01-03fb6a46a375/medium.jpg,2026-04-30 15:42:42
255,new,Nissan Sentra 2026,2026,0 KM,Automatic,Gas,"1,020,000 EGP",,Nissan,Sentra,https://eg.hatla2ee.com/en/new-car/nissan/sentra/unit/41969,https://legion-images.hatla2ee.com/listing_image/3e97e3b1-30c9-4902-b38c-be310496ce44/medium.jpg,2026-04-30 15:42:42
255,new,Skoda Octavia 2026,2026,0 KM,Automatic,Gas,"1,800,000 EGP",,Skoda,Octavia,https://eg.hatla2ee.com/en/new-car/skoda/octavia/unit/43123,https://legion-images.hatla2ee.com/listing_image/9c955b6d-7a5b-4eeb-b825-42e9b09a015d/medium.jpg,2026-04-30 15:42:42
255,new,Peugeot 5008 2026,2026,0 KM,Automatic,Gas,"2,275,000 EGP",,Peugeot,5008,https://eg.hatla2ee.com/en/new-car/peugeot/5008/unit/41510,https://legion-images.hatla2ee.com/listing_image/264786fe-e9c5-4c4d-be37-b3a05f9fd851/medium.jpg,2026-04-30 15:42:43
255,new,Skoda Superb 2026,2026,0 KM,Automatic,Gas,"2,900,000 EGP",,Skoda,Superb,https://eg.hatla2ee.com/en/new-car/skoda/superb/unit/43313,https://legion-images.hatla2ee.com/listing_image/ac86da1b-1d4c-4f8d-b946-d90813a724cf/medium.jpg,2026-04-30 15:42:43
255,new,Audi A3 2026,2026,0 KM,Automatic,Gas,"2,600,000 EGP",,Audi,A3,https://eg.hatla2ee.com/en/new-car/audi/a3/unit/7136736,https://legion-images.hatla2ee.com/listing_image/2b5419c1-e998-4a7f-b7d5-d5f2c6911a0e/medium.jpg,2026-04-30 15:42:44
255,new,Skoda Kodiaq 2026,2026,0 KM,Automatic,Gas,"2,600,000 EGP",,Skoda,Kodiaq,https://eg.hatla2ee.com/en/new-car/skoda/kodiaq/unit/43312,https://legion-images.hatla2ee.com/listing_image/7856cf61-52d4-4e6e-89c2-01e01d4f1719/medium.jpg,2026-04-30 15:42:44
255,new,MG One 2026,2026,0 KM,Automatic,Gas,"1,550,000 EGP",,MG,One,https://eg.hatla2ee.com/en/new-car/moris-garage/MG+One/unit/40543,https://legion-images.hatla2ee.com/listing_image/cd1dda4d-b3d4-4b12-bfff-fcb6c04a9f6b/medium.jpg,2026-04-30 15:42:44
255,new,Opel Grandland 2026,2026,0 KM,Automatic,Gas,"2,100,000 EGP",,Opel,Grandland,https://eg.hatla2ee.com/en/new-car/opel/Grandland/unit/7173162,https://legion-images.hatla2ee.com/listing_image/71d69683-8aee-41f0-8a43-4e406953688c/medium.jpg,2026-04-30 15:42:45
256,new,MG HS 2026,2026,0 KM,Automatic,Gas,"1,575,000 EGP",,MG,HS,https://eg.hatla2ee.com/en/new-car/moris-garage/MG-HS/unit/7176426,https://legion-images.hatla2ee.com/listing_image/dc77894d-f296-41b0-8253-303f546f124d/medium.jpg,2026-04-30 15:42:58
256,new,MG One 2026,2026,0 KM,Automatic,Gas,"1,450,000 EGP",,MG,One,https://eg.hatla2ee.com/en/new-car/moris-garage/MG+One/unit/7172646,https://legion-images.hatla2ee.com/listing_image/6d79d652-8a3f-4065-b05f-b080cf97cc05/medium.jpg,2026-04-30 15:42:59
256,new,MG 7 2026,2026,0 KM,Automatic,Gas,"1,590,000 EGP",,MG,7,https://eg.hatla2ee.com/en/new-car/moris-garage/mg-7/unit/7173737,https://legion-images.hatla2ee.com/listing_image/1d03f253-b377-4ed1-ae3e-956c4258a687/medium.jpg,2026-04-30 15:43:00
256,new,MG HS 2026,2026,0 KM,Automatic,Gas,"1,575,000 EGP",,MG,HS,https://eg.hatla2ee.com/en/new-car/moris-garage/MG-HS/unit/7173691,https://legion-images.hatla2ee.com/listing_image/b3e97a40-f0c8-4381-b8e1-b70bc3e9ae32/medium.jpg,2026-04-30 15:43:01
256,new,MG ZS 2026,2026,0 KM,Automatic,Gas,"1,050,000 EGP",,MG,ZS,https://eg.hatla2ee.com/en/new-car/moris-garage/zs/unit/7173698,https://legion-images.hatla2ee.com/listing_image/0910550b-5cbd-427a-8511-a2de4e0b5d30/medium.jpg,2026-04-30 15:43:01
257,new,Chevrolet Captiva 2026,2026,0 KM,Automatic,Gas,"1,300,000 EGP",,Chevrolet,Captiva,https://eg.hatla2ee.com/en/new-car/chevrolet/captiva/unit/7173223,https://legion-images.hatla2ee.com/listing_image/4da9b63f-21da-42c1-bae3-b31a3afedbb7/medium.jpg,2026-04-30 15:43:11
257,new,Chevrolet Captiva 2026,2026,0 KM,Automatic,Gas,"1,300,000 EGP",,Chevrolet,Captiva,https://eg.hatla2ee.com/en/new-car/chevrolet/captiva/unit/7172132,https://legion-images.hatla2ee.com/listing_image/b005bb3e-023f-40f8-a5b8-9f6c1125258e/medium.jpg,2026-04-30 15:43:12
257,new,Byd Song Plus 2025,2025,0 KM,Automatic,Electric,"1,620,000 EGP",,Byd,Song Plus,https://eg.hatla2ee.com/en/new-car/byd/Song-Plus/unit/42907,https://legion-images.hatla2ee.com/listing_image/54c0c608-0eef-4db9-83bd-54b9299ccdd6/medium.jpg,2026-04-30 15:43:15
257,new,Cupra Terramar 2026,2026,0 KM,Automatic,Gas,"2,360,000 EGP",,Cupra,Terramar,https://eg.hatla2ee.com/en/new-car/cupra/Terramar/unit/7183320,https://legion-images.hatla2ee.com/listing_image/e76a6578-71b5-4a20-b3da-df1eb349b08f/medium.jpg,2026-04-30 15:43:16
257,new,Xiaomi Yu7 2025,2025,0 KM,Automatic,Electric,"3,850,000 EGP",,Xiaomi,Yu7,https://eg.hatla2ee.com/en/new-car/xiaomi/xiaomi-yu7/unit/7199462,https://legion-images.hatla2ee.com/listing_image/8c6fee54-d904-4bca-bcff-86c66c5bf176/medium.jpg,2026-04-30 15:43:16
257,new,Mercedes Viano 2026,2026,0 KM,Automatic,Gas,"6,300,000 EGP",,Mercedes,Viano,https://eg.hatla2ee.com/en/new-car/mercedes/Viano/unit/7168957,https://legion-images.hatla2ee.com/listing_image/c8f892a3-067d-4676-b90d-e12cc6d667ed/medium.jpg,2026-04-30 15:43:18
258,new,Mercedes C 200 2025,2025,0 KM,Automatic,Gas,"4,150,000 EGP",,Mercedes,C 200,https://eg.hatla2ee.com/en/new-car/mercedes/c-200/unit/7182613,https://legion-images.hatla2ee.com/listing_image/87a05abb-13ce-4d0c-ae94-fdc0877c4f4f/medium.jpg,2026-04-30 15:43:38
259,new,Chevrolet Lanos 2017,2017,0 KM,Manual,Gas,"380,000 EGP",,Chevrolet,Lanos,https://eg.hatla2ee.com/en/new-car/chevrolet/lanos2/208/7200546,https://legion-images.hatla2ee.com/listing_image/8a3e33b7-29c5-4b85-a72b-f97cb7c33fea/medium.jpg,2026-04-30 15:43:50
259,new,Porsche Cayenne S 2025,2025,0 KM,Automatic,Gas,"12,500,000 EGP",,Porsche,Cayenne S,https://eg.hatla2ee.com/en/new-car/porsche/cayenne-s/unit/7135782,https://legion-images.hatla2ee.com/listing_image/3f405351-470a-4d50-91c6-82721304c402/medium.jpg,2026-04-30 15:43:51
259,new,Mercedes CLA 200 2026,2026,0 KM,Automatic,Gas,"3,000,000 EGP",,Mercedes,CLA 200,https://eg.hatla2ee.com/en/new-car/mercedes/cla-200/unit/7200508,https://legion-images.hatla2ee.com/listing_image/9e291b92-26e2-46bd-89f6-4a4c8e76dc57/medium.jpg,2026-04-30 15:43:52
260,new,Mercedes 200 2026,2026,0 KM,Automatic,Gas,"3,000,000 EGP",,Mercedes,200,https://eg.hatla2ee.com/en/new-car/mercedes/200/unit/7200332,https://legion-images.hatla2ee.com/listing_image/15644fe7-8cf2-4308-bc6f-7e6ce950052a/medium.jpg,2026-04-30 15:44:08
261,new,Hyundai I30 2025,2025,0 KM,Automatic,Gas,"1,150,000 EGP",,Hyundai,I30,https://eg.hatla2ee.com/en/new-car/hyundai/i30/unit/7200433,https://legion-images.hatla2ee.com/listing_image/33d4244f-4faa-4cc8-bf4e-7a8f00441002/medium.jpg,2026-04-30 15:44:28
261,new,Hyundai Tucson GDI 2026,2026,0 KM,Automatic,Gas,"1,675,000 EGP",,Hyundai,Tucson GDI,https://eg.hatla2ee.com/en/new-car/hyundai/Tucson-GDI/unit/7200432,https://legion-images.hatla2ee.com/listing_image/419dba14-14ef-46b0-97d5-d42bbe602c77/medium.jpg,2026-04-30 15:44:28
261,new,Hyundai Elantra 2026,2026,0 KM,Automatic,Gas,"999,000 EGP",,Hyundai,Elantra,https://eg.hatla2ee.com/en/new-car/hyundai/elantra/unit/7141064,https://legion-images.hatla2ee.com/listing_image/ab4403d8-bbf4-4bd8-bab7-4e9db9a0965f/medium.jpg,2026-04-30 15:44:28
262,new,Changan UNI-T 2026,2026,0 KM,Automatic,Gas,"1,480,000 EGP",,Changan,UNI-T,https://eg.hatla2ee.com/en/new-car/changan/uni-t/unit/7200427,https://legion-images.hatla2ee.com/listing_image/2405e330-d1c5-41d1-a131-dd39ebcca067/medium.jpg,2026-04-30 15:44:38
262,new,Chery Arrizo 6 2026,2026,0 KM,Automatic,Gas,"989,000 EGP",,Chery,Arrizo 6,https://eg.hatla2ee.com/en/new-car/chery/Arrizo-6/unit/7200422,https://legion-images.hatla2ee.com/listing_image/a6061b8a-c777-473b-9336-a12f5516a568/medium.jpg,2026-04-30 15:44:40
262,new,Chery Tiggo 8 2025,2025,0 KM,Automatic,Gas,"1,365,000 EGP",,Chery,Tiggo 8,https://eg.hatla2ee.com/en/new-car/chery/Tiggo-8/unit/7200421,https://legion-images.hatla2ee.com/listing_image/937370f8-de05-40c5-91ad-fbe65d5ecf5d/medium.jpg,2026-04-30 15:44:41
262,new,Chery Tiggo 7 2026,2026,0 KM,Automatic,Gas,"1,000,000 EGP",,Chery,Tiggo 7,https://eg.hatla2ee.com/en/new-car/chery/Tiggo-7/unit/42650,https://legion-images.hatla2ee.com/listing_image/0392d825-93ff-44a9-9633-3b7b391bf163/medium.jpg,2026-04-30 15:44:41
262,new,Chery Tiggo 4 Pro 2026,2026,0 KM,Automatic,Gas,"950,000 EGP",,Chery,Tiggo 4 Pro,https://eg.hatla2ee.com/en/new-car/chery/Tiggo-4-Pro/unit/42652,https://legion-images.hatla2ee.com/listing_image/b20c191c-a94c-42c6-b755-c95d5bc5e8bf/medium.jpg,2026-04-30 15:44:42
262,new,Chery Arrizo 5 pro 2026,2026,0 KM,Automatic,Gas,"805,000 EGP",,Chery,Arrizo 5 pro,https://eg.hatla2ee.com/en/new-car/chery/Arrizo-5-pro/unit/42639,https://legion-images.hatla2ee.com/listing_image/344a1cfd-447d-4033-b94c-3b8e23fa4215/medium.jpg,2026-04-30 15:44:42
262,new,Chery Tiggo 8 2026,2026,0 KM,Automatic,Gas,"1,155,000 EGP",,Chery,Tiggo 8,https://eg.hatla2ee.com/en/new-car/chery/Tiggo-8/unit/42640,https://legion-images.hatla2ee.com/listing_image/66f529c7-5374-416b-9771-3179b958657f/medium.jpg,2026-04-30 15:44:43
262,new,Chery Tiggo 7 pro max 2026,2026,0 KM,Automatic,Gas,"1,110,000 EGP",,Chery,Tiggo 7 pro max,https://eg.hatla2ee.com/en/new-car/chery/Tiggo-7-pro-max/unit/42651,https://legion-images.hatla2ee.com/listing_image/e1fce510-d710-45d2-9185-180fccb069ed/medium.jpg,2026-04-30 15:44:43
262,new,Renault Megane 2026,2026,0 KM,Automatic,Gas,"1,170,000 EGP",,Renault,Megane,https://eg.hatla2ee.com/en/new-car/renault/megane/unit/42648,https://legion-images.hatla2ee.com/listing_image/3816f25d-1c49-4d8e-820a-f9b16a62ed71/medium.jpg,2026-04-30 15:44:43
262,new,Peugeot 2008 2025,2025,0 KM,Automatic,Gas,"1,499,990 EGP",,Peugeot,2008,https://eg.hatla2ee.com/en/new-car/peugeot/2008/unit/7200416,https://legion-images.hatla2ee.com/listing_image/d9370e47-66ee-4645-99bf-f1153feae0db/medium.jpg,2026-04-30 15:44:44
262,new,Peugeot 5008 2026,2026,0 KM,Automatic,Gas,"2,274,990 EGP",,Peugeot,5008,https://eg.hatla2ee.com/en/new-car/peugeot/5008/unit/7200414,https://legion-images.hatla2ee.com/listing_image/952a32b7-c3dc-45fd-aadd-d1e638c49f1f/medium.jpg,2026-04-30 15:44:44
262,new,MG HS 2024,2024,0 KM,Automatic,Gas,"975,000 EGP",,MG,HS,https://eg.hatla2ee.com/en/new-car/moris-garage/MG-HS/unit/7200415,https://legion-images.hatla2ee.com/listing_image/97ffcb58-0f6e-4f94-83a2-674b7219a557/medium.jpg,2026-04-30 15:44:44
262,new,Mercedes CLA 200 2026,2026,0 KM,Automatic,Gas,"4,200,000 EGP",,Mercedes,CLA 200,https://eg.hatla2ee.com/en/new-car/mercedes/cla-200/unit/7200413,https://legion-images.hatla2ee.com/listing_image/e310c877-ab2c-48e6-af2c-a9b04382d644/medium.jpg,2026-04-30 15:44:45
262,new,Avatr 12 2026,2026,0 KM,Automatic,Electric,"3,050,000 EGP",,Avatr,12,https://eg.hatla2ee.com/en/new-car/avatr/avatr-12/unit/7200408,https://legion-images.hatla2ee.com/listing_image/9e787fb8-2888-4517-af46-b14265d1b913/medium.jpg,2026-04-30 15:44:46
262,new,Mercedes GLC 300 2026,2026,0 KM,Automatic,Gas,"6,275,000 EGP",,Mercedes,GLC 300,https://eg.hatla2ee.com/en/new-car/mercedes/glc-300/unit/7200407,https://legion-images.hatla2ee.com/listing_image/aac59e45-53ff-4fd2-addc-af58b4331281/medium.jpg,2026-04-30 15:44:46
263,new,Kaiyi X3 Pro 2026,2026,0 KM,Automatic,Gas,"960,000 EGP",,Kaiyi,X3 Pro,https://eg.hatla2ee.com/en/new-car/Kaiyi/KAIYI-X3-PRO/unit/7200405,https://legion-images.hatla2ee.com/listing_image/f8424599-af67-4ccb-afec-71448917dc8a/medium.jpg,2026-04-30 15:44:55
263,new,Kaiyi X7 2026,2026,0 KM,Automatic,Gas,"1,445,000 EGP",,Kaiyi,X7,https://eg.hatla2ee.com/en/new-car/Kaiyi/Kaiyi-X7/unit/7200402,https://legion-images.hatla2ee.com/listing_image/c3051933-4307-48d3-a10f-7c718e04cab4/medium.jpg,2026-04-30 15:44:55
263,new,Xiaomi Yu7 2025,2025,0 KM,Automatic,Electric,"3,790,000 EGP",,Xiaomi,Yu7,https://eg.hatla2ee.com/en/new-car/xiaomi/xiaomi-yu7/unit/7200401,https://legion-images.hatla2ee.com/listing_image/b258d6f0-aa75-42c1-9875-54844aa58bb1/medium.jpg,2026-04-30 15:44:56
263,new,Fiat 500 X 2026,2026,0 KM,Automatic,Gas,"955,000 EGP",,Fiat,500 X,https://eg.hatla2ee.com/en/new-car/fiat/500X/unit/43726,https://legion-images.hatla2ee.com/listing_image/d47650f1-f7ec-4d8d-8d47-4632cb4e6c72/medium.jpg,2026-04-30 15:44:57
263,new,Seat Leon 2026,2026,0 KM,Automatic,Gas,"1,675,000 EGP",,Seat,Leon,https://eg.hatla2ee.com/en/new-car/seat/leon/unit/7195739,https://legion-images.hatla2ee.com/listing_image/912be2b7-17a3-4610-a195-1d2c4f5b50bb/medium.jpg,2026-04-30 15:44:57
263,new,Kia Seltos 2025,2025,0 KM,Automatic,Gas,"1,349,900 EGP",,Kia,Seltos,https://eg.hatla2ee.com/en/new-car/kia/Seltos/unit/7200395,https://legion-images.hatla2ee.com/listing_image/7c99a597-4d80-4af5-a8bf-37891a3b94bc/medium.jpg,2026-04-30 15:44:58
263,new,Kia Sorento 2025,2025,0 KM,Automatic,Gas,"3,549,900 EGP",,Kia,Sorento,https://eg.hatla2ee.com/en/new-car/kia/sorento/unit/7200393,https://legion-images.hatla2ee.com/listing_image/0163307a-d64e-4a0a-833d-2d1454007d4b/medium.jpg,2026-04-30 15:44:59
263,new,MG 5 2025,2025,0 KM,Automatic,Gas,"1,035,000 EGP",,MG,5,https://eg.hatla2ee.com/en/new-car/moris-garage/mg-5/unit/7200392,https://legion-images.hatla2ee.com/listing_image/c74a0978-dc96-4d5e-9146-79767411fe1b/medium.jpg,2026-04-30 15:44:59
263,new,Kia K4 2026,2026,0 KM,Automatic,Gas,"1,499,900 EGP",,Kia,K4,https://eg.hatla2ee.com/en/new-car/kia/KIA-K4/unit/7200391,https://legion-images.hatla2ee.com/listing_image/817ed4e8-126e-48dc-ad54-2f45056761f5/medium.jpg,2026-04-30 15:45:00
263,new,Nissan XTrail 2026,2026,0 KM,Automatic,Gas,"2,200,000 EGP",,Nissan,XTrail,https://eg.hatla2ee.com/en/new-car/nissan/x-Trail/unit/7200390,https://legion-images.hatla2ee.com/listing_image/33284716-d473-41a6-b5bc-2fc0ce5211e0/medium.jpg,2026-04-30 15:45:00
263,new,Cupra Leon 2026,2026,0 KM,Automatic,Gas,"1,949,000 EGP",,Cupra,Leon,https://eg.hatla2ee.com/en/new-car/cupra/leon-cupra/unit/7200385,https://legion-images.hatla2ee.com/listing_image/82843359-11b5-4734-b086-ff0d1ee9ded9/medium.jpg,2026-04-30 15:45:01
263,new,Volkswagen Tiguan 2025,2025,0 KM,Automatic,Gas,"2,600,000 EGP",,Volkswagen,Tiguan,https://eg.hatla2ee.com/en/new-car/volks-wagen/tiguan/unit/7200384,https://legion-images.hatla2ee.com/listing_image/28dbb19b-95a7-41f2-a6ce-b39140a0255f/medium.jpg,2026-04-30 15:45:01
263,new,Seat Arona 2026,2026,0 KM,Automatic,Gas,"1,339,000 EGP",,Seat,Arona,https://eg.hatla2ee.com/en/new-car/seat/arona/unit/7200382,https://legion-images.hatla2ee.com/listing_image/4823deac-4e95-44ff-a0ed-15dfc715b4c1/medium.jpg,2026-04-30 15:45:02
263,new,Seat Leon 2026,2026,0 KM,Automatic,Gas,"1,599,000 EGP",,Seat,Leon,https://eg.hatla2ee.com/en/new-car/seat/leon/unit/7200379,https://legion-images.hatla2ee.com/listing_image/c25eb2f9-29b7-4ada-8719-b4043c6fd70f/medium.jpg,2026-04-30 15:45:03
263,new,Seat Ibiza 2026,2026,0 KM,Automatic,Gas,"1,119,000 EGP",,Seat,Ibiza,https://eg.hatla2ee.com/en/new-car/seat/ibiza/unit/7200374,https://legion-images.hatla2ee.com/listing_image/92e6da3a-4ac3-48ad-a1a0-a02cb3af06e2/medium.jpg,2026-04-30 15:45:03
263,new,Seat Ateca 2026,2026,0 KM,Automatic,Gas,"1,849,000 EGP",,Seat,Ateca,https://eg.hatla2ee.com/en/new-car/seat/Ateca/unit/7164251,https://legion-images.hatla2ee.com/listing_image/0e7e6074-418e-4fef-b990-57ff8b844f0d/medium.jpg,2026-04-30 15:45:04
263,new,Chevrolet Optra 2026,2026,0 KM,Automatic,Gas,"789,900 EGP",,Chevrolet,Optra,https://eg.hatla2ee.com/en/new-car/chevrolet/optra/unit/7141102,https://legion-images.hatla2ee.com/listing_image/fd5855c5-1ed2-4261-a1cb-4c1ce48f5855/medium.jpg,2026-04-30 15:45:04
264,new,Mercedes E 200 2025,2025,0 KM,Automatic,Gas,"5,500,000 EGP",,Mercedes,E 200,https://eg.hatla2ee.com/en/new-car/mercedes/e-200/unit/7200362,https://legion-images.hatla2ee.com/listing_image/21752f35-726f-4ffd-8493-2fac2db70d2f/medium.jpg,2026-04-30 15:45:15
264,new,BMW 520 2026,2026,0 KM,Automatic,Gas,"4,750,000 EGP",,BMW,520,https://eg.hatla2ee.com/en/new-car/bmw/520/unit/7200360,https://legion-images.hatla2ee.com/listing_image/60bb7728-bbdb-4c0a-a4c6-441cf2366697/medium.jpg,2026-04-30 15:45:16
264,new,Peugeot 5008 2026,2026,0 KM,Automatic,Gas,"2,575,000 EGP",,Peugeot,5008,https://eg.hatla2ee.com/en/new-car/peugeot/5008/unit/7200049,https://legion-images.hatla2ee.com/listing_image/909490dc-dc33-4186-a90a-3391af2e88e6/medium.jpg,2026-04-30 15:45:17
264,new,Mercedes SLK 55 AMG 2024,2024,0 KM,Automatic,Gas,"11,250,000 EGP",,Mercedes,SLK 55 AMG,https://eg.hatla2ee.com/en/new-car/mercedes/SLK-55-AMG/unit/7197152,https://legion-images.hatla2ee.com/listing_image/2ca9619b-ba32-4b3d-a703-953f1e9a0522/medium.jpg,2026-04-30 15:45:21
265,new,Land Rover Range Rover 2025,2025,0 KM,Automatic,Gas,"4,250,000 EGP",,Land Rover,Range Rover,https://eg.hatla2ee.com/en/new-car/land-rover/range-rover/unit/7196865,https://legion-images.hatla2ee.com/original_image/land-rover/thumbnail.png,2026-04-30 15:45:35
265,new,Seat Ibiza 2026,2026,0 KM,Automatic,Gas,"1,510,000 EGP",,Seat,Ibiza,https://eg.hatla2ee.com/en/new-car/seat/ibiza/unit/7188078,https://legion-images.hatla2ee.com/listing_image/f2ad8313-cd2a-4bfc-b832-9af994c17011/medium.jpg,2026-04-30 15:45:40
267,new,MG 5 2026,2026,0 KM,Automatic,Gas,"1,090,000 EGP",,MG,5,https://eg.hatla2ee.com/en/new-car/moris-garage/mg-5/unit/7193574,https://legion-images.hatla2ee.com/listing_image/08fdea35-d96f-4682-9c30-6eb33f0e779e/medium.jpg,2026-04-30 15:46:10
267,new,Skoda Kodiaq 2026,2026,0 KM,Automatic,Gas,"2,575,000 EGP",,Skoda,Kodiaq,https://eg.hatla2ee.com/en/new-car/skoda/kodiaq/unit/7200357,https://legion-images.hatla2ee.com/listing_image/42eb089c-6175-4e93-a0d2-000546452ed8/medium.jpg,2026-04-30 15:46:19
268,new,Fiat 128 1998,1998,0 KM,Manual,Natural Gas,"70,000 EGP",,Fiat,128,https://eg.hatla2ee.com/en/new-car/fiat/128/unit/7200108,https://legion-images.hatla2ee.com/listing_image/1c2b9af7-20b3-452d-8e41-826664d5ce9f/medium.jpg,2026-04-30 15:46:36
268,new,BMW M4 2026,2026,0 KM,Automatic,Gas,"9,500,000 EGP",,BMW,M4,https://eg.hatla2ee.com/en/new-car/bmw/M4/unit/7190269,https://legion-images.hatla2ee.com/listing_image/3b16f163-1254-42db-9378-ed5f1223019f/medium.jpg,2026-04-30 15:46:37
268,new,MG 5 2026,2026,0 KM,Automatic,Gas,"1,160,000 EGP",,MG,5,https://eg.hatla2ee.com/en/new-car/moris-garage/mg-5/unit/7200099,https://legion-images.hatla2ee.com/listing_image/93c8b82f-a3ed-45a2-8626-06eb876ed0a9/medium.jpg,2026-04-30 15:46:38
269,new,Cupra Terramar 2025,2025,0 KM,Automatic,Gas,"2,350,000 EGP",,Cupra,Terramar,https://eg.hatla2ee.com/en/new-car/cupra/Terramar/unit/7200087,https://legion-images.hatla2ee.com/listing_image/8974b853-9328-44c7-adff-356b8ca3180b/medium.jpg,2026-04-30 15:46:49
269,new,Xiaomi Yu7 2025,2025,0 KM,Automatic,Electric,"4,050,000 EGP",,Xiaomi,Yu7,https://eg.hatla2ee.com/en/new-car/xiaomi/xiaomi-yu7/unit/7200082,https://legion-images.hatla2ee.com/listing_image/05a48265-402b-425c-a7a4-ad24942d0cb7/medium.jpg,2026-04-30 15:46:50
269,new,Volkswagen Tayron 2026,2026,0 KM,Automatic,Gas,"2,890,000 EGP",,Volkswagen,Tayron,https://eg.hatla2ee.com/en/new-car/volks-wagen/tayron/unit/7200071,https://legion-images.hatla2ee.com/listing_image/70f21323-8365-459d-a37f-ca144cfbea82/medium.jpg,2026-04-30 15:46:51
269,new,Chevrolet Optra 2026,2026,0 KM,Automatic,Gas,"770,000 EGP",,Chevrolet,Optra,https://eg.hatla2ee.com/en/new-car/chevrolet/optra/unit/7200070,https://legion-images.hatla2ee.com/listing_image/bc6b244b-584d-4b1b-b9a1-7e1729cc3971/medium.jpg,2026-04-30 15:46:51
269,new,Mercedes C 200 2026,2026,0 KM,Automatic,Gas,"4,200,000 EGP",,Mercedes,C 200,https://eg.hatla2ee.com/en/new-car/mercedes/c-200/unit/7200065,https://legion-images.hatla2ee.com/listing_image/99537f75-9457-45d9-a2c3-4f60149711d1/medium.jpg,2026-04-30 15:46:53
269,new,BMW X4 2025,2025,0 KM,Automatic,Gas,"4,750,000 EGP",,BMW,X4,https://eg.hatla2ee.com/en/new-car/bmw/x4/unit/7200062,https://legion-images.hatla2ee.com/listing_image/31113b05-7a0f-463e-9735-6820a39ee66f/medium.jpg,2026-04-30 15:46:53
269,new,Nissan Qashqai 2025,2025,0 KM,Automatic,Gas,"1,730,000 EGP",,Nissan,Qashqai,https://eg.hatla2ee.com/en/new-car/nissan/qashqai/unit/7200058,https://legion-images.hatla2ee.com/listing_image/34ab6c89-0053-4307-a164-78c2d7b40522/medium.jpg,2026-04-30 15:46:54
269,new,Citroën C5 Aircross 2026,2026,0 KM,Automatic,Gas,"1,860,000 EGP",,Citroën,C5 Aircross,https://eg.hatla2ee.com/en/new-car/citroen/C5-Aircross/unit/7200054,https://legion-images.hatla2ee.com/listing_image/c112a435-a857-40e6-b19f-7d25caf82cb2/medium.jpg,2026-04-30 15:46:54
269,new,Land Rover Discovery 2025,2025,0 KM,Automatic,Hybrid,"5,600,000 EGP",,Land Rover,Discovery,https://eg.hatla2ee.com/en/new-car/land-rover/discovery/unit/7200052,https://legion-images.hatla2ee.com/listing_image/5744b067-aaaa-4d63-a8b9-93748bb980ce/medium.jpg,2026-04-30 15:46:55
269,new,BMW 520 2026,2026,0 KM,Automatic,Gas,"4,750,000 EGP",,BMW,520,https://eg.hatla2ee.com/en/new-car/bmw/520/unit/7200050,https://legion-images.hatla2ee.com/listing_image/e65e4d18-f8e3-4e85-8cb7-e717bbc687b7/medium.jpg,2026-04-30 15:46:55
269,new,BMW X5 2025,2025,0 KM,Automatic,Gas,"8,200,000 EGP",,BMW,X5,https://eg.hatla2ee.com/en/new-car/bmw/x5/unit/7200047,https://legion-images.hatla2ee.com/listing_image/3ff93a06-7fb5-403f-b7eb-7d86ad59801e/medium.jpg,2026-04-30 15:46:56
270,new,Chery Tiggo 7 pro max 2026,2026,0 KM,Automatic,Gas,"1,300,000 EGP",,Chery,Tiggo 7 pro max,https://eg.hatla2ee.com/en/new-car/chery/Tiggo-7-pro-max/unit/7200042,https://legion-images.hatla2ee.com/listing_image/922d2033-34b6-4517-8164-b1de0b10fce6/medium.jpg,2026-04-30 15:47:04
270,new,Peugeot 3008 2026,2026,0 KM,Automatic,Gas,"2,400,000 EGP",,Peugeot,3008,https://eg.hatla2ee.com/en/new-car/peugeot/3008/unit/7200031,https://legion-images.hatla2ee.com/listing_image/cdb7ec5c-916a-41c8-a54b-2f96295b6b76/medium.jpg,2026-04-30 15:47:07
270,new,Mercedes CLA 200 2026,2026,0 KM,Automatic,Gas,"3,950,000 EGP",,Mercedes,CLA 200,https://eg.hatla2ee.com/en/new-car/mercedes/cla-200/unit/7185650,https://legion-images.hatla2ee.com/listing_image/1092ed05-0bb9-4965-9ce2-aff0a169f22e/medium.jpg,2026-04-30 15:47:08
270,new,Avatr 12 2025,2025,0 KM,Automatic,Electric,"2,925,000 EGP",,Avatr,12,https://eg.hatla2ee.com/en/new-car/avatr/avatr-12/unit/7161429,https://legion-images.hatla2ee.com/listing_image/ed9d87ed-7c1f-4e28-bf69-60ddc6eca827/medium.jpg,2026-04-30 15:47:08
270,new,Volkswagen Tayron 2026,2026,0 KM,Automatic,Gas,"2,900,000 EGP",,Volkswagen,Tayron,https://eg.hatla2ee.com/en/new-car/volks-wagen/tayron/unit/7185572,https://legion-images.hatla2ee.com/listing_image/51ab2ea5-4ad0-4d82-83dc-66271fd6b542/medium.jpg,2026-04-30 15:47:09
270,new,Byd Seagull 2025,2025,0 KM,Automatic,Electric,"960,000 EGP",,Byd,Seagull,https://eg.hatla2ee.com/en/new-car/byd/Seagull/unit/7200017,https://legion-images.hatla2ee.com/listing_image/c5452127-834e-4a70-bf3c-ddbe236e525f/medium.jpg,2026-04-30 15:47:10
270,new,Zeekr 001 2025,2025,0 KM,Automatic,Electric,"2,750,000 EGP",,Zeekr,001,https://eg.hatla2ee.com/en/new-car/zeekr/001/unit/7200015,https://legion-images.hatla2ee.com/listing_image/78592a07-7d7e-407a-a1f5-7d0da2a7d264/medium.jpg,2026-04-30 15:47:11
270,new,Changan UNI-V 2026,2026,0 KM,Automatic,Gas,"1,300,000 EGP",,Changan,UNI-V,https://eg.hatla2ee.com/en/new-car/changan/UNI-V/unit/7143353,https://legion-images.hatla2ee.com/listing_image/47f76caf-32d2-4153-b55a-79eebe5f5f67/medium.jpg,2026-04-30 15:47:11
270,new,Skoda Superb 2025,2025,0 KM,Automatic,Gas,"2,150,000 EGP",,Skoda,Superb,https://eg.hatla2ee.com/en/new-car/skoda/superb/unit/7200012,https://legion-images.hatla2ee.com/listing_image/f058030a-2ce7-4e8f-8817-4243ef7c7052/medium.jpg,2026-04-30 15:47:12
270,new,MG Rx5 2026,2026,0 KM,Automatic,Gas,"1,600,000 EGP",,MG,Rx5,https://eg.hatla2ee.com/en/new-car/moris-garage/Rx5/unit/7200011,https://legion-images.hatla2ee.com/listing_image/78ad8992-7703-4d18-a6ae-f270c1ffdfb6/medium.jpg,2026-04-30 15:47:12
270,new,MG 5 2025,2025,0 KM,Automatic,Gas,"1,150,000 EGP",,MG,5,https://eg.hatla2ee.com/en/new-car/moris-garage/mg-5/unit/7172309,https://legion-images.hatla2ee.com/listing_image/e83b193c-c58c-4b65-a319-0d30145a2d52/medium.jpg,2026-04-30 15:47:13
271,new,MG One 2026,2026,0 KM,Automatic,Gas,"1,530,000 EGP",,MG,One,https://eg.hatla2ee.com/en/new-car/moris-garage/MG+One/unit/7199995,https://legion-images.hatla2ee.com/listing_image/51375550-2f54-4b22-8a2b-e53788b3a785/medium.jpg,2026-04-30 15:47:23
271,new,Nissan Juke 2026,2026,0 KM,Automatic,Gas,"1,095,000 EGP",,Nissan,Juke,https://eg.hatla2ee.com/en/new-car/nissan/juke/unit/7199982,https://legion-images.hatla2ee.com/listing_image/a833ee1f-01f2-43cd-af4a-1d3097cb6b9b/medium.jpg,2026-04-30 15:47:27
271,new,Haval Jolion Pro 2026,2026,0 KM,Automatic,Gas,"1,209,000 EGP",,Haval,Jolion Pro,https://eg.hatla2ee.com/en/new-car/haval/Jolion-Pro/unit/7145291,https://legion-images.hatla2ee.com/listing_image/d9c2614d-a41b-4a85-a4e3-e5b06a4e1b46/medium.png,2026-04-30 15:47:28
271,new,Haval H6 2026,2026,0 KM,Automatic,Gas,"1,375,000 EGP",,Haval,H6,https://eg.hatla2ee.com/en/new-car/haval/haval-h6/unit/7145294,https://legion-images.hatla2ee.com/listing_image/34969b4d-b34f-4023-b3d4-50d4fa75ad95/medium.png,2026-04-30 15:47:28
271,new,Haval H7 2026,2026,0 KM,Automatic,Gas,"1,760,000 EGP",,Haval,H7,https://eg.hatla2ee.com/en/new-car/haval/haval-H7/unit/7145295,https://legion-images.hatla2ee.com/listing_image/3332e2d2-4867-4d78-bee7-81e21a08770b/medium.jpg,2026-04-30 15:47:29
271,new,Toyota Corolla 2026,2026,0 KM,Automatic,Gas,"1,280,000 EGP",,Toyota,Corolla,https://eg.hatla2ee.com/en/new-car/toyota/corolla/unit/42561,https://legion-images.hatla2ee.com/listing_image/43100bcc-c52f-48ad-82a1-d96278a7b443/medium.jpg,2026-04-30 15:47:29
271,new,Toyota Urban Cruiser 2026,2026,0 KM,Automatic,Gas,"1,430,000 EGP",,Toyota,Urban Cruiser,https://eg.hatla2ee.com/en/new-car/toyota/Urban-Cruiser/unit/44039,https://legion-images.hatla2ee.com/listing_image/03c5498c-9dff-4948-94e0-f17366480b48/medium.jpg,2026-04-30 15:47:30
272,new,Renault Taliant 2026,2026,0 KM,Automatic,Gas,"899,999 EGP",,Renault,Taliant,https://eg.hatla2ee.com/en/new-car/renault/Taliant/unit/7200105,https://legion-images.hatla2ee.com/listing_image/f75d2a13-96e2-4c20-9862-fbd79a36ee84/medium.jpg,2026-04-30 15:47:44
274,new,Mercedes 200 2025,2025,0 KM,Automatic,Electric,"5,400,000 EGP",,Mercedes,200,https://eg.hatla2ee.com/en/new-car/mercedes/200/unit/7196472,https://legion-images.hatla2ee.com/listing_image/437955f6-ab1a-4d5a-9014-245d66381114/medium.jpg,2026-04-30 15:48:21
274,new,Kia K3 2015,2015,0 KM,Automatic,Gas,"1,450,000 EGP",,Kia K3,Imported,https://eg.hatla2ee.com/en/new-car/imported/kia/K3/7199832,https://legion-images.hatla2ee.com/listing_image/700a7870-b815-47fa-b143-339fca5c66e5/medium.jpg,2026-04-30 15:48:22
275,new,Byd Tang L 2025,2025,0 KM,Automatic,Electric,"2,650,000 EGP",,Byd,Tang L,https://eg.hatla2ee.com/en/new-car/byd/byd-tang-l/unit/7157306,https://legion-images.hatla2ee.com/listing_image/b9134257-0416-475d-9dec-e2c2a4452d78/medium.jpg,2026-04-30 15:48:35
275,new,Byd Tang L 2025,2025,0 KM,Automatic,Electric,"2,650,000 EGP",,Byd,Tang L,https://eg.hatla2ee.com/en/new-car/byd/byd-tang-l/unit/7157297,https://legion-images.hatla2ee.com/listing_image/f92f937b-223b-4f14-8206-65b582a330df/medium.jpg,2026-04-30 15:48:36
275,new,Byd Sealion 6 2025,2025,0 KM,Automatic,Electric,"1,950,000 EGP",,Byd,Sealion 6,https://eg.hatla2ee.com/en/new-car/byd/sealion-6/unit/43393,https://legion-images.hatla2ee.com/listing_image/8939547b-5993-44d3-9c8a-80a136c11785/medium.jpg,2026-04-30 15:48:36
275,new,Geely City Ray 2026,2026,0 KM,Automatic,Gas,"1,249,000 EGP",,Geely,City Ray,https://eg.hatla2ee.com/en/new-car/geely/City-Ray/unit/7199770,https://legion-images.hatla2ee.com/listing_image/b7616d57-6520-465b-a8a0-8dcc97166e27/medium.jpg,2026-04-30 15:48:39
275,new,Geely Starray 2026,2026,0 KM,Automatic,Gas,"1,299,000 EGP",,Geely,Starray,https://eg.hatla2ee.com/en/new-car/geely/Starray/unit/7199769,https://legion-images.hatla2ee.com/listing_image/8b2fd75d-856a-4bdf-947f-10011306f89b/medium.jpg,2026-04-30 15:48:39
275,new,Mercedes E 200 2025,2025,0 KM,Automatic,Gas,"5,400,000 EGP",,Mercedes,E 200,https://eg.hatla2ee.com/en/new-car/mercedes/e-200/unit/7199694,https://legion-images.hatla2ee.com/listing_image/5d8bd1ed-67d4-45c1-add5-5d2cf5240edb/medium.jpg,2026-04-30 15:48:40
275,new,Mercedes E 200 2026,2026,0 KM,Automatic,Gas,"6,100,000 EGP",,Mercedes,E 200,https://eg.hatla2ee.com/en/new-car/mercedes/e-200/unit/7181982,https://legion-images.hatla2ee.com/listing_image/0a592b81-5f12-4641-8e3f-f5e5b9ef5911/medium.jpg,2026-04-30 15:48:41
275,new,Mercedes GLC 300 2026,2026,0 KM,Automatic,Gas,"6,050,000 EGP",,Mercedes,GLC 300,https://eg.hatla2ee.com/en/new-car/mercedes/glc-300/unit/7181975,https://legion-images.hatla2ee.com/listing_image/c3937ffe-b887-4854-871f-45d0763aff4f/medium.jpg,2026-04-30 15:48:42
275,new,Mercedes C 180 2025,2025,0 KM,Automatic,Gas,"3,700,000 EGP",,Mercedes,C 180,https://eg.hatla2ee.com/en/new-car/mercedes/c-180/unit/7199748,https://legion-images.hatla2ee.com/listing_image/ad64f004-28c9-462c-a20b-4c3ab0f4fae6/medium.jpg,2026-04-30 15:48:42
275,new,Haval H6 GT 2026,2026,0 KM,Automatic,Gas,"1,375,000 EGP",,Haval,H6 GT,https://eg.hatla2ee.com/en/new-car/haval/H6-GT/unit/7175010,https://legion-images.hatla2ee.com/listing_image/266bdf24-c307-4f6e-b173-011bccceac0d/medium.jpg,2026-04-30 15:48:43
276,new,MG ZS 2026,2026,0 KM,Automatic,Gas,"1,175,000 EGP",,MG,ZS,https://eg.hatla2ee.com/en/new-car/moris-garage/zs/unit/7167641,https://legion-images.hatla2ee.com/listing_image/e9e7c7a0-730b-4d09-9794-5f18cf4e301e/medium.jpg,2026-04-30 15:48:51
276,new,Forthing T5 evo 2026,2026,0 KM,Automatic,Electric,"1,450,000 EGP",,Forthing,T5 evo,https://eg.hatla2ee.com/en/new-car/forthing/T5+evo/unit/7164677,https://legion-images.hatla2ee.com/listing_image/cfc31304-62d9-4c6b-9d84-8d2f8c83a3b3/medium.jpg,2026-04-30 15:48:56
276,new,Peugeot 408 2026,2026,0 KM,Automatic,Gas,"2,280,000 EGP",,Peugeot,408,https://eg.hatla2ee.com/en/new-car/peugeot/408/unit/7199702,https://legion-images.hatla2ee.com/listing_image/b7d0beb8-6e32-4e59-8ace-0eb56e8fd8ea/medium.jpg,2026-04-30 15:49:00
277,new,Xiaomi Yu7 2025,2025,0 KM,Automatic,Electric,"3,720,000 EGP",,Xiaomi Yu7,Imported,https://eg.hatla2ee.com/en/new-car/imported/xiaomi/xiaomi-yu7/7192895,https://legion-images.hatla2ee.com/listing_image/6a42f917-de51-45b6-a504-b26cb33d28cf/medium.jpg,2026-04-30 15:49:12
277,new,Mercedes C 200 2025,2025,0 KM,Automatic,Gas,"4,250,000 EGP",,Mercedes,C 200,https://eg.hatla2ee.com/en/new-car/mercedes/c-200/unit/7155234,https://legion-images.hatla2ee.com/listing_image/4c17532b-6282-477c-8b46-90d5e3fc59b8/medium.jpg,2026-04-30 15:49:14
277,new,Volkswagen ID 4 2024,2024,0 KM,Automatic,Electric,"1,900,000 EGP",,Volkswagen ID 4,Imported,https://eg.hatla2ee.com/en/new-car/imported/volks-wagen/ID-4/7192898,https://legion-images.hatla2ee.com/listing_image/0747b73f-dae4-43cb-90bc-68deb42a8efb/medium.jpg,2026-04-30 15:49:15
277,new,Audi E-Tron 2024,2024,0 KM,Automatic,Electric,"2,260,000 EGP",,Audi E-Tron,Imported,https://eg.hatla2ee.com/en/new-car/imported/audi/E-Tron/7192907,https://legion-images.hatla2ee.com/listing_image/1b6e6550-28cf-45fd-9607-2ed58099fb22/medium.jpg,2026-04-30 15:49:15
278,new,Chevrolet Optra 2026,2026,0 KM,Automatic,Gas,"769,900 EGP",,Chevrolet,Optra,https://eg.hatla2ee.com/en/new-car/chevrolet/optra/unit/7142044,https://legion-images.hatla2ee.com/listing_image/dae5f0f1-dba9-42d4-89bc-c18ce268558a/medium.jpg,2026-04-30 15:49:29
278,new,Jetour T2 2026,2026,0 KM,Automatic,Gas,"2,150,000 EGP",,Jetour,T2,https://eg.hatla2ee.com/en/new-car/jetour/T2/unit/7199665,https://legion-images.hatla2ee.com/listing_image/996f91a2-5545-4d04-8569-12e4c7744975/medium.jpg,2026-04-30 15:49:31
278,new,Dongfeng Other 2026,2026,0 KM,Manual,Diesel,"945,000 EGP",,Dongfeng,Other,https://eg.hatla2ee.com/en/new-car/dfm/other-dongfeng/unit/7198785,https://legion-images.hatla2ee.com/listing_image/1d7176c2-a243-48e8-9cf7-6bd159ce45bb/medium.jpg,2026-04-30 15:49:35
278,new,Volkswagen Touareg 2026,2026,0 KM,Automatic,Gas,"4,600,000 EGP",,Volkswagen,Touareg,https://eg.hatla2ee.com/en/new-car/volks-wagen/touareg/unit/7198209,https://legion-images.hatla2ee.com/listing_image/c60de113-43d7-4b6a-b5d3-4c8efd0733e9/medium.jpg,2026-04-30 15:49:35
278,new,Jetour T2 2026,2026,0 KM,Automatic,Gas,"1,840,000 EGP",,Jetour,T2,https://eg.hatla2ee.com/en/new-car/jetour/T2/unit/43589,https://legion-images.hatla2ee.com/listing_image/7721a482-0441-4f18-a026-5d62178420fa/medium.jpg,2026-04-30 15:49:35
279,new,Audi A5 2025,2025,0 KM,Automatic,Gas,"3,700,000 EGP",,Audi,A5,https://eg.hatla2ee.com/en/new-car/audi/a5/unit/7199623,https://legion-images.hatla2ee.com/listing_image/2ce49d0e-43c6-4498-a103-45415345bf2b/medium.jpg,2026-04-30 15:49:48
280,new,Proton Saga 2026,2026,0 KM,Automatic,Gas,"690,000 EGP",,Proton,Saga,https://eg.hatla2ee.com/en/new-car/proton/saga/unit/7195325,https://legion-images.hatla2ee.com/listing_image/901f5a5d-6eb9-424a-8cc7-df215a3c344f/medium.jpg,2026-04-30 15:50:08
280,new,Kia Sorento 2025,2025,0 KM,Automatic,Hybrid,"3,250,000 EGP",,Kia,Sorento,https://eg.hatla2ee.com/en/new-car/kia/sorento/unit/7199543,https://legion-images.hatla2ee.com/listing_image/5adcf0be-a598-4ef4-b1fb-2eff4079724e/medium.jpg,2026-04-30 15:50:15
281,new,Ssang Yong Torres 2024,2024,0 KM,Automatic,Gas,"1,830,000 EGP",,Ssang Yong,Torres,https://eg.hatla2ee.com/en/new-car/ssang-yong/Torres/unit/7183381,https://legion-images.hatla2ee.com/listing_image/05a19b3f-7b90-4cb0-9b1f-971d8fac3ba1/medium.jpg,2026-04-30 15:50:32
281,new,Kia Sorento 2025,2025,0 KM,Automatic,Hybrid,"2,000,000 EGP",,Kia,Sorento,https://eg.hatla2ee.com/en/new-car/kia/sorento/unit/7199411,https://legion-images.hatla2ee.com/listing_image/e8659cea-be18-4af5-a4a2-9ae596bf6ad1/medium.jpg,2026-04-30 15:50:32
281,new,Avatr 12 2025,2025,0 KM,Automatic,Hybrid,"3,350,000 EGP",,Avatr,12,https://eg.hatla2ee.com/en/new-car/avatr/avatr-12/unit/7199465,https://legion-images.hatla2ee.com/listing_image/18cf4612-ba80-441f-8295-54a2117d5b50/medium.jpg,2026-04-30 15:50:33
281,new,Kia Carnival 2025,2025,0 KM,Automatic,Hybrid,"2,500,000 EGP",,Kia,Carnival,https://eg.hatla2ee.com/en/new-car/kia/carnival/unit/7199454,https://legion-images.hatla2ee.com/listing_image/93bf89a3-c84c-49ad-838c-11da610b5015/medium.jpg,2026-04-30 15:50:35
281,new,Jetour X70 Plus 2024,2024,0 KM,Automatic,Gas,"1,285,000 EGP",,Jetour,X70 Plus,https://eg.hatla2ee.com/en/new-car/jetour/X70-Plus/unit/7199405,https://legion-images.hatla2ee.com/listing_image/34a28131-f8ea-4a57-85cb-8c7764b4c982/medium.jpg,2026-04-30 15:50:35
282,new,Jetour X70S 2026,2026,0 KM,Automatic,Gas,"1,400,000 EGP",,Jetour,X70S,https://eg.hatla2ee.com/en/new-car/jetour/X70S/unit/7199130,https://legion-images.hatla2ee.com/listing_image/9adc2c56-ab96-4aec-861a-c4a14f59f54e/medium.jpg,2026-04-30 15:50:48
282,new,Forthing Other 2026,2026,0 KM,Automatic,Gas,"1,350,000 EGP",,Forthing,Other,https://eg.hatla2ee.com/en/new-car/forthing/other-forthing/unit/7164641,https://legion-images.hatla2ee.com/listing_image/1074c90b-bd1f-4fb0-a810-2b64982d462e/medium.jpg,2026-04-30 15:50:50
283,new,Mercedes CLE 300 2024,2024,0 KM,Automatic,Gas,"4,800,000 EGP",,Mercedes,CLE 300,https://eg.hatla2ee.com/en/new-car/mercedes/mercedes-benz-cle-300/unit/7199395,https://legion-images.hatla2ee.com/listing_image/63ca1b54-60ab-49ed-b91f-1e87a46191fd/medium.jpg,2026-04-30 15:51:00
283,new,Mercedes CLA 200 2026,2026,0 KM,Automatic,Gas,"3,550,000 EGP",,Mercedes,CLA 200,https://eg.hatla2ee.com/en/new-car/mercedes/cla-200/unit/7199391,https://legion-images.hatla2ee.com/listing_image/5e3c4fc5-6d54-4f03-9811-397de8c898b5/medium.jpg,2026-04-30 15:51:01
283,new,Porsche Cayenne S 2026,2026,0 KM,Automatic,Gas,"13,800,000 EGP",,Porsche,Cayenne S,https://eg.hatla2ee.com/en/new-car/porsche/cayenne-s/unit/7199390,https://legion-images.hatla2ee.com/listing_image/63c8dcbd-5a24-4a81-93ac-7b4b735ead1d/medium.jpg,2026-04-30 15:51:01
283,new,Byd Leopard 5 2025,2025,0 KM,Automatic,Hybrid,"2,140,000 EGP",,Byd,Leopard 5,https://eg.hatla2ee.com/en/new-car/byd/Byd_Leopard+5/unit/7199386,https://legion-images.hatla2ee.com/listing_image/60b6ee62-559d-4a8f-97e5-4d1e4af88c07/medium.jpg,2026-04-30 15:51:03
283,new,Chevrolet Optra 2026,2026,0 KM,Automatic,Gas,"845,000 EGP",,Chevrolet,Optra,https://eg.hatla2ee.com/en/new-car/chevrolet/optra/unit/7199385,https://legion-images.hatla2ee.com/listing_image/db76cc19-7f87-4f7f-b06a-e9aa1b04175c/medium.jpg,2026-04-30 15:51:03
283,new,Kaiyi X3 2026,2026,0 KM,Automatic,Gas,"960,000 EGP",,Kaiyi,X3,https://eg.hatla2ee.com/en/new-car/Kaiyi/kAIYI-X3/unit/7165684,https://legion-images.hatla2ee.com/listing_image/f264db34-7e80-4757-84a8-7f313a02542d/medium.jpg,2026-04-30 15:51:05
283,new,MG 5 2026,2026,0 KM,Automatic,Gas,"1,100,000 EGP",,MG,5,https://eg.hatla2ee.com/en/new-car/moris-garage/mg-5/unit/7199380,https://legion-images.hatla2ee.com/listing_image/8807ebc1-5d88-426e-ada3-1c24b37e4fe0/medium.jpg,2026-04-30 15:51:05
283,new,MG ZS 2026,2026,0 KM,Automatic,Gas,"1,275,000 EGP",,MG,ZS,https://eg.hatla2ee.com/en/new-car/moris-garage/zs/unit/7199379,https://legion-images.hatla2ee.com/listing_image/15f66f9a-0946-47bc-ae03-1a9622a1bf64/medium.jpg,2026-04-30 15:51:05
283,new,MG ZS 2026,2026,0 KM,Automatic,Gas,"1,150,000 EGP",,MG,ZS,https://eg.hatla2ee.com/en/new-car/moris-garage/zs/unit/7199378,https://legion-images.hatla2ee.com/listing_image/c18ae48c-bcb6-4684-a770-6896c04ad413/medium.jpg,2026-04-30 15:51:06
284,new,MG ZS 2026,2026,0 KM,Automatic,Gas,"1,150,000 EGP",,MG,ZS,https://eg.hatla2ee.com/en/new-car/moris-garage/zs/unit/7199378,https://legion-images.hatla2ee.com/listing_image/c18ae48c-bcb6-4684-a770-6896c04ad413/medium.jpg,2026-04-30 15:51:16
284,new,Mercedes GLA 200 2025,2025,0 KM,Automatic,Gas,"3,100,000 EGP",,Mercedes,GLA 200,https://eg.hatla2ee.com/en/new-car/mercedes/GLA-200/unit/7199296,https://legion-images.hatla2ee.com/listing_image/dc5967a4-fd75-4bcd-a8b4-80f923475586/medium.jpg,2026-04-30 15:51:16
284,new,Hyundai Accent RB 2026,2026,0 KM,Automatic,Gas,"1,050,000 EGP",,Hyundai,Accent RB,https://eg.hatla2ee.com/en/new-car/hyundai/Accent-RB/unit/40345,https://legion-images.hatla2ee.com/listing_image/0f54ca17-2b98-4e6c-aace-fb2cf5ca4767/medium.jpg,2026-04-30 15:51:17
284,new,Fiat 500 X 2026,2026,0 KM,Automatic,Gas,"955,000 EGP",,Fiat,500 X,https://eg.hatla2ee.com/en/new-car/fiat/500X/unit/7199345,https://legion-images.hatla2ee.com/listing_image/7bfe01d3-b437-4439-85c7-bd0831e3272c/medium.jpg,2026-04-30 15:51:18
284,new,MG 5 2026,2026,0 KM,Automatic,Gas,"940,000 EGP",,MG,5,https://eg.hatla2ee.com/en/new-car/moris-garage/mg-5/unit/7182981,https://legion-images.hatla2ee.com/listing_image/41593937-eaba-407e-b367-498ac50d54ef/medium.jpg,2026-04-30 15:51:18
284,new,Nissan Qashqai 2026,2026,0 KM,Automatic,Gas,"1,499,000 EGP",,Nissan,Qashqai,https://eg.hatla2ee.com/en/new-car/nissan/qashqai/unit/7144643,https://legion-images.hatla2ee.com/listing_image/362c9096-3a61-4093-92f4-0df791375d75/medium.jpg,2026-04-30 15:51:19
284,new,Mercedes E 200 2025,2025,0 KM,Automatic,Gas,"5,500,000 EGP",,Mercedes,E 200,https://eg.hatla2ee.com/en/new-car/mercedes/e-200/unit/7199371,https://legion-images.hatla2ee.com/listing_image/eb3de8cf-db11-46a9-aaba-eb4b793d597a/medium.jpg,2026-04-30 15:51:19
284,new,Toyota Fortuner 2026,2026,0 KM,Automatic,Gas,"3,700,000 EGP",,Toyota,Fortuner,https://eg.hatla2ee.com/en/new-car/toyota/fortuner/unit/7145369,https://legion-images.hatla2ee.com/listing_image/514e88ab-369b-4527-b015-795f477b29fa/medium.jpg,2026-04-30 15:51:20
284,new,Nissan Juke 2026,2026,0 KM,Automatic,Gas,"1,305,000 EGP",,Nissan,Juke,https://eg.hatla2ee.com/en/new-car/nissan/juke/unit/7169291,https://legion-images.hatla2ee.com/listing_image/a2d14288-2a5f-428e-ad4f-05d43a34065b/medium.jpg,2026-04-30 15:51:21
284,new,Chevrolet Optra 2026,2026,0 KM,Automatic,Gas,"820,000 EGP",,Chevrolet,Optra,https://eg.hatla2ee.com/en/new-car/chevrolet/optra/50598/7196243,https://legion-images.hatla2ee.com/listing_image/c025630c-2cbd-4f8e-b9b8-280d7e357b82/medium.jpg,2026-04-30 15:51:23
285,new,Cadillac Escalade 2025,2025,0 KM,Automatic,Gas,"15,000,000 EGP",,Cadillac,Escalade,https://eg.hatla2ee.com/en/new-car/cadillac/escalade/unit/7196227,https://legion-images.hatla2ee.com/listing_image/268c6e17-3840-4d7d-93e2-5b4e8b045861/medium.jpg,2026-04-30 15:51:32
285,new,Kia Sportage 2026,2026,0 KM,Automatic,Gas,"2,120,000 EGP",,Kia,Sportage,https://eg.hatla2ee.com/en/new-car/kia/sportage/50774/7196226,https://legion-images.hatla2ee.com/listing_image/5d8078c6-5701-4363-b35a-9f683a676f62/medium.jpg,2026-04-30 15:51:33
285,new,Skoda Kodiaq 2026,2026,0 KM,Automatic,Hybrid,"2,850,000 EGP",,Skoda Kodiaq,A/T / Loft,https://eg.hatla2ee.com/en/new-car/imported/skoda/kodiaq/7196138,https://legion-images.hatla2ee.com/listing_image/fd365578-6449-4e62-98d7-8bc570b55c83/medium.jpg,2026-04-30 15:51:35
285,new,Cupra Formentor 2026,2026,0 KM,Automatic,Gas,"2,250,000 EGP",,Cupra,Formentor,https://eg.hatla2ee.com/en/new-car/cupra/Formentor/51053/7196039,https://legion-images.hatla2ee.com/listing_image/6c111a12-766a-4d82-a2d8-08aee522fd8a/medium.jpg,2026-04-30 15:51:37
285,new,Skoda Karoq 2026,2026,0 KM,Automatic,Gas,"2,150,000 EGP",,Skoda,Karoq,https://eg.hatla2ee.com/en/new-car/skoda/Karoq/unit/7168267,https://legion-images.hatla2ee.com/listing_image/7fe1ff5f-6a14-4c12-85bd-a28eea845046/medium.jpg,2026-04-30 15:51:38
285,new,Kia Sportage 2026,2026,0 KM,Automatic,Gas,"2,570,000 EGP",,Kia,Sportage,https://eg.hatla2ee.com/en/new-car/kia/sportage/unit/7165160,https://legion-images.hatla2ee.com/listing_image/a109dff9-e507-4e4e-a964-1fd0dfc9c459/medium.jpg,2026-04-30 15:51:41
286,new,Mercedes CLA 200 2026,2026,0 KM,Automatic,Gas,"3,050,000 EGP",,Mercedes,CLA 200,https://eg.hatla2ee.com/en/new-car/mercedes/cla-200/unit/7198246,https://legion-images.hatla2ee.com/listing_image/9fdc5945-f028-419c-900e-7d0dbb3cefa1/medium.jpg,2026-04-30 15:51:53
286,new,Changan Eado plus 2026,2026,0 KM,Automatic,Gas,"1,049,000 EGP",,Changan,Eado plus,https://eg.hatla2ee.com/en/new-car/changan/eado-plus/unit/7143329,https://legion-images.hatla2ee.com/listing_image/2472c09a-bdd3-46c9-9aeb-72d577182957/medium.jpg,2026-04-30 15:51:56
286,new,Mercedes GLA 200 2025,2025,0 KM,Automatic,Gas,"3,100,000 EGP",,Mercedes,GLA 200,https://eg.hatla2ee.com/en/new-car/mercedes/GLA-200/unit/7199295,https://legion-images.hatla2ee.com/listing_image/c02aa574-f52f-4d9c-b095-ffa11d2531e6/medium.jpg,2026-04-30 15:51:58
286,new,Changan UNI-T 2026,2026,0 KM,Automatic,Gas,"1,399,000 EGP",,Changan,UNI-T,https://eg.hatla2ee.com/en/new-car/changan/uni-t/unit/7143354,https://legion-images.hatla2ee.com/listing_image/1c193a20-aa01-459c-807e-6953dc4371b8/medium.jpg,2026-04-30 15:51:59
287,new,Changan CS 55 2026,2026,0 KM,Automatic,Gas,"1,375,000 EGP",,Changan,CS 55,https://eg.hatla2ee.com/en/new-car/changan/CS-55/unit/7143331,https://legion-images.hatla2ee.com/listing_image/30ae94bd-66d9-4a37-baab-18d2aa7c20c4/medium.jpg,2026-04-30 15:52:15
287,new,Proton Saga 2026,2026,0 KM,Automatic,Gas,"649,900 EGP",,Proton,Saga,https://eg.hatla2ee.com/en/new-car/proton/saga/unit/7145364,https://legion-images.hatla2ee.com/listing_image/7ffae835-eb62-4990-830a-faa9f0073e9f/medium.jpg,2026-04-30 15:52:18
287,new,Jetour T2 2026,2026,0 KM,Automatic,Gas,"1,900,000 EGP",,Jetour,T2,https://eg.hatla2ee.com/en/new-car/jetour/T2/unit/42562,https://legion-images.hatla2ee.com/listing_image/ab318dde-e295-4525-b36e-68d009dff8e6/medium.jpg,2026-04-30 15:52:19
288,new,Jetour T1 2026,2026,0 KM,Automatic,Gas,"1,730,000 EGP",,Jetour,T1,https://eg.hatla2ee.com/en/new-car/jetour/T1/unit/42564,https://legion-images.hatla2ee.com/listing_image/a5c13142-cde3-4627-b266-c8b6db779081/medium.jpg,2026-04-30 15:52:26
288,new,Jetour X70S 2026,2026,0 KM,Automatic,Gas,"1,250,000 EGP",,Jetour,X70S,https://eg.hatla2ee.com/en/new-car/jetour/X70S/unit/42566,https://legion-images.hatla2ee.com/listing_image/0fb3b1a5-35af-4616-91a5-9355802ba1b7/medium.jpg,2026-04-30 15:52:27
288,new,Opel Grandland 2026,2026,0 KM,Automatic,Gas,"1,850,000 EGP",,Opel,Grandland,https://eg.hatla2ee.com/en/new-car/opel/Grandland/unit/7146558,https://legion-images.hatla2ee.com/listing_image/476f99fe-1aac-4992-8888-79980372e4ff/medium.jpg,2026-04-30 15:52:32
288,new,Cupra Terramar 2025,2025,0 KM,Automatic,Gas,"2,349,000 EGP",,Cupra,Terramar,https://eg.hatla2ee.com/en/new-car/cupra/Terramar/unit/43593,https://legion-images.hatla2ee.com/listing_image/d065d149-01fa-4c53-a790-1b675237d283/medium.jpg,2026-04-30 15:52:33
288,new,Jetour Dashing 2026,2026,0 KM,Automatic,Gas,"1,330,000 EGP",,Jetour,Dashing,https://eg.hatla2ee.com/en/new-car/jetour/Dashing/unit/42565,https://legion-images.hatla2ee.com/listing_image/98ac7250-2875-4d75-89e2-e4558aab6ef2/medium.jpg,2026-04-30 15:52:34
288,new,Mitsubishi Xpander 2026,2026,0 KM,Automatic,Gas,"1,475,000 EGP",,Mitsubishi,Xpander,https://eg.hatla2ee.com/en/new-car/mitsubishi/Xpander/unit/7169973,https://legion-images.hatla2ee.com/listing_image/664a77a1-1de1-4de8-be4d-1528d956bf81/medium.jpg,2026-04-30 15:52:35
288,new,MG 7 2026,2026,0 KM,Automatic,Gas,"1,800,000 EGP",,MG,7,https://eg.hatla2ee.com/en/new-car/moris-garage/mg-7/unit/7169968,https://legion-images.hatla2ee.com/listing_image/7fb0b4f9-72c5-407d-98d2-65d114132b8e/medium.jpg,2026-04-30 15:52:35
288,new,Fiat 500 X 2026,2026,0 KM,Automatic,Gas,"1,115,000 EGP",,Fiat,500 X,https://eg.hatla2ee.com/en/new-car/fiat/500X/unit/7199198,https://legion-images.hatla2ee.com/listing_image/52a2eda3-025a-453a-b570-be023c40e6e7/medium.jpg,2026-04-30 15:52:36
288,new,Kia Sportage 2025,2025,0 KM,Automatic,Gas,"2,200,000 EGP",,Kia,Sportage,https://eg.hatla2ee.com/en/new-car/kia/sportage/unit/7186486,https://legion-images.hatla2ee.com/listing_image/66a568c2-07b2-4c21-9f5e-28e2096b9304/medium.jpg,2026-04-30 15:52:36
289,new,Kia Sportage 2026,2026,0 KM,Automatic,Gas,"1,799,900 EGP",,Kia,Sportage,https://eg.hatla2ee.com/en/new-car/kia/sportage/unit/43631,https://legion-images.hatla2ee.com/listing_image/2dddca9b-f25e-4eff-9cf2-db9777c04c74/medium.jpg,2026-04-30 15:52:46
289,new,Peugeot 3008 2026,2026,0 KM,Automatic,Gas,"2,399,990 EGP",,Peugeot,3008,https://eg.hatla2ee.com/en/new-car/peugeot/3008/unit/7199195,https://legion-images.hatla2ee.com/listing_image/91b41ed8-15c6-49e9-aa68-d56998df06d7/medium.jpg,2026-04-30 15:52:46
289,new,Volkswagen Tiguan 2026,2026,0 KM,Automatic,Gas,"2,720,000 EGP",,Volkswagen,Tiguan,https://eg.hatla2ee.com/en/new-car/volks-wagen/tiguan/unit/7199193,https://legion-images.hatla2ee.com/listing_image/b97d4b75-ae20-42b6-850c-96fac77bec12/medium.jpg,2026-04-30 15:52:47
289,new,Toyota Fortuner 2026,2026,0 KM,Automatic,Gas,"3,700,000 EGP",,Toyota,Fortuner,https://eg.hatla2ee.com/en/new-car/toyota/fortuner/unit/7199192,https://legion-images.hatla2ee.com/listing_image/50bf50a1-02f1-42d3-bac6-0934d57662a3/medium.jpg,2026-04-30 15:52:47
289,new,Kia Sportage 2026,2026,0 KM,Automatic,Gas,"2,500,000 EGP",,Kia,Sportage,https://eg.hatla2ee.com/en/new-car/kia/sportage/unit/7184460,https://legion-images.hatla2ee.com/listing_image/16c9a950-5bf6-4ee5-8e91-1c3666753e61/medium.jpg,2026-04-30 15:52:49
289,new,Jetour T2 2026,2026,0 KM,Automatic,Gas,"2,130,000 EGP",,Jetour,T2,https://eg.hatla2ee.com/en/new-car/jetour/T2/unit/7199183,https://legion-images.hatla2ee.com/listing_image/08c79c3c-905f-4fab-ac30-f477001b5f55/medium.jpg,2026-04-30 15:52:51
289,new,Jetour X70 Plus 2026,2026,0 KM,Automatic,Gas,"1,450,000 EGP",,Jetour,X70 Plus,https://eg.hatla2ee.com/en/new-car/jetour/X70-Plus/unit/7199177,https://legion-images.hatla2ee.com/listing_image/81132f57-09b2-467c-a6c8-0d5f2efb05d1/medium.jpg,2026-04-30 15:52:51
289,new,Toyota Veloz 2024,2024,0 KM,Automatic,Gas,"1,550,000 EGP",,Toyota,Veloz,https://eg.hatla2ee.com/en/new-car/toyota/Veloz/unit/7155785,https://legion-images.hatla2ee.com/listing_image/d93fb765-abab-400c-9278-618f0cac36b3/medium.jpg,2026-04-30 15:52:52
289,new,Toyota Land Cruiser 2024,2024,0 KM,Automatic,Gas,"7,400,000 EGP",,Toyota,Land Cruiser,https://eg.hatla2ee.com/en/new-car/toyota/land-cruiser/unit/7186827,https://legion-images.hatla2ee.com/listing_image/9428cc42-a0e4-4aa3-945e-130f1989abc0/medium.jpg,2026-04-30 15:52:52
289,new,Jetour Dashing 2026,2026,0 KM,Automatic,Gas,"1,330,000 EGP",,Jetour,Dashing,https://eg.hatla2ee.com/en/new-car/jetour/Dashing/unit/7199171,https://legion-images.hatla2ee.com/listing_image/eb56e2f0-c9b3-4a7f-adf3-7090c5f4f2ff/medium.jpg,2026-04-30 15:52:53
289,new,Jetour Dashing 2026,2026,0 KM,Automatic,Gas,"1,450,000 EGP",,Jetour,Dashing,https://eg.hatla2ee.com/en/new-car/jetour/Dashing/unit/7199163,https://legion-images.hatla2ee.com/listing_image/1042aa0b-fcf6-4aea-9212-fe5f3d852850/medium.jpg,2026-04-30 15:52:54
289,new,Byd Sealion 7 2025,2025,0 KM,Automatic,Electric,"2,200,000 EGP",,Byd,Sealion 7,https://eg.hatla2ee.com/en/new-car/byd/sealion-7/unit/7199160,https://legion-images.hatla2ee.com/listing_image/96907d63-032d-4a68-bad3-9b26d7e16508/medium.jpg,2026-04-30 15:52:55
290,new,Mercedes G63 2025,2025,0 KM,Automatic,Gas,"17,750,000 EGP",,Mercedes,G63,https://eg.hatla2ee.com/en/new-car/mercedes/mercedes-benz-g63/unit/7192406,https://legion-images.hatla2ee.com/listing_image/dc901da7-1385-4aa1-9bb4-79d546774a9c/medium.jpg,2026-04-30 15:53:07
290,new,Byd B2 2025,2025,0 KM,Automatic,Electric,"1,820,000 EGP",,Byd,B2,https://eg.hatla2ee.com/en/new-car/byd/b2/unit/7199132,https://legion-images.hatla2ee.com/listing_image/29f737b3-e6e2-4126-b6a7-b6a907fbacd4/medium.jpg,2026-04-30 15:53:10
290,new,Hyundai Elantra 2025,2025,0 KM,Automatic,Gas,"1,370,000 EGP",,Hyundai,Elantra,https://eg.hatla2ee.com/en/new-car/hyundai/elantra/unit/7181287,https://legion-images.hatla2ee.com/listing_image/ebfaca90-ca8a-41c9-b2c1-e529fd307067/medium.jpg,2026-04-30 15:53:12
290,new,Rox 01 2026,2026,0 KM,Automatic,Hybrid,"3,840,000 EGP",,Rox,01,https://eg.hatla2ee.com/en/new-car/rox/rox-01/unit/7180735,https://legion-images.hatla2ee.com/listing_image/f463996c-cc24-4052-bcde-c125cc369b91/medium.jpg,2026-04-30 15:53:12
290,new,Chery Tiggo 4 Pro 2026,2026,0 KM,Automatic,Gas,"1,010,000 EGP",,Chery,Tiggo 4 Pro,https://eg.hatla2ee.com/en/new-car/chery/Tiggo-4-Pro/unit/7199123,https://legion-images.hatla2ee.com/listing_image/0c28def8-a784-485e-b660-85cc4a683fae/medium.jpg,2026-04-30 15:53:12
290,new,Chery Arrizo 6 2026,2026,0 KM,Automatic,Gas,"1,080,000 EGP",,Chery,Arrizo 6,https://eg.hatla2ee.com/en/new-car/chery/Arrizo-6/unit/7199111,https://legion-images.hatla2ee.com/listing_image/89901ed0-0c6d-4eaa-a9a1-c257b779718e/medium.jpg,2026-04-30 15:53:13
291,new,Mercedes C 180 2026,2026,0 KM,Automatic,Gas,"4,000,000 EGP",,Mercedes,C 180,https://eg.hatla2ee.com/en/new-car/mercedes/c-180/unit/7199103,https://legion-images.hatla2ee.com/listing_image/19332081-fa90-4eed-9e08-ab20fcea3746/medium.jpg,2026-04-30 15:53:22
291,new,Peugeot 408 2026,2026,0 KM,Automatic,Gas,"2,199,990 EGP",,Peugeot,408,https://eg.hatla2ee.com/en/new-car/peugeot/408/unit/7199086,https://legion-images.hatla2ee.com/listing_image/fa2646b8-d600-4f4c-8199-7bf1829eba1b/medium.jpg,2026-04-30 15:53:25
291,new,MG 7 2026,2026,0 KM,Automatic,Gas,"1,700,000 EGP",,MG,7,https://eg.hatla2ee.com/en/new-car/moris-garage/mg-7/unit/44024,https://legion-images.hatla2ee.com/listing_image/d98193f2-ea81-4740-80eb-49e0ad165968/medium.jpg,2026-04-30 15:53:26
291,new,MG One 2026,2026,0 KM,Automatic,Gas,"1,450,000 EGP",,MG,One,https://eg.hatla2ee.com/en/new-car/moris-garage/MG+One/unit/42356,https://legion-images.hatla2ee.com/listing_image/ac2f8212-9867-498f-adf4-2bb519f73f39/medium.jpg,2026-04-30 15:53:27
291,new,Seat Arona 2026,2026,0 KM,Automatic,Gas,"1,339,000 EGP",,Seat,Arona,https://eg.hatla2ee.com/en/new-car/seat/arona/unit/7199052,https://legion-images.hatla2ee.com/listing_image/cd158dd0-1ae3-4935-89e2-07122109f897/medium.jpg,2026-04-30 15:53:29
292,new,Xiaomi Yu7 2025,2025,0 KM,Automatic,Electric,"3,250,000 EGP",,Xiaomi,Yu7,https://eg.hatla2ee.com/en/new-car/xiaomi/xiaomi-yu7/unit/7198124,https://legion-images.hatla2ee.com/listing_image/403cae4d-ea54-4594-b8e9-845989c4d9a2/medium.jpg,2026-04-30 15:53:40
292,new,Geely Cool Ray 2026,2026,0 KM,Automatic,Gas,"1,250,000 EGP",,Geely,Cool Ray,https://eg.hatla2ee.com/en/new-car/geely/Coolray/unit/7196249,https://legion-images.hatla2ee.com/listing_image/34a13739-2aee-42e1-9b47-2a29b996b205/medium.jpg,2026-04-30 15:53:41
292,new,Toyota Hilux 2026,2026,0 KM,Automatic,Gas,"3,700,000 EGP",,Toyota Hilux,Imported,https://eg.hatla2ee.com/en/new-car/imported/toyota/hilux/7197123,https://legion-images.hatla2ee.com/listing_image/8d3d15b6-ccd5-41ac-956a-7b4bd34c4598/medium.jpg,2026-04-30 15:53:42
292,new,Mercedes EQA 260 2025,2025,0 KM,Automatic,Gas,"2,350,000 EGP",,Mercedes,EQA 260,https://eg.hatla2ee.com/en/new-car/mercedes/mercedes-benz-eqa-260/unit/7170740,https://legion-images.hatla2ee.com/listing_image/f0e7407f-54f1-452e-b24a-d3410796b086/medium.jpg,2026-04-30 15:53:45
293,new,Mercedes E 200 2025,2025,0 KM,Automatic,Gas,"5,650,000 EGP",,Mercedes,E 200,https://eg.hatla2ee.com/en/new-car/mercedes/e-200/unit/7198878,https://legion-images.hatla2ee.com/listing_image/d3f5a17e-bc53-4c48-8a22-18d73a795960/medium.jpg,2026-04-30 15:54:06
293,new,Mercedes G63 2025,2025,0 KM,Automatic,Gas,"17,500,000 EGP",,Mercedes,G63,https://eg.hatla2ee.com/en/new-car/mercedes/mercedes-benz-g63/unit/7198877,https://legion-images.hatla2ee.com/listing_image/3735737b-dd5d-4d6d-b599-341132e3b781/medium.jpg,2026-04-30 15:54:07
294,new,Mercedes G63 2025,2025,0 KM,Automatic,Gas,"17,500,000 EGP",,Mercedes,G63,https://eg.hatla2ee.com/en/new-car/mercedes/mercedes-benz-g63/unit/7198877,https://legion-images.hatla2ee.com/listing_image/3735737b-dd5d-4d6d-b599-341132e3b781/medium.jpg,2026-04-30 15:54:16
294,new,Mercedes EQA 260 2025,2025,0 KM,Automatic,Electric,"2,300,000 EGP",,Mercedes,EQA 260,https://eg.hatla2ee.com/en/new-car/mercedes/mercedes-benz-eqa-260/unit/7198867,https://legion-images.hatla2ee.com/listing_image/4c4efc4f-5edb-4648-99f8-f073a90e6748/medium.jpg,2026-04-30 15:54:17
294,new,Xiaomi Yu7 2025,2025,0 KM,Automatic,Gas,"3,750,000 EGP",,Xiaomi,Yu7,https://eg.hatla2ee.com/en/new-car/xiaomi/xiaomi-yu7/unit/7198865,https://legion-images.hatla2ee.com/listing_image/55f48e86-4eee-4707-ac1d-311b28bb8672/medium.jpg,2026-04-30 15:54:18
294,new,Toyota Fortuner 2026,2026,0 KM,Automatic,Gas,"4,500,000 EGP",,Toyota Fortuner,A/T / Sport,https://eg.hatla2ee.com/en/new-car/imported/toyota/fortuner/7195934,https://legion-images.hatla2ee.com/listing_image/fbf037f1-3ed0-4029-95e4-6afe1a3fbe80/medium.jpg,2026-04-30 15:54:22
294,new,Audi A5 2026,2026,0 KM,Automatic,Gas,"50,000 EGP",,Audi A5,A/T / S-Line PLUS,https://eg.hatla2ee.com/en/new-car/imported/audi/a5/7195916,https://legion-images.hatla2ee.com/original_image/audi/thumbnail.png,2026-04-30 15:54:22
294,new,Cupra Formentor 2026,2026,0 KM,Automatic,Diesel,"2,250,000 EGP",,Cupra,Formentor,https://eg.hatla2ee.com/en/new-car/cupra/Formentor/51053/7195696,https://legion-images.hatla2ee.com/listing_image/751cd39e-3036-46e9-93f2-c75a2efadfc3/medium.jpg,2026-04-30 15:54:24
295,new,Hyundai Other 2023,2023,0 KM,Automatic,Gas,"1,500,000 EGP",,Hyundai,Other,https://eg.hatla2ee.com/en/new-car/hyundai/other-hyundai/unit/7198864,https://legion-images.hatla2ee.com/listing_image/96507b34-4ebc-41c0-b93e-6aa495941699/medium.jpg,2026-04-30 15:54:36
295,new,Mercedes GLC 300 2025,2025,0 KM,Automatic,Gas,"5,500,000 EGP",,Mercedes,GLC 300,https://eg.hatla2ee.com/en/new-car/mercedes/glc-300/unit/7198840,https://legion-images.hatla2ee.com/listing_image/c0256c1d-e38e-4818-bde7-09a004ffcdd3/medium.jpg,2026-04-30 15:54:37
295,new,Cupra Formentor 2026,2026,0 KM,Automatic,Gas,"2,270,000 EGP",,Cupra,Formentor,https://eg.hatla2ee.com/en/new-car/cupra/Formentor/unit/7195430,https://legion-images.hatla2ee.com/listing_image/3bf5fbec-2c0e-419d-b0c7-d938e34245a3/medium.jpg,2026-04-30 15:54:38
296,new,Audi A5 2025,2025,0 KM,Automatic,Gas,"3,500,000 EGP",,Audi,A5,https://eg.hatla2ee.com/en/new-car/audi/a5/unit/7198794,https://legion-images.hatla2ee.com/listing_image/740a6367-fb73-475f-a481-95567575df7c/medium.jpg,2026-04-30 15:54:46
296,new,Dongfeng Other 2026,2026,0 KM,Manual,Gas,"560,000 EGP",,Dongfeng,Other,https://eg.hatla2ee.com/en/new-car/dfm/other-dongfeng/unit/7198782,https://legion-images.hatla2ee.com/listing_image/858f9ca0-3c70-4656-99df-6e38302c1c18/medium.jpg,2026-04-30 15:54:49
296,new,MG Cyberster 2025,2025,0 KM,Automatic,Electric,"3,500,000 EGP",,MG,Cyberster,https://eg.hatla2ee.com/en/new-car/moris-garage/mg-cyberster/unit/7198767,https://legion-images.hatla2ee.com/listing_image/0cd1e0d8-c31f-4248-8da7-90ed292f3bb7/medium.jpg,2026-04-30 15:54:52
296,new,Dongfeng A30 Shine 2026,2026,0 KM,Automatic,Gas,"825,000 EGP",,Dongfeng,A30 Shine,https://eg.hatla2ee.com/en/new-car/dfm/A30-Shine/unit/7198763,https://legion-images.hatla2ee.com/listing_image/facd45d1-0e7c-40b6-84d9-d259482ac06e/medium.jpg,2026-04-30 15:54:52
296,new,Volkswagen Tayron 2026,2026,0 KM,Automatic,Gas,"2,890,000 EGP",,Volkswagen,Tayron,https://eg.hatla2ee.com/en/new-car/volks-wagen/tayron/unit/7162647,https://legion-images.hatla2ee.com/listing_image/97359bf6-527e-492c-8071-fb7aeae7477e/medium.jpg,2026-04-30 15:54:54
297,new,Zeekr X 2025,2025,0 KM,Automatic,Electric,"1,700,000 EGP",,Zeekr,X,https://eg.hatla2ee.com/en/new-car/zeekr/X/unit/7198759,https://legion-images.hatla2ee.com/listing_image/839d5d6a-c6e3-424d-babd-9f6c4cd429ca/medium.jpg,2026-04-30 15:55:00
297,new,Audi Q4 E-Tron 2024,2024,0 KM,Automatic,Electric,"2,350,000 EGP",,Audi,Q4 E-Tron,https://eg.hatla2ee.com/en/new-car/audi/audi-q4-e-tron/unit/7198756,https://legion-images.hatla2ee.com/listing_image/e7a9b97b-67e1-4437-beb3-d0523015639b/medium.jpg,2026-04-30 15:55:01
297,new,Seat Arona 2026,2026,0 KM,Automatic,Gas,"1,340,000 EGP",,Seat,Arona,https://eg.hatla2ee.com/en/new-car/seat/arona/unit/7198749,https://legion-images.hatla2ee.com/listing_image/b56298cc-2ceb-42b9-a0e8-9168c2f19ce9/medium.jpg,2026-04-30 15:55:02
297,new,Cupra Leon 2026,2026,0 KM,Automatic,Gas,"1,950,000 EGP",,Cupra,Leon,https://eg.hatla2ee.com/en/new-car/cupra/leon-cupra/unit/7198743,https://legion-images.hatla2ee.com/listing_image/2b14d87a-10a0-4c5f-b9d7-be302e549df6/medium.jpg,2026-04-30 15:55:04
297,new,Seat Ibiza 2026,2026,0 KM,Automatic,Gas,"1,340,000 EGP",,Seat,Ibiza,https://eg.hatla2ee.com/en/new-car/seat/ibiza/unit/7198740,https://legion-images.hatla2ee.com/listing_image/3200e6e1-53d3-4ebf-b4b5-e1b9b8798dab/medium.jpg,2026-04-30 15:55:04
297,new,Land Rover Range Rover Evoque 2026,2026,0 KM,Automatic,Gas,"4,450,000 EGP",,Land Rover,Range Rover Evoque,https://eg.hatla2ee.com/en/new-car/land-rover/evoque/unit/7198725,https://legion-images.hatla2ee.com/listing_image/78a52c29-cd63-4859-a8d1-578a4d4052a4/medium.jpg,2026-04-30 15:55:08
298,new,Mercedes GLC 43 2026,2026,0 KM,Automatic,Gas,"7,880,000 EGP",,Mercedes,GLC 43,https://eg.hatla2ee.com/en/new-car/mercedes/mercedes-benz-glc-43/unit/7198717,https://legion-images.hatla2ee.com/listing_image/d5464d9d-6feb-4872-a9b3-ef09663a93b0/medium.jpg,2026-04-30 15:55:20
298,new,Mercedes C 200 2026,2026,0 KM,Automatic,Gas,"4,300,000 EGP",,Mercedes,C 200,https://eg.hatla2ee.com/en/new-car/mercedes/c-200/unit/7198707,https://legion-images.hatla2ee.com/listing_image/236056f7-37ca-4aee-b8eb-878e53d8f269/medium.jpg,2026-04-30 15:55:22
298,new,Kia Carnival 2024,2024,0 KM,Automatic,Hybrid,"3,250,000 EGP",,Kia,Carnival,https://eg.hatla2ee.com/en/new-car/kia/carnival/unit/7198696,https://legion-images.hatla2ee.com/listing_image/bfcfa150-b330-4815-982f-a0c73266edf2/medium.jpg,2026-04-30 15:55:24
298,new,MG HS 2024,2024,0 KM,Automatic,Gas,"800,000 EGP",,MG,HS,https://eg.hatla2ee.com/en/new-car/moris-garage/MG-HS/unit/7198694,https://legion-images.hatla2ee.com/listing_image/5efbece1-2f20-456d-a140-03f402774324/medium.jpg,2026-04-30 15:55:24
298,new,Land Rover Velar 2025,2025,0 KM,Automatic,Gas,"6,200,000 EGP",,Land Rover,Velar,https://eg.hatla2ee.com/en/new-car/land-rover/Velar/unit/7184312,https://legion-images.hatla2ee.com/listing_image/fb09cf95-b4fe-440d-8ceb-687ccdf25eed/medium.jpg,2026-04-30 15:55:25
298,new,Xiaomi Yu7 2025,2025,0 KM,Automatic,Electric,"3,700,000 EGP",,Xiaomi,Yu7,https://eg.hatla2ee.com/en/new-car/xiaomi/xiaomi-yu7/unit/7184301,https://legion-images.hatla2ee.com/listing_image/cfa7f74c-50ec-4c1d-9140-e3e54eb10a91/medium.jpg,2026-04-30 15:55:25
298,new,BMW M4 2025,2025,0 KM,Automatic,Gas,"9,700,000 EGP",,BMW,M4,https://eg.hatla2ee.com/en/new-car/bmw/M4/unit/7186340,https://legion-images.hatla2ee.com/listing_image/d740d31d-9bb4-4a95-9f9f-7801f7824694/medium.jpg,2026-04-30 15:55:26
298,new,Xiaomi Yu7 2025,2025,0 KM,Automatic,Electric,"3,700,000 EGP",,Xiaomi,Yu7,https://eg.hatla2ee.com/en/new-car/xiaomi/xiaomi-yu7/unit/7184306,https://legion-images.hatla2ee.com/listing_image/9da80094-b518-43d2-9d45-7c84e153a6d6/medium.jpg,2026-04-30 15:55:27
299,new,Cupra Terramar 2026,2026,0 KM,Automatic,Gas,"2,330,000 EGP",,Cupra,Terramar,https://eg.hatla2ee.com/en/new-car/cupra/Terramar/unit/7198676,https://legion-images.hatla2ee.com/listing_image/44df3a7f-d02d-4d46-861d-19d67352b6d5/medium.jpg,2026-04-30 15:55:41
299,new,Cupra Terramar 2026,2026,0 KM,Automatic,Gas,"2,550,000 EGP",,Cupra,Terramar,https://eg.hatla2ee.com/en/new-car/cupra/Terramar/unit/7198670,https://legion-images.hatla2ee.com/listing_image/8e68c30c-5cb9-4852-b39f-523961b66b1b/medium.jpg,2026-04-30 15:55:41
299,new,Volkswagen Tayron 2026,2026,0 KM,Automatic,Gas,"2,950,000 EGP",,Volkswagen,Tayron,https://eg.hatla2ee.com/en/new-car/volks-wagen/tayron/unit/7198668,https://legion-images.hatla2ee.com/listing_image/3724bfb3-d9d1-4a82-96bb-c997b822f008/medium.jpg,2026-04-30 15:55:43
299,new,Changan Eado plus 2026,2026,0 KM,Automatic,Gas,"1,050,000 EGP",,Changan,Eado plus,https://eg.hatla2ee.com/en/new-car/changan/eado-plus/unit/7198658,https://legion-images.hatla2ee.com/listing_image/c60bd28b-b136-4817-8364-8e819bbfcd7d/medium.jpg,2026-04-30 15:55:44
299,new,Seat Arona 2026,2026,0 KM,Automatic,Gas,"1,339,000 EGP",,Seat,Arona,https://eg.hatla2ee.com/en/new-car/seat/arona/unit/43866,https://legion-images.hatla2ee.com/listing_image/dc6875e9-1da9-4d48-99a6-6cd7f606d40a/medium.jpg,2026-04-30 15:55:44
299,new,Kia Sorento 2025,2025,0 KM,Automatic,Hybrid,"2,000,000 EGP",,Kia,Sorento,https://eg.hatla2ee.com/en/new-car/kia/sorento/unit/7198647,https://legion-images.hatla2ee.com/listing_image/9e96e3ff-d811-4229-9044-535b529ab1f3/medium.jpg,2026-04-30 15:55:45
299,new,Mercedes C 180 2026,2026,0 KM,Automatic,Gas,"4,050,000 EGP",,Mercedes,C 180,https://eg.hatla2ee.com/en/new-car/mercedes/c-180/unit/7198646,https://legion-images.hatla2ee.com/listing_image/fc442456-0189-4a99-9e2b-58a756f133de/medium.jpg,2026-04-30 15:55:45
299,new,Toyota Hilux 2026,2026,0 KM,Manual,Gas,"3,700,000 EGP",,Toyota,Hilux,https://eg.hatla2ee.com/en/new-car/toyota/hilux/unit/7198644,https://legion-images.hatla2ee.com/listing_image/90cbf5e1-131d-4213-bd95-fc0d0c6451f5/medium.jpg,2026-04-30 15:55:46
299,new,Avatr 12 2025,2025,0 KM,Automatic,Electric,"3,300,000 EGP",,Avatr,12,https://eg.hatla2ee.com/en/new-car/avatr/avatr-12/unit/7198641,https://legion-images.hatla2ee.com/listing_image/559cac37-4a0a-473e-9450-af09537b1928/medium.jpg,2026-04-30 15:55:47
300,new,Kia Sportage 2025,2025,0 KM,Automatic,Gas,"1,000,000 EGP",,Kia,Sportage,https://eg.hatla2ee.com/en/new-car/kia/sportage/unit/7197584,https://legion-images.hatla2ee.com/listing_image/2b5dfdc4-de9d-4883-a026-fefce8b38c1f/medium.jpg,2026-04-30 15:55:57
300,new,Geely Starray 2025,2025,0 KM,Automatic,Gas,"1,599,000 EGP",,Geely,Starray,https://eg.hatla2ee.com/en/new-car/geely/Starray/unit/7198620,https://legion-images.hatla2ee.com/listing_image/3fdf7c59-d971-47fa-909f-7f0311c1ffaa/medium.jpg,2026-04-30 15:55:58
300,new,Land Rover Range Rover Sport 2025,2025,0 KM,Automatic,Gas,"11,000,000 EGP",,Land Rover,Range Rover Sport,https://eg.hatla2ee.com/en/new-car/land-rover/sport/unit/7171354,https://legion-images.hatla2ee.com/listing_image/0ef84904-c664-4ed4-94a0-c43e515caf50/medium.jpg,2026-04-30 15:55:58
300,new,Jetour X70S 2026,2026,0 KM,Automatic,Gas,"1,220,000 EGP",,Jetour,X70S,https://eg.hatla2ee.com/en/new-car/jetour/X70S/unit/7198611,https://legion-images.hatla2ee.com/listing_image/6c1a99b1-6301-41df-b5a6-fe3114e7a779/medium.jpg,2026-04-30 15:56:00
301,new,Jetour X90 2026,2026,0 KM,Automatic,Gas,"1,630,000 EGP",,Jetour,X90,https://eg.hatla2ee.com/en/new-car/jetour/X90/unit/7135942,https://legion-images.hatla2ee.com/listing_image/e3646b6c-f29e-41fb-b283-783bdf8b9847/medium.jpg,2026-04-30 15:56:13
301,new,Jetour X95 2023,2023,0 KM,Automatic,Gas,"1,400,000 EGP",,Jetour,X95,https://eg.hatla2ee.com/en/new-car/jetour/X95/unit/7196219,https://legion-images.hatla2ee.com/listing_image/72c45850-3a70-4698-94f9-c07899ba2794/medium.jpg,2026-04-30 15:56:14
301,new,Jetour X70S 2026,2026,0 KM,Automatic,Gas,"1,095,000 EGP",,Jetour,X70S,https://eg.hatla2ee.com/en/new-car/jetour/X70S/unit/7158130,https://legion-images.hatla2ee.com/listing_image/6f30c0a9-5c42-493c-ae91-f6928065ba7a/medium.jpg,2026-04-30 15:56:15
301,new,Porsche Carrera 2025,2025,0 KM,Automatic,Gas,"14,500,000 EGP",,Porsche,Carrera,https://eg.hatla2ee.com/en/new-car/porsche/carrera/unit/7198584,https://legion-images.hatla2ee.com/listing_image/77f96cfb-ad4e-4006-9e74-f78a1bbc3321/medium.jpg,2026-04-30 15:56:16
301,new,Mercedes E 200 2023,2023,0 KM,Automatic,Gas,"4,000,000 EGP",,Mercedes,E 200,https://eg.hatla2ee.com/en/new-car/mercedes/e-200/unit/7198571,https://legion-images.hatla2ee.com/listing_image/d42e3837-a13a-4a43-a175-0e7262bf1c31/medium.jpg,2026-04-30 15:56:18
301,new,Hyundai I30 2026,2026,0 KM,Automatic,Gas,"1,150,000 EGP",,Hyundai,I30,https://eg.hatla2ee.com/en/new-car/hyundai/i30/unit/7198569,https://legion-images.hatla2ee.com/listing_image/86093779-91b1-4b26-9bc3-f389b25baa87/medium.jpg,2026-04-30 15:56:18
302,new,Mercedes C 180 2025,2025,0 KM,Automatic,Gas,"3,850,000 EGP",,Mercedes,C 180,https://eg.hatla2ee.com/en/new-car/mercedes/c-180/unit/7198564,https://legion-images.hatla2ee.com/listing_image/f63f8089-95c5-4332-a945-91481de69046/medium.jpg,2026-04-30 15:56:28
303,new,Mercedes C 200 2026,2026,0 KM,Automatic,Gas,"3,900,000 EGP",,Mercedes,C 200,https://eg.hatla2ee.com/en/new-car/mercedes/c-200/unit/7168990,https://legion-images.hatla2ee.com/listing_image/3bb53c6a-8d87-49a2-b217-75325a56294d/medium.jpg,2026-04-30 15:56:44
303,new,Mercedes G63 2026,2026,0 KM,Automatic,Gas,"20,500,000 EGP",,Mercedes,G63,https://eg.hatla2ee.com/en/new-car/mercedes/mercedes-benz-g63/unit/7198378,https://legion-images.hatla2ee.com/listing_image/b67b593c-292c-4b5c-a4bc-f3d12eb65225/medium.jpg,2026-04-30 15:56:50
304,new,Mercedes GLA 2024,2024,0 KM,Automatic,Gas,"3,150,000 EGP",,Mercedes,GLA,https://eg.hatla2ee.com/en/new-car/mercedes/gla/unit/7197928,https://legion-images.hatla2ee.com/listing_image/2e6fbd64-ba5c-414e-923a-1841d198e7a2/medium.jpg,2026-04-30 15:57:03
304,new,Nissan Sentra 2026,2026,0 KM,Automatic,Gas,"1,020,000 EGP",,Nissan,Sentra,https://eg.hatla2ee.com/en/new-car/nissan/sentra/unit/7198394,https://legion-images.hatla2ee.com/listing_image/3a7a5599-66b7-448a-a7c4-c2e59a33064a/medium.jpg,2026-04-30 15:57:04
304,new,Mercedes E 200 2026,2026,0 KM,Automatic,Gas,"5,850,000 EGP",,Mercedes,E 200,https://eg.hatla2ee.com/en/new-car/mercedes/e-200/unit/7155036,https://legion-images.hatla2ee.com/listing_image/b781ab89-9d3d-4a69-b506-e032f0e86562/medium.jpg,2026-04-30 15:57:06
304,new,Toyota Land Cruiser 70 2021,2021,0 KM,Automatic,Gas,"7,000,000 EGP",,Toyota,Land Cruiser 70,https://eg.hatla2ee.com/en/new-car/toyota/Land-Cruiser-70/unit/7195552,https://legion-images.hatla2ee.com/listing_image/8f722206-cd58-4177-aee5-cace506d6749/medium.jpg,2026-04-30 15:57:06
305,new,Peugeot 3008 2016,2016,0 KM,Automatic,Gas,"620,000 EGP",,Peugeot 3008,Imported,https://eg.hatla2ee.com/en/new-car/imported/peugeot/3008/7195186,https://legion-images.hatla2ee.com/listing_image/d9ec970e-cb66-4381-b134-c4f18a157b9b/medium.jpg,2026-04-30 15:57:20
305,new,Kia Sorento 2025,2025,0 KM,Automatic,Hybrid,"2,000,000 EGP",,Kia,Sorento,https://eg.hatla2ee.com/en/new-car/kia/sorento/unit/7198341,https://legion-images.hatla2ee.com/listing_image/d605bb89-9a44-4061-b330-d2f9a717d67c/medium.jpg,2026-04-30 15:57:23
305,new,Toyota Fortuner 2026,2026,0 KM,Automatic,Gas,"3,950,000 EGP",,Toyota,Fortuner,https://eg.hatla2ee.com/en/new-car/toyota/fortuner/unit/7198313,https://legion-images.hatla2ee.com/listing_image/fa390aed-6d7e-4b47-8ac0-2badd3fc3ce2/medium.jpg,2026-04-30 15:57:27
306,new,Chery Arrizo 5 2026,2026,0 KM,Automatic,Gas,"885,000 EGP",,Chery,Arrizo 5,https://eg.hatla2ee.com/en/new-car/chery/Arrizo-5/unit/7156425,https://legion-images.hatla2ee.com/listing_image/f978bcd3-afcc-44e4-8cef-52010f8c3ac2/medium.jpg,2026-04-30 15:57:39
306,new,Xiaomi Yu7 2025,2025,0 KM,Automatic,Electric,"2,860,000 EGP",,Xiaomi,Yu7,https://eg.hatla2ee.com/en/new-car/xiaomi/xiaomi-yu7/unit/7198296,https://legion-images.hatla2ee.com/listing_image/4a3030a5-3bc9-409d-ba49-03d92db40e19/medium.jpg,2026-04-30 15:57:40
306,new,BMW I3 2026,2026,0 KM,Automatic,Electric,"2,600,000 EGP",,BMW,I3,https://eg.hatla2ee.com/en/new-car/bmw/i3/unit/7198274,https://legion-images.hatla2ee.com/listing_image/f7685bb1-1b04-449f-ad4f-98548c506cf5/medium.jpg,2026-04-30 15:57:42
307,new,Lamborghini Urus 2026,2026,0 KM,Automatic,Gas,"27,000,000 EGP",,Lamborghini,Urus,https://eg.hatla2ee.com/en/new-car/lamborghini/Urus/unit/7198249,https://legion-images.hatla2ee.com/listing_image/ff24757b-88a2-4a9a-81ab-688599241c0b/medium.jpg,2026-04-30 15:57:57
307,new,Hyundai Tucson GDI 2026,2026,0 KM,Automatic,Gas,"1,950,000 EGP",,Hyundai,Tucson GDI,https://eg.hatla2ee.com/en/new-car/hyundai/Tucson-GDI/unit/42490,https://legion-images.hatla2ee.com/listing_image/77927f56-9acc-4641-b072-481454a83eb7/medium.jpg,2026-04-30 15:57:58
307,new,Mitsubishi Eclipse Cross 2026,2026,0 KM,Automatic,Gas,"1,550,000 EGP",,Mitsubishi,Eclipse Cross,https://eg.hatla2ee.com/en/new-car/mitsubishi/Eclipse-Cross/unit/7150936,https://legion-images.hatla2ee.com/listing_image/185b89fc-e79f-4d60-87e9-da29422b1521/medium.jpg,2026-04-30 15:57:59
307,new,Chery Tiggo 7 pro max 2026,2026,0 KM,Automatic,Gas,"1,300,000 EGP",,Chery,Tiggo 7 pro max,https://eg.hatla2ee.com/en/new-car/chery/Tiggo-7-pro-max/unit/7150982,https://legion-images.hatla2ee.com/listing_image/561413f1-5990-450d-8da4-e02091a15d5e/medium.jpg,2026-04-30 15:58:00
307,new,Chery Tiggo 8 Pro 2026,2026,0 KM,Automatic,Gas,"1,590,000 EGP",,Chery,Tiggo 8 Pro,https://eg.hatla2ee.com/en/new-car/chery/Tiggo-8-Pro/unit/7160785,https://legion-images.hatla2ee.com/listing_image/7e6d3e53-6742-4630-aa22-afbc3f208828/medium.jpg,2026-04-30 15:58:01
307,new,Mercedes Vito 2026,2026,0 KM,Automatic,Gas,"5,900,000 EGP",,Mercedes,Vito,https://eg.hatla2ee.com/en/new-car/mercedes/Vito/unit/7185745,https://legion-images.hatla2ee.com/listing_image/92dfc0df-26c2-4aa6-8a26-d40657ba5d83/medium.jpg,2026-04-30 15:58:01
307,new,Haval H7 2026,2026,0 KM,Automatic,Hybrid,"1,760,000 EGP",,Haval,H7,https://eg.hatla2ee.com/en/new-car/haval/haval-H7/unit/7164120,https://legion-images.hatla2ee.com/listing_image/8c6dd90f-6022-4eb8-8cb2-a69455e23ca9/medium.jpg,2026-04-30 15:58:02
307,new,Hyundai I30 2026,2026,0 KM,Automatic,Gas,"1,400,000 EGP",,Hyundai,I30,https://eg.hatla2ee.com/en/new-car/hyundai/i30/unit/41664,https://legion-images.hatla2ee.com/listing_image/4dc0f4f4-09a8-4567-9d5c-1b30ccd543a4/medium.jpg,2026-04-30 15:58:03
307,new,Mercedes GLC 43 2026,2026,0 KM,Automatic,Gas,"6,250,000 EGP",,Mercedes,GLC 43,https://eg.hatla2ee.com/en/new-car/mercedes/mercedes-benz-glc-43/unit/7185496,https://legion-images.hatla2ee.com/listing_image/4a44393c-8ae0-483c-8f5a-a2f0a8942afb/medium.jpg,2026-04-30 15:58:04
307,new,Gmc Other 2026,2026,0 KM,Automatic,Diesel,"735,000 EGP",,Gmc,Other,https://eg.hatla2ee.com/en/new-car/gmc/other-gmc/unit/41128,https://legion-images.hatla2ee.com/listing_image/f8cb5230-5adf-4a0f-9cc2-e7d5b9ab969a/medium.jpg,2026-04-30 15:58:04
307,new,Mercedes GLA 200 2026,2026,0 KM,Automatic,Gas,"3,250,000 EGP",,Mercedes,GLA 200,https://eg.hatla2ee.com/en/new-car/mercedes/GLA-200/unit/7185499,https://legion-images.hatla2ee.com/listing_image/924342a4-0a56-477e-93fa-2c99e06b0f40/medium.jpg,2026-04-30 15:58:05
307,new,Changan CS 55 2026,2026,0 KM,Automatic,Gas,"1,100,000 EGP",,Changan,CS 55,https://eg.hatla2ee.com/en/new-car/changan/CS-55/unit/7144797,https://legion-images.hatla2ee.com/listing_image/bc9acc3e-7e81-4852-a094-1fc6da3fd8cb/medium.jpg,2026-04-30 15:58:05
307,new,Chery Arrizo 8 2026,2026,0 KM,Automatic,Gas,"1,380,000 EGP",,Chery,Arrizo 8,https://eg.hatla2ee.com/en/new-car/chery/Arrizo-8/unit/7144823,https://legion-images.hatla2ee.com/listing_image/3b5c4627-0ede-461a-97a6-de668d968e93/medium.jpg,2026-04-30 15:58:05
307,new,Changan Eado 2026,2026,0 KM,Automatic,Gas,"1,100,000 EGP",,Changan,Eado,https://eg.hatla2ee.com/en/new-car/changan/eado/unit/7150925,https://legion-images.hatla2ee.com/listing_image/28bbfc80-21f3-4004-9302-67d356723172/medium.jpg,2026-04-30 15:58:06
308,new,Toyota Land Cruiser 2026,2026,0 KM,Automatic,Gas,"7,500,000 EGP",,Toyota,Land Cruiser,https://eg.hatla2ee.com/en/new-car/toyota/land-cruiser/unit/7185490,https://legion-images.hatla2ee.com/listing_image/912c57f4-9244-4696-bc9a-c0c06539a12e/medium.jpg,2026-04-30 15:58:15
308,new,Haval H6 2026,2026,0 KM,Automatic,Gas,"1,565,000 EGP",,Haval,H6,https://eg.hatla2ee.com/en/new-car/haval/haval-h6/unit/42488,https://legion-images.hatla2ee.com/listing_image/f293e4c6-245d-44b5-a2bc-a7e2332412c3/medium.jpg,2026-04-30 15:58:16
308,new,Cadillac Escalade 2026,2026,0 KM,Automatic,Gas,"12,000,000 EGP",,Cadillac,Escalade,https://eg.hatla2ee.com/en/new-car/cadillac/escalade/unit/43121,https://legion-images.hatla2ee.com/listing_image/55928ad6-67c5-4dfe-bdde-fce735fdb51d/medium.jpg,2026-04-30 15:58:16
308,new,Haval Jolion 2026,2026,0 KM,Automatic,Gas,"1,265,000 EGP",,Haval,Jolion,https://eg.hatla2ee.com/en/new-car/haval/Jolion/unit/7180313,https://legion-images.hatla2ee.com/listing_image/02c3f7b8-adcc-4dfe-b04f-3aa9522eb02e/medium.jpg,2026-04-30 15:58:16
308,new,Nissan Patrol 2026,2026,0 KM,Automatic,Gas,"7,500,000 EGP",,Nissan,Patrol,https://eg.hatla2ee.com/en/new-car/nissan/patrol/unit/7185486,https://legion-images.hatla2ee.com/listing_image/f238190e-d7fc-4b18-8ff4-42ef2d69915f/medium.jpg,2026-04-30 15:58:17
308,new,Geely City Ray 2026,2026,0 KM,Automatic,Gas,"1,250,000 EGP",,Geely,City Ray,https://eg.hatla2ee.com/en/new-car/geely/City-Ray/unit/41733,https://legion-images.hatla2ee.com/listing_image/b54dde90-dc93-4eee-92c6-8bd0aa246bd3/medium.jpg,2026-04-30 15:58:17
308,new,Chery Tiggo 8 2026,2026,0 KM,Automatic,Gas,"1,215,000 EGP",,Chery,Tiggo 8,https://eg.hatla2ee.com/en/new-car/chery/Tiggo-8/unit/7180316,https://legion-images.hatla2ee.com/listing_image/a0d068a8-81bc-4004-8a20-70e12a4a027d/medium.jpg,2026-04-30 15:58:17
308,new,Changan CS75 2026,2026,0 KM,Automatic,Gas,"1,600,000 EGP",,Changan,CS75,https://eg.hatla2ee.com/en/new-car/changan/CS75/unit/7180321,https://legion-images.hatla2ee.com/listing_image/67104045-436b-4993-98a8-d6d0364cfb1a/medium.jpg,2026-04-30 15:58:18
308,new,Mercedes CLE 200 2026,2026,0 KM,Automatic,Gas,"4,750,000 EGP",,Mercedes,CLE 200,https://eg.hatla2ee.com/en/new-car/mercedes/mercedes-benz-cle-200/unit/7184657,https://legion-images.hatla2ee.com/listing_image/8caabd58-f724-4b6f-8912-47e69c11e2ba/medium.jpg,2026-04-30 15:58:19
308,new,Land Rover Range Rover Evoque 2026,2026,0 KM,Automatic,Gas,"4,300,000 EGP",,Land Rover,Range Rover Evoque,https://eg.hatla2ee.com/en/new-car/land-rover/evoque/unit/7198211,https://legion-images.hatla2ee.com/listing_image/956e26f3-e8b5-444f-a18c-7840a377a054/medium.jpg,2026-04-30 15:58:20
308,new,Toyota Corolla 2026,2026,0 KM,Automatic,Gas,"1,575,000 EGP",,Toyota,Corolla,https://eg.hatla2ee.com/en/new-car/toyota/corolla/unit/7197895,https://legion-images.hatla2ee.com/listing_image/2dc653ce-7f34-4d30-b83c-a53f4937ff41/medium.jpg,2026-04-30 15:58:20
308,new,Jetour T2 2026,2026,0 KM,Automatic,Gas,"2,090,000 EGP",,Jetour,T2,https://eg.hatla2ee.com/en/new-car/jetour/T2/unit/7198200,https://legion-images.hatla2ee.com/listing_image/5b989822-23d7-4b79-9579-76b71da7f310/medium.jpg,2026-04-30 15:58:21
309,new,Mercedes E 200 2025,2025,0 KM,Automatic,Gas,"5,450,000 EGP",,Mercedes,E 200,https://eg.hatla2ee.com/en/new-car/mercedes/e-200/unit/7198192,https://legion-images.hatla2ee.com/listing_image/901c5ea6-7650-448d-9a2c-4b47a37fdaa7/medium.jpg,2026-04-30 15:58:31
309,new,Nissan Sentra 2026,2026,0 KM,Automatic,Gas,"1,050,000 EGP",,Nissan,Sentra,https://eg.hatla2ee.com/en/new-car/nissan/sentra/unit/41673,https://legion-images.hatla2ee.com/listing_image/688f0c85-ef2e-4aa0-8806-a092e9acec03/medium.jpg,2026-04-30 15:58:34
309,new,Chevrolet Optra 2026,2026,0 KM,Automatic,Gas,"835,000 EGP",,Chevrolet,Optra,https://eg.hatla2ee.com/en/new-car/chevrolet/optra/unit/41567,https://legion-images.hatla2ee.com/listing_image/0b23584f-217a-4d43-a59b-83b4ab574497/medium.jpg,2026-04-30 15:58:34
309,new,Audi A5 2025,2025,0 KM,Automatic,Gas,"3,750,000 EGP",,Audi,A5,https://eg.hatla2ee.com/en/new-car/audi/a5/unit/7198167,https://legion-images.hatla2ee.com/listing_image/7fcfd578-d39c-4c42-b8ca-2b0c044a5ce5/medium.jpg,2026-04-30 15:58:35
309,new,Avatr 07 2025,2025,0 KM,Automatic,Electric,"3,250,000 EGP",,Avatr,07,https://eg.hatla2ee.com/en/new-car/avatr/avatr-07/unit/7198163,https://legion-images.hatla2ee.com/listing_image/6e0abc4a-ec0d-418d-896b-011391ed3837/medium.jpg,2026-04-30 15:58:36
309,new,Cadillac Escalade 2024,2024,0 KM,Automatic,Gas,"12,500,000 EGP",,Cadillac,Escalade,https://eg.hatla2ee.com/en/new-car/cadillac/escalade/unit/7198161,https://legion-images.hatla2ee.com/listing_image/cb9ba847-8457-4333-935e-bc243a7f97fa/medium.jpg,2026-04-30 15:58:36
310,new,Nissan N7 2025,2025,0 KM,Automatic,Electric,"1,560,000 EGP",,Nissan,N7,https://eg.hatla2ee.com/en/new-car/nissan/n7/unit/7185305,https://legion-images.hatla2ee.com/listing_image/61e4898c-e104-44f7-af72-e173a87be720/medium.jpg,2026-04-30 15:58:44
310,new,Proton Saga 2026,2026,0 KM,Automatic,Gas,"660,000 EGP",,Proton,Saga,https://eg.hatla2ee.com/en/new-car/proton/saga/unit/7154517,https://legion-images.hatla2ee.com/listing_image/0dc53d77-1415-4edd-a264-ea5da17241a5/medium.jpg,2026-04-30 15:58:45
310,new,Byd Leopard 5 2025,2025,0 KM,Automatic,Electric,"3,100,000 EGP",,Byd,Leopard 5,https://eg.hatla2ee.com/en/new-car/byd/Byd_Leopard+5/unit/7186207,https://legion-images.hatla2ee.com/listing_image/afcec1ca-412f-4fb8-b641-b01d839fb231/medium.jpg,2026-04-30 15:58:46
310,new,Toyota Land Cruiser 2025,2025,0 KM,Automatic,Gas,"8,500,000 EGP",,Toyota,Land Cruiser,https://eg.hatla2ee.com/en/new-car/toyota/land-cruiser/unit/7162558,https://legion-images.hatla2ee.com/listing_image/228cd79f-5a68-4c7d-8217-1c5f56ae94a2/medium.jpg,2026-04-30 15:58:53
310,new,Mercedes GLA 200 2026,2026,0 KM,Automatic,Gas,"3,550,000 EGP",,Mercedes,GLA 200,https://eg.hatla2ee.com/en/new-car/mercedes/GLA-200/unit/7198097,https://legion-images.hatla2ee.com/listing_image/af547f8f-584d-4aab-986e-f89be33589a5/medium.jpg,2026-04-30 15:58:54
311,new,Haval H7 2026,2026,0 KM,Automatic,Gas,"660,000 EGP",,Haval,H7,https://eg.hatla2ee.com/en/new-car/haval/haval-H7/unit/7166567,https://legion-images.hatla2ee.com/listing_image/825d4c05-95ad-4463-9fc0-660e52bc1c90/medium.jpg,2026-04-30 15:59:08
311,new,Land Rover Range Rover Evoque 2026,2026,0 KM,Automatic,Gas,"4,250,000 EGP",,Land Rover,Range Rover Evoque,https://eg.hatla2ee.com/en/new-car/land-rover/evoque/unit/7198067,https://legion-images.hatla2ee.com/listing_image/d810c226-39e0-4bd3-9da2-565abee72a71/medium.jpg,2026-04-30 15:59:12
311,new,Mercedes C 200 2026,2026,0 KM,Automatic,Gas,"4,250,000 EGP",,Mercedes,C 200,https://eg.hatla2ee.com/en/new-car/mercedes/c-200/unit/7198069,https://legion-images.hatla2ee.com/listing_image/536d9129-ec5c-4b73-92ce-c5222dbc4ca9/medium.jpg,2026-04-30 15:59:13
311,new,Mercedes GLC 300 2026,2026,0 KM,Automatic,Gas,"5,950,000 EGP",,Mercedes,GLC 300,https://eg.hatla2ee.com/en/new-car/mercedes/glc-300/unit/7198061,https://legion-images.hatla2ee.com/listing_image/824456cf-fcb5-4170-901a-5f4ad03f9800/medium.jpg,2026-04-30 15:59:13
311,new,Avatr 12 2025,2025,0 KM,Automatic,Electric,"4,000,000 EGP",,Avatr,12,https://eg.hatla2ee.com/en/new-car/avatr/avatr-12/unit/43845,https://legion-images.hatla2ee.com/listing_image/1a6ba0c7-a116-4c5b-9d49-9beff36b7a38/medium.jpg,2026-04-30 15:59:14
312,new,Zeekr 7X 2025,2025,0 KM,Automatic,Electric,"2,720,000 EGP",,Zeekr 7X,Imported,https://eg.hatla2ee.com/en/new-car/imported/zeekr/zeekr-7x/7198014,https://legion-images.hatla2ee.com/listing_image/204fcef5-416f-4f19-90c2-a082c4c8d9b2/medium.jpg,2026-04-30 15:59:25
312,new,Cupra Terramar 2026,2026,0 KM,Automatic,Gas,"2,350,000 EGP",,Cupra,Terramar,https://eg.hatla2ee.com/en/new-car/cupra/Terramar/unit/7197946,https://legion-images.hatla2ee.com/listing_image/5b19cd99-634d-4a58-976a-ee7962ec4b33/medium.jpg,2026-04-30 15:59:32
313,new,Renault Sandero 2017,2017,0 KM,Automatic,Gas,"550,000 EGP",,Renault,Sandero,https://eg.hatla2ee.com/en/new-car/renault/sandero/111/7197894,https://legion-images.hatla2ee.com/listing_image/fadf8b7e-adeb-4417-b597-c3c202063180/medium.jpg,2026-04-30 15:59:46
313,new,Mitsubishi Lancer Puma 2007,2007,0 KM,Automatic,Natural Gas,"465,000 EGP",,Mitsubishi,Lancer Puma,https://eg.hatla2ee.com/en/new-car/mitsubishi/Lancer-Puma/unit/7197897,https://legion-images.hatla2ee.com/listing_image/9b2cd1e5-b966-4173-8c75-a353686cf52c/medium.jpg,2026-04-30 15:59:46
313,new,Kia Carnival 2025,2025,0 KM,Automatic,Hybrid,"3,400,000 EGP",,Kia,Carnival,https://eg.hatla2ee.com/en/new-car/kia/carnival/unit/7185611,https://legion-images.hatla2ee.com/listing_image/2013cf86-9ed5-452c-89c2-cadd493a9b4e/medium.jpg,2026-04-30 15:59:47
313,new,Changan CS 55 2026,2026,0 KM,Automatic,Gas,"1,180,000 EGP",,Changan,CS 55,https://eg.hatla2ee.com/en/new-car/changan/CS-55/unit/7197850,https://legion-images.hatla2ee.com/listing_image/e33948b1-69bd-4bd3-8dac-574868ce8a8c/medium.jpg,2026-04-30 15:59:50
313,new,Kia Sportage 2024,2024,0 KM,Automatic,Gas,"2,300,000 EGP",,Kia,Sportage,https://eg.hatla2ee.com/en/new-car/kia/sportage/43778/7197779,https://legion-images.hatla2ee.com/listing_image/de4abafe-c5e0-4744-ae70-d4baa4e8219b/medium.jpg,2026-04-30 15:59:51
314,new,Deepal S 05 2025,2025,0 KM,Automatic,Hybrid,"1,740,000 EGP",,Deepal,S 05,https://eg.hatla2ee.com/en/new-car/deepal/Deepal_S05/unit/7194679,https://legion-images.hatla2ee.com/listing_image/aa613d09-56a9-4be8-a820-44c376656c10/medium.jpg,2026-04-30 16:00:03
314,new,Audi A5 2025,2025,0 KM,Automatic,Gas,"3,275,000 EGP",,Audi,A5,https://eg.hatla2ee.com/en/new-car/audi/a5/unit/7197819,https://legion-images.hatla2ee.com/listing_image/6ab0a13f-ca7c-45e4-b532-d96cfb449ef3/medium.jpg,2026-04-30 16:00:04
314,new,Nissan Sunny 2026,2026,0 KM,Automatic,Gas,"745,000 EGP",,Nissan,Sunny,https://eg.hatla2ee.com/en/new-car/nissan/sunny/unit/7141086,https://legion-images.hatla2ee.com/listing_image/91fffded-212f-4e44-a9d1-41fdd1fce6df/medium.jpg,2026-04-30 16:00:05
314,new,Mercedes C 180 2025,2025,0 KM,Automatic,Gas,"3,750,000 EGP",,Mercedes,C 180,https://eg.hatla2ee.com/en/new-car/mercedes/c-180/unit/7197812,https://legion-images.hatla2ee.com/listing_image/d9c39011-e21f-424b-b5b1-1d3eeaf45f0b/medium.jpg,2026-04-30 16:00:05
315,new,Mercedes GLC 43 2026,2026,0 KM,Automatic,Gas,"7,700,000 EGP",,Mercedes,GLC 43,https://eg.hatla2ee.com/en/new-car/mercedes/mercedes-benz-glc-43/unit/7197800,https://legion-images.hatla2ee.com/listing_image/c02115e5-452d-4e4a-92a5-2b266af79d8d/medium.jpg,2026-04-30 16:00:15
315,new,Deepal S 05 2025,2025,0 KM,Automatic,Hybrid,"1,650,000 EGP",,Deepal,S 05,https://eg.hatla2ee.com/en/new-car/deepal/Deepal_S05/unit/7171724,https://legion-images.hatla2ee.com/listing_image/b71b9b44-ce73-426b-b7c9-6da564fe87f5/medium.jpg,2026-04-30 16:00:19
315,new,Deepal S 07 2025,2025,0 KM,Automatic,Hybrid,"2,075,000 EGP",,Deepal,S 07,https://eg.hatla2ee.com/en/new-car/deepal/Deepal_s07/unit/7186396,https://legion-images.hatla2ee.com/listing_image/aca15e12-06c6-4fb5-920d-6f43d62a3d24/medium.jpg,2026-04-30 16:00:20
315,new,Chery Tiggo 8 2026,2026,0 KM,Automatic,Gas,"1,215,000 EGP",,Chery,Tiggo 8,https://eg.hatla2ee.com/en/new-car/chery/Tiggo-8/unit/7197775,https://legion-images.hatla2ee.com/listing_image/c1585734-4075-4c09-b0b3-9fff405b0e1a/medium.jpg,2026-04-30 16:00:20
315,new,Mercedes GLC 43 2026,2026,0 KM,Automatic,Gas,"7,850,000 EGP",,Mercedes,GLC 43,https://eg.hatla2ee.com/en/new-car/mercedes/mercedes-benz-glc-43/unit/7197770,https://legion-images.hatla2ee.com/listing_image/5e1af742-4ef5-41ca-a06d-e34b7af106d2/medium.jpg,2026-04-30 16:00:22
315,new,Mercedes Viano 2026,2026,0 KM,Automatic,Gas,"6,900,000 EGP",,Mercedes,Viano,https://eg.hatla2ee.com/en/new-car/mercedes/Viano/unit/7197758,https://legion-images.hatla2ee.com/listing_image/cef136e7-23ac-4f16-a4ea-24bb258b5294/medium.jpg,2026-04-30 16:00:23
316,new,Soueast S 06 2026,2026,0 KM,Automatic,Gas,"1,550,000 EGP",,Soueast,S 06,https://eg.hatla2ee.com/en/new-car/soueast/S+06/unit/7197749,https://legion-images.hatla2ee.com/listing_image/7cda0d34-970b-4a30-a55a-358bc95b8f32/medium.jpg,2026-04-30 16:00:35
316,new,Honda ENP 2025,2025,0 KM,Automatic,Electric,"1,600,000 EGP",,Honda,ENP,https://eg.hatla2ee.com/en/new-car/honda/honda-enp/unit/42212,https://legion-images.hatla2ee.com/listing_image/61fd0b41-8fe4-4006-87b1-013deb1eff84/medium.jpg,2026-04-30 16:00:36
316,new,MG G50 2026,2026,0 KM,Automatic,Gas,"1,350,000 EGP",,MG,G50,https://eg.hatla2ee.com/en/new-car/moris-garage/g50/unit/7185361,https://legion-images.hatla2ee.com/listing_image/7f332b17-856c-4ab1-8aca-e30c49918c2e/medium.jpg,2026-04-30 16:00:37
316,new,Mercedes GLC 200 2026,2026,0 KM,Automatic,Gas,"5,650,000 EGP",,Mercedes,GLC 200,https://eg.hatla2ee.com/en/new-car/mercedes/GLC-200/unit/7197725,https://legion-images.hatla2ee.com/listing_image/cd0ee09c-3bc7-424c-bbfc-f9d497dd7cc5/medium.jpg,2026-04-30 16:00:38
316,new,Mercedes GLE 2026,2026,0 KM,Automatic,Gas,"8,400,000 EGP",,Mercedes,GLE,https://eg.hatla2ee.com/en/new-car/mercedes/gle/unit/7197720,https://legion-images.hatla2ee.com/listing_image/3e7f43f2-11ce-4db8-8f5e-125726bbe307/medium.jpg,2026-04-30 16:00:39
316,new,Mercedes GLC 200 2026,2026,0 KM,Automatic,Gas,"5,650,000 EGP",,Mercedes,GLC 200,https://eg.hatla2ee.com/en/new-car/mercedes/GLC-200/unit/7197715,https://legion-images.hatla2ee.com/listing_image/9c2d7faa-08df-4418-bd54-911218f79764/medium.jpg,2026-04-30 16:00:40
316,new,Mercedes GLC 200 2026,2026,0 KM,Automatic,Gas,"5,650,000 EGP",,Mercedes,GLC 200,https://eg.hatla2ee.com/en/new-car/mercedes/GLC-200/unit/7197714,https://legion-images.hatla2ee.com/listing_image/600c8ae1-4010-4a84-ad59-8b82b21801e5/medium.jpg,2026-04-30 16:00:40
317,new,Mercedes E 200 2025,2025,0 KM,Automatic,Gas,"5,500,000 EGP",,Mercedes,E 200,https://eg.hatla2ee.com/en/new-car/mercedes/e-200/unit/7197696,https://legion-images.hatla2ee.com/listing_image/9775e03c-905e-4477-a0d3-a4039fdc2701/medium.jpg,2026-04-30 16:00:52
317,new,Jetour T2 2026,2026,0 KM,Automatic,Gas,"1,840,000 EGP",,Jetour,T2,https://eg.hatla2ee.com/en/new-car/jetour/T2/unit/41319,https://legion-images.hatla2ee.com/listing_image/8c21a527-7bbb-462b-8094-91a53a8a8a34/medium.jpg,2026-04-30 16:00:54
317,new,Xiaomi SU7 2025,2025,0 KM,Automatic,Electric,"2,590,000 EGP",,Xiaomi,SU7,https://eg.hatla2ee.com/en/new-car/xiaomi/Xiaomi_Su7/unit/7195760,https://legion-images.hatla2ee.com/listing_image/20e8df82-c5c2-40b0-acd1-cdf024c84a7c/medium.jpg,2026-04-30 16:00:57
317,new,Suzuki Swift 2026,2026,0 KM,Automatic,Gas,"915,000 EGP",,Suzuki,Swift,https://eg.hatla2ee.com/en/new-car/suzuki/swift/unit/7139344,https://legion-images.hatla2ee.com/listing_image/3fbdaa24-e2d1-423a-90ad-589e5ae78b2d/medium.jpg,2026-04-30 16:00:59
317,new,Mercedes C 200 2026,2026,0 KM,Automatic,Gas,"4,250,000 EGP",,Mercedes,C 200,https://eg.hatla2ee.com/en/new-car/mercedes/c-200/unit/7181943,https://legion-images.hatla2ee.com/listing_image/2a2d8bb1-ac74-4af5-91da-a9432ea853b3/medium.jpg,2026-04-30 16:00:59
317,new,Chery Tiggo 7 2026,2026,0 KM,Automatic,Gas,"1,100,000 EGP",,Chery,Tiggo 7,https://eg.hatla2ee.com/en/new-car/chery/Tiggo-7/unit/40494,https://legion-images.hatla2ee.com/listing_image/687e2587-0e5d-49dd-8a7e-e4c1a2e2ca79/medium.jpg,2026-04-30 16:01:00
318,new,Renault Duster 2026,2026,0 KM,Automatic,Gas,"1,430,000 EGP",,Renault,Duster,https://eg.hatla2ee.com/en/new-car/renault/duster/unit/40074,https://legion-images.hatla2ee.com/listing_image/13f2651e-c298-4064-bbfe-a4a27072dbf0/medium.jpg,2026-04-30 16:01:08
318,new,Avatr 12 2024,2024,0 KM,Automatic,Electric,"2,900,000 EGP",,Avatr,12,https://eg.hatla2ee.com/en/new-car/avatr/avatr-12/unit/7197625,https://legion-images.hatla2ee.com/listing_image/626b51e7-4820-4d94-a9f6-b35c1bd6caea/medium.jpg,2026-04-30 16:01:13
318,new,Mercedes A 35 AMG 2026,2026,0 KM,Automatic,Gas,"4,850,000 EGP",,Mercedes,A 35 AMG,https://eg.hatla2ee.com/en/new-car/mercedes/A-35-AMG/unit/7197616,https://legion-images.hatla2ee.com/listing_image/7a584fe4-df2b-4b15-aba5-3e70a937a1b0/medium.jpg,2026-04-30 16:01:14
318,new,Rox 01 2026,2026,0 KM,Automatic,Gas,"4,000,000 EGP",,Rox,01,https://eg.hatla2ee.com/en/new-car/rox/rox-01/unit/7197617,https://legion-images.hatla2ee.com/listing_image/756fe803-7d9e-463d-93ec-e165a0b6a4c3/medium.jpg,2026-04-30 16:01:15
319,new,Xiaomi SU7 2025,2025,0 KM,Automatic,Electric,"2,600,000 EGP",,Xiaomi,SU7,https://eg.hatla2ee.com/en/new-car/xiaomi/Xiaomi_Su7/unit/7197599,https://legion-images.hatla2ee.com/listing_image/455cb0ce-58dd-4d4f-b4dd-e3504e7683c0/medium.jpg,2026-04-30 16:01:27
319,new,Mercedes E 200 2026,2026,0 KM,Automatic,Gas,"5,750,000 EGP",,Mercedes,E 200,https://eg.hatla2ee.com/en/new-car/mercedes/e-200/unit/7182012,https://legion-images.hatla2ee.com/listing_image/bf238aeb-87c1-406a-be5f-37ed941ecf2e/medium.jpg,2026-04-30 16:01:28
319,new,Seat Ibiza 2026,2026,0 KM,Automatic,Gas,"1,200,000 EGP",,Seat,Ibiza,https://eg.hatla2ee.com/en/new-car/seat/ibiza/unit/7183586,https://legion-images.hatla2ee.com/listing_image/70388220-886a-4482-89ea-4d567a34c7ef/medium.jpg,2026-04-30 16:01:29
320,new,Kia Sportage 2024,2024,0 KM,Automatic,Gas,"2,300,000 EGP",,Kia,Sportage,https://eg.hatla2ee.com/en/new-car/kia/sportage/unit/7197552,https://legion-images.hatla2ee.com/listing_image/c3164a69-178f-44c9-bc90-c32f30038ee6/medium.jpg,2026-04-30 16:01:47
320,new,Toyota Hilux 2025,2025,0 KM,Automatic,Gas,"3,900,000 EGP",,Toyota,Hilux,https://eg.hatla2ee.com/en/new-car/toyota/hilux/unit/7197548,https://legion-images.hatla2ee.com/listing_image/5faa360a-95a1-4736-9897-ccd45b49f488/medium.jpg,2026-04-30 16:01:48
320,new,Hyundai Elantra 2025,2025,0 KM,Automatic,Gas,"1,680,000 EGP",,Hyundai,Elantra,https://eg.hatla2ee.com/en/new-car/hyundai/elantra/unit/7197547,https://legion-images.hatla2ee.com/listing_image/ec64f69e-9349-4f36-ab6c-59c6097679b6/medium.jpg,2026-04-30 16:01:49
320,new,MG ZS 2026,2026,0 KM,Automatic,Gas,"1,315,000 EGP",,MG,ZS,https://eg.hatla2ee.com/en/new-car/moris-garage/zs/unit/7165206,https://legion-images.hatla2ee.com/listing_image/eadec86e-d5df-47d2-9483-117e51a4bc76/medium.jpg,2026-04-30 16:01:51
320,new,Rox 01 2026,2026,0 KM,Automatic,Gas,"3,900,000 EGP",,Rox,01,https://eg.hatla2ee.com/en/new-car/rox/rox-01/unit/7197523,https://legion-images.hatla2ee.com/listing_image/a0fd8dde-f473-4a2c-a3b0-968fb0d2498d/medium.jpg,2026-04-30 16:01:52
320,new,Rox 01 2026,2026,0 KM,Automatic,Gas,"4,000,000 EGP",,Rox,01,https://eg.hatla2ee.com/en/new-car/rox/rox-01/unit/7197518,https://legion-images.hatla2ee.com/listing_image/e4760d3f-d67f-4b48-ade7-8ddf62e2ea58/medium.jpg,2026-04-30 16:01:53
321,new,Mercedes E 200 2026,2026,0 KM,Automatic,Gas,"5,850,000 EGP",,Mercedes,E 200,https://eg.hatla2ee.com/en/new-car/mercedes/e-200/unit/7167312,https://legion-images.hatla2ee.com/listing_image/04a05016-0303-4b37-91e4-115c5fff4178/medium.jpg,2026-04-30 16:02:12
321,new,Mercedes C 200 2026,2026,0 KM,Automatic,Gas,"4,200,000 EGP",,Mercedes,C 200,https://eg.hatla2ee.com/en/new-car/mercedes/c-200/unit/7197415,https://legion-images.hatla2ee.com/listing_image/27e8774c-a70b-436d-9528-7140e010a062/medium.jpg,2026-04-30 16:02:12
322,new,Cupra Leon 2026,2026,0 KM,Automatic,Gas,"1,990,000 EGP",,Cupra,Leon,https://eg.hatla2ee.com/en/new-car/cupra/leon-cupra/unit/7197371,https://legion-images.hatla2ee.com/listing_image/f4519330-3d03-422e-95d1-153a1f0b5db2/medium.jpg,2026-04-30 16:02:24
323,new,Xiaomi Yu7 2025,2025,0 KM,Automatic,Electric,"3,150,000 EGP",,Xiaomi,Yu7,https://eg.hatla2ee.com/en/new-car/xiaomi/xiaomi-yu7/unit/7195835,https://legion-images.hatla2ee.com/listing_image/d09efc3a-323d-4443-967c-6eca344211e9/medium.jpg,2026-04-30 16:02:44
324,new,Renault Kardian 2026,2026,0 KM,Automatic,Gas,"910,000 EGP",,Renault,Kardian,https://eg.hatla2ee.com/en/new-car/renault/Kardian/unit/7138821,https://legion-images.hatla2ee.com/listing_image/de172a35-01f3-4d10-91ad-6f2b2653ba43/medium.jpg,2026-04-30 16:02:55
324,new,Jac J2 2026,2026,0 KM,Automatic,Gas,"800,000 EGP",,Jac,J2,https://eg.hatla2ee.com/en/new-car/jac/j2/unit/7146625,https://legion-images.hatla2ee.com/listing_image/57eeba1a-0427-4437-88f6-11fb0d013769/medium.jpg,2026-04-30 16:02:56
325,new,Kia Carnival 2026,2026,0 KM,Automatic,Hybrid,"2,000,000 EGP",,Kia,Carnival,https://eg.hatla2ee.com/en/new-car/kia/carnival/unit/7195889,https://legion-images.hatla2ee.com/listing_image/28001c83-395c-40a9-8dad-d6e1c8ee0582/medium.jpg,2026-04-30 16:03:09
325,new,Dongfeng Huge 2025,2025,0 KM,Automatic,Gas,"1,600,000 EGP",,Dongfeng,Huge,https://eg.hatla2ee.com/en/new-car/dfm/Huge/unit/7183067,https://legion-images.hatla2ee.com/listing_image/a7874d3e-3671-4e17-a1a9-0acd6f02f3d3/medium.jpg,2026-04-30 16:03:09
325,new,Mercedes GLC 300 2026,2026,0 KM,Automatic,Gas,"6,300,000 EGP",,Mercedes,GLC 300,https://eg.hatla2ee.com/en/new-car/mercedes/glc-300/unit/7197197,https://legion-images.hatla2ee.com/listing_image/543151a3-a5a7-47ea-ade4-942f5dd89e17/medium.jpg,2026-04-30 16:03:13
325,new,Mercedes GLC 300 2024,2024,0 KM,Automatic,Gas,"5,350,000 EGP",,Mercedes,GLC 300,https://eg.hatla2ee.com/en/new-car/mercedes/glc-300/unit/7197184,https://legion-images.hatla2ee.com/listing_image/d5780db7-b00a-40b8-ac74-510e4341c509/medium.jpg,2026-04-30 16:03:14
325,new,BMW X6 M 2024,2024,0 KM,Automatic,Gas,"8,000,000 EGP",,BMW,X6 M,https://eg.hatla2ee.com/en/new-car/bmw/X6-M/unit/7197172,https://legion-images.hatla2ee.com/listing_image/ee26135f-e9a0-4c1e-a1e4-0ffcda66e4ad/medium.jpg,2026-04-30 16:03:15
325,new,Nissan Sunny 2026,2026,0 KM,Automatic,Gas,"745,000 EGP",,Nissan,Sunny,https://eg.hatla2ee.com/en/new-car/nissan/sunny/unit/7197153,https://legion-images.hatla2ee.com/listing_image/2e8e9445-74b5-438b-882c-a2a0d22f6b5f/medium.jpg,2026-04-30 16:03:16
325,new,BMW 520 2026,2026,0 KM,Automatic,Gas,"4,750,000 EGP",,BMW,520,https://eg.hatla2ee.com/en/new-car/bmw/520/unit/7197156,https://legion-images.hatla2ee.com/listing_image/2fd1b407-351b-4613-8388-5d2cb82a368c/medium.jpg,2026-04-30 16:03:16
325,new,Hyundai Tucson GDI 2026,2026,0 KM,Automatic,Gas,"1,950,000 EGP",,Hyundai,Tucson GDI,https://eg.hatla2ee.com/en/new-car/hyundai/Tucson-GDI/unit/7197151,https://legion-images.hatla2ee.com/listing_image/43bb55aa-98ce-4a6d-a087-0aaea868c752/medium.jpg,2026-04-30 16:03:17
325,new,Kaiyi X3 Pro 2026,2026,0 KM,Automatic,Gas,"1,060,000 EGP",,Kaiyi,X3 Pro,https://eg.hatla2ee.com/en/new-car/Kaiyi/KAIYI-X3-PRO/unit/7197147,https://legion-images.hatla2ee.com/listing_image/5230365d-c297-4b40-88b7-bb614ac2ca67/medium.jpg,2026-04-30 16:03:17
325,new,Nissan Qashqai 2026,2026,0 KM,Automatic,Gas,"1,580,000 EGP",,Nissan,Qashqai,https://eg.hatla2ee.com/en/new-car/nissan/qashqai/unit/7197146,https://legion-images.hatla2ee.com/listing_image/30523d7c-1da0-44be-9110-3a2a0fbcd882/medium.jpg,2026-04-30 16:03:17
325,new,Nissan Sentra 2026,2026,0 KM,Automatic,Gas,"1,040,000 EGP",,Nissan,Sentra,https://eg.hatla2ee.com/en/new-car/nissan/sentra/unit/7197143,https://legion-images.hatla2ee.com/listing_image/bff73a3e-994d-4f2c-8329-ae9f50b83ddc/medium.jpg,2026-04-30 16:03:18
326,new,Nissan Sentra 2026,2026,0 KM,Automatic,Gas,"1,040,000 EGP",,Nissan,Sentra,https://eg.hatla2ee.com/en/new-car/nissan/sentra/unit/7197143,https://legion-images.hatla2ee.com/listing_image/bff73a3e-994d-4f2c-8329-ae9f50b83ddc/medium.jpg,2026-04-30 16:03:25
326,new,Mercedes Viano 2026,2026,0 KM,Automatic,Gas,"7,000,000 EGP",,Mercedes,Viano,https://eg.hatla2ee.com/en/new-car/mercedes/Viano/unit/7197136,https://legion-images.hatla2ee.com/listing_image/a299eca9-5f59-41f4-bac9-9d903ecd9a6f/medium.jpg,2026-04-30 16:03:27
326,new,Kia Sportage 2026,2026,0 KM,Automatic,Gas,"2,490,000 EGP",,Kia,Sportage,https://eg.hatla2ee.com/en/new-car/kia/sportage/unit/7197135,https://legion-images.hatla2ee.com/listing_image/25fe28c2-7fd6-4d47-ad57-e8577f52b398/medium.jpg,2026-04-30 16:03:27
326,new,Volkswagen T-Roc 2026,2026,0 KM,Automatic,Gas,"1,800,000 EGP",,Volkswagen,T-Roc,https://eg.hatla2ee.com/en/new-car/volks-wagen/T-Roc/unit/7197065,https://legion-images.hatla2ee.com/listing_image/a7ee8bab-cf07-4224-bad2-b85d3fb320a0/medium.jpg,2026-04-30 16:03:30
326,new,BMW 218 2026,2026,0 KM,Automatic,Gas,"2,650,000 EGP",,BMW,218,https://eg.hatla2ee.com/en/new-car/bmw/218/unit/7149608,https://legion-images.hatla2ee.com/listing_image/8126d4b7-6f2a-4f65-bd06-33c3aa3311a6/medium.jpg,2026-04-30 16:03:33
326,new,Soueast S 05 2026,2026,0 KM,Automatic,Gas,"1,100,000 EGP",,Soueast,S 05,https://eg.hatla2ee.com/en/new-car/soueast/S+05/unit/42868,https://legion-images.hatla2ee.com/listing_image/1840b800-fc96-494d-9f24-e4ba732bd5d2/medium.jpg,2026-04-30 16:03:33
326,new,Byd Tang L 2025,2025,0 KM,Automatic,Electric,"2,800,000 EGP",,Byd,Tang L,https://eg.hatla2ee.com/en/new-car/byd/byd-tang-l/unit/7161668,https://legion-images.hatla2ee.com/listing_image/8be7ec87-88e5-4136-a522-9be7aa119300/medium.jpg,2026-04-30 16:03:35
327,new,Avatr 12 2025,2025,0 KM,Automatic,Electric,"3,350,000 EGP",,Avatr,12,https://eg.hatla2ee.com/en/new-car/avatr/avatr-12/unit/7133970,https://legion-images.hatla2ee.com/listing_image/b6764f5a-2b17-46cc-a834-879bd105e06d/medium.jpg,2026-04-30 16:03:41
327,new,Cupra Terramar 2026,2026,0 KM,Automatic,Gas,"2,370,000 EGP",,Cupra,Terramar,https://eg.hatla2ee.com/en/new-car/cupra/Terramar/unit/7184975,https://legion-images.hatla2ee.com/listing_image/5dca3339-a125-44fc-811f-1c51d646e29f/medium.jpg,2026-04-30 16:03:41
327,new,Toyota Corolla 2026,2026,0 KM,Automatic,Gas,"1,570,000 EGP",,Toyota,Corolla,https://eg.hatla2ee.com/en/new-car/toyota/corolla/unit/7197073,https://legion-images.hatla2ee.com/listing_image/fb3e8b8c-a0f3-43e2-a6b3-9f9ff236d18a/medium.jpg,2026-04-30 16:03:42
327,new,Skoda Superb 2026,2026,0 KM,Automatic,Gas,"2,550,000 EGP",,Skoda,Superb,https://eg.hatla2ee.com/en/new-car/skoda/superb/unit/7184352,https://legion-images.hatla2ee.com/listing_image/cd611610-e6a2-42cc-b4eb-799c285183f6/medium.jpg,2026-04-30 16:03:42
327,new,Skoda Superb 2026,2026,0 KM,Automatic,Gas,"3,000,000 EGP",,Skoda,Superb,https://eg.hatla2ee.com/en/new-car/skoda/superb/unit/7183605,https://legion-images.hatla2ee.com/listing_image/08878f91-06c4-47c1-bbe6-89fd63e501cf/medium.jpg,2026-04-30 16:03:43
327,new,Opel Mokka 2026,2026,0 KM,Automatic,Gas,"1,390,000 EGP",,Opel,Mokka,https://eg.hatla2ee.com/en/new-car/opel/Mokka/unit/41287,https://legion-images.hatla2ee.com/listing_image/a34e5714-456e-462e-b07b-b48d42aaa970/medium.jpg,2026-04-30 16:03:48
327,new,Mercedes GLC 200 2025,2025,0 KM,Automatic,Gas,"5,500,000 EGP",,Mercedes,GLC 200,https://eg.hatla2ee.com/en/new-car/mercedes/GLC-200/unit/7197034,https://legion-images.hatla2ee.com/listing_image/06f8f452-c453-499a-ba30-5fe897f178eb/medium.jpg,2026-04-30 16:03:49
328,new,Fiat Tipo 1983,1983,0 KM,Manual,Gas,"55,000 EGP",,Fiat,Tipo,https://eg.hatla2ee.com/en/new-car/fiat/tipo/unit/7196994,https://legion-images.hatla2ee.com/listing_image/808c39fa-416c-4cec-b456-77db132863f6/medium.jpg,2026-04-30 16:04:01
328,new,Mercedes GLC 200 2026,2026,0 KM,Automatic,Gas,"5,700,000 EGP",,Mercedes,GLC 200,https://eg.hatla2ee.com/en/new-car/mercedes/GLC-200/unit/7196947,https://legion-images.hatla2ee.com/listing_image/155d17e8-d68b-4cb6-a570-854a2e294cd7/medium.jpg,2026-04-30 16:04:03
329,new,Chery Tiggo 8 Pro Max 2026,2026,0 KM,Automatic,Gas,"1,525,000 EGP",,Chery,Tiggo 8 Pro Max,https://eg.hatla2ee.com/en/new-car/chery/Tiggo-8-Pro-Max/unit/7196912,https://legion-images.hatla2ee.com/listing_image/7969a64d-fd3a-4436-bd5e-90bbe5f3121f/medium.jpg,2026-04-30 16:04:14
329,new,Chevrolet Optra 2026,2026,0 KM,Automatic,Gas,"770,000 EGP",,Chevrolet,Optra,https://eg.hatla2ee.com/en/new-car/chevrolet/optra/unit/7169562,https://legion-images.hatla2ee.com/listing_image/534721f0-336d-43d5-9deb-3922ccdd2961/medium.jpg,2026-04-30 16:04:15
330,new,Mercedes 200 2026,2026,0 KM,Automatic,Gas,"4,300,000 EGP",,Mercedes,200,https://eg.hatla2ee.com/en/new-car/mercedes/200/unit/7193779,https://legion-images.hatla2ee.com/listing_image/3c9c80af-bde2-4b81-bb17-90fa20dea552/medium.jpg,2026-04-30 16:04:44
332,new,Hyundai Avante 2026,2026,0 KM,Automatic,Gas,"1,750,000 EGP",,Hyundai,Avante,https://eg.hatla2ee.com/en/new-car/hyundai/avante/unit/7196713,https://legion-images.hatla2ee.com/listing_image/4160acac-c895-4dfe-812f-ceb12bc2770b/medium.jpg,2026-04-30 16:05:12
332,new,Kia Carnival 2025,2025,0 KM,Automatic,Hybrid,"3,100,000 EGP",,Kia,Carnival,https://eg.hatla2ee.com/en/new-car/kia/carnival/unit/7196736,https://legion-images.hatla2ee.com/listing_image/fa293477-989b-49eb-8dae-8eddd35ae38e/medium.jpg,2026-04-30 16:05:13
332,new,Kia Sportage 2025,2025,0 KM,Automatic,Gas,"1,500,000 EGP",,Kia,Sportage,https://eg.hatla2ee.com/en/new-car/kia/sportage/unit/7196762,https://legion-images.hatla2ee.com/listing_image/2ec8762e-6143-45af-8f2f-fa1551c2d307/medium.jpg,2026-04-30 16:05:15
332,new,Zeekr 001 2025,2025,0 KM,Automatic,Electric,"2,750,000 EGP",,Zeekr,001,https://eg.hatla2ee.com/en/new-car/zeekr/001/unit/44117,https://legion-images.hatla2ee.com/listing_image/443066eb-c7cc-4c5e-b524-39edf1f221f1/medium.jpg,2026-04-30 16:05:17
332,new,Hyundai Elantra 2026,2026,0 KM,Automatic,Gas,"1,340,000 EGP",,Hyundai,Elantra,https://eg.hatla2ee.com/en/new-car/hyundai/elantra/unit/7158382,https://legion-images.hatla2ee.com/listing_image/2ed9c972-0a13-45da-b0a6-a2e7ae898957/medium.jpg,2026-04-30 16:05:18
332,new,Toyota Hilux 2026,2026,0 KM,Automatic,Gas,"3,850,000 EGP",,Toyota,Hilux,https://eg.hatla2ee.com/en/new-car/toyota/hilux/unit/7196730,https://legion-images.hatla2ee.com/listing_image/170280fd-c5e0-49a9-8273-42f792c0469f/medium.jpg,2026-04-30 16:05:20
333,new,Audi Q4 E-Tron 2024,2024,0 KM,Automatic,Electric,"2,300,000 EGP",,Audi,Q4 E-Tron,https://eg.hatla2ee.com/en/new-car/audi/audi-q4-e-tron/unit/7196681,https://legion-images.hatla2ee.com/listing_image/81fa7f36-8a91-4337-ad0c-d2ed86f85361/medium.jpg,2026-04-30 16:05:35
334,new,Byd Sealion 6 2025,2025,0 KM,Automatic,Electric,"1,950,000 EGP",,Byd,Sealion 6,https://eg.hatla2ee.com/en/new-car/byd/sealion-6/unit/7196668,https://legion-images.hatla2ee.com/listing_image/3d81e6e1-8295-4993-a4d6-728076994ddb/medium.jpg,2026-04-30 16:05:46
334,new,Volkswagen ID Unyx 2025,2025,0 KM,Automatic,Electric,"1,950,000 EGP",,Volkswagen,ID Unyx,https://eg.hatla2ee.com/en/new-car/volks-wagen/volkswagen-id-unyx/unit/7184336,https://legion-images.hatla2ee.com/listing_image/4d457d8b-6ce8-45db-9813-6f4d839cc49e/medium.jpg,2026-04-30 16:05:49
334,new,Xiaomi Yu7 2025,2025,0 KM,Automatic,Electric,"3,500,000 EGP",,Xiaomi,Yu7,https://eg.hatla2ee.com/en/new-car/xiaomi/xiaomi-yu7/unit/7166792,https://legion-images.hatla2ee.com/listing_image/ffecd337-c288-42fa-95c6-e0c8e271f93a/medium.jpg,2026-04-30 16:05:49
334,new,Byd Sealion 6 2025,2025,0 KM,Automatic,Electric,"1,950,000 EGP",,Byd,Sealion 6,https://eg.hatla2ee.com/en/new-car/byd/sealion-6/unit/7151920,https://legion-images.hatla2ee.com/listing_image/bcf8fa86-b693-4d65-aa5d-de90bb674a74/medium.jpg,2026-04-30 16:05:50
334,new,MG 7 2026,2026,0 KM,Automatic,Gas,"1,750,000 EGP",,MG,7,https://eg.hatla2ee.com/en/new-car/moris-garage/mg-7/unit/7196631,https://legion-images.hatla2ee.com/listing_image/64c970f6-0189-45a8-bb20-f5b4efa61285/medium.jpg,2026-04-30 16:05:53
334,new,Volkswagen T-Roc 2026,2026,0 KM,Automatic,Gas,"1,870,000 EGP",,Volkswagen,T-Roc,https://eg.hatla2ee.com/en/new-car/volks-wagen/T-Roc/unit/7196619,https://legion-images.hatla2ee.com/listing_image/77b2b7bc-405f-4594-9cc7-5da4c043bf9c/medium.jpg,2026-04-30 16:05:55
335,new,BMW M235i 2024,2024,0 KM,Automatic,Gas,"4,700,000 EGP",,BMW,M235i,https://eg.hatla2ee.com/en/new-car/bmw/bmw-m235i/unit/7184207,https://legion-images.hatla2ee.com/listing_image/50166a13-77a4-4b01-97fb-245bdcc6e84d/medium.jpg,2026-04-30 16:06:08
335,new,Renault Taliant 2026,2026,0 KM,Automatic,Gas,"780,000 EGP",,Renault,Taliant,https://eg.hatla2ee.com/en/new-car/renault/Taliant/unit/7158107,https://legion-images.hatla2ee.com/listing_image/1df2e208-bbd5-4e30-a776-fb1deaf39050/medium.jpg,2026-04-30 16:06:09
336,new,Renault Duster 2026,2026,0 KM,Automatic,Gas,"1,380,000 EGP",,Renault,Duster,https://eg.hatla2ee.com/en/new-car/renault/duster/unit/7196499,https://legion-images.hatla2ee.com/listing_image/120c7fc0-850a-44f7-9902-d469ba9f7c8b/medium.jpg,2026-04-30 16:06:18
336,new,Chery Arrizo 6 2026,2026,0 KM,Automatic,Gas,"1,050,000 EGP",,Chery,Arrizo 6,https://eg.hatla2ee.com/en/new-car/chery/Arrizo-6/unit/7196468,https://legion-images.hatla2ee.com/listing_image/a4978bcc-5d76-48d8-99f4-7304ab1d1b77/medium.jpg,2026-04-30 16:06:19
336,new,Mercedes E 200 2026,2026,0 KM,Automatic,Gas,"6,100,000 EGP",,Mercedes,E 200,https://eg.hatla2ee.com/en/new-car/mercedes/e-200/unit/7196456,https://legion-images.hatla2ee.com/listing_image/dd4394b2-a618-4dde-8948-d2d08b968bc6/medium.jpg,2026-04-30 16:06:20
337,new,Mercedes S580 2025,2025,0 KM,Automatic,Gas,"9,200,000 EGP",,Mercedes,S580,https://eg.hatla2ee.com/en/new-car/mercedes/mercedes-benz-s580/unit/7193624,https://legion-images.hatla2ee.com/listing_image/5066dca9-392d-4864-a82d-c026fdee45ca/medium.jpg,2026-04-30 16:06:33
337,new,Mercedes C 200 AMG 2026,2026,0 KM,Automatic,Gas,"4,300,000 EGP",,Mercedes,C 200 AMG,https://eg.hatla2ee.com/en/new-car/mercedes/C-200-AMG/unit/7193497,https://legion-images.hatla2ee.com/listing_image/59143728-602c-4e2b-baf4-8b75b26937ab/medium.jpg,2026-04-30 16:06:35
337,new,Audi A3 2025,2025,0 KM,Automatic,Gas,"2,375,000 EGP",,Audi,A3,https://eg.hatla2ee.com/en/new-car/audi/a3/unit/7196420,https://legion-images.hatla2ee.com/listing_image/124c1a1d-5635-4149-bbb2-265c2f22e915/medium.jpg,2026-04-30 16:06:39
338,new,Xiaomi Yu7 2025,2025,0 KM,Automatic,Electric,"3,700,000 EGP",,Xiaomi,Yu7,https://eg.hatla2ee.com/en/new-car/xiaomi/xiaomi-yu7/unit/7182076,https://legion-images.hatla2ee.com/listing_image/9e66a537-7452-451d-bbbb-33eff92ea93d/medium.jpg,2026-04-30 16:06:50
338,new,Mercedes Viano 2026,2026,0 KM,Automatic,Gas,"7,600,000 EGP",,Mercedes,Viano,https://eg.hatla2ee.com/en/new-car/mercedes/Viano/unit/7183600,https://legion-images.hatla2ee.com/listing_image/bd19d5de-538e-4a67-8bc3-d1a7ca53f84d/medium.jpg,2026-04-30 16:06:51
338,new,Seat Ateca 2026,2026,0 KM,Automatic,Gas,"1,850,000 EGP",,Seat,Ateca,https://eg.hatla2ee.com/en/new-car/seat/Ateca/unit/7196383,https://legion-images.hatla2ee.com/listing_image/db40d776-466b-4b12-947a-dc43612f75e3/medium.jpg,2026-04-30 16:06:52
338,new,Toyota Hilux 2026,2026,0 KM,Automatic,Gas,"3,950,000 EGP",,Toyota,Hilux,https://eg.hatla2ee.com/en/new-car/toyota/hilux/unit/7196381,https://legion-images.hatla2ee.com/listing_image/8b47c882-5be7-4340-9ee1-1876f0d933af/medium.jpg,2026-04-30 16:06:52
338,new,Chevrolet Optra 2026,2026,0 KM,Automatic,Gas,"725,000 EGP",,Chevrolet,Optra,https://eg.hatla2ee.com/en/new-car/chevrolet/optra/unit/7196379,https://legion-images.hatla2ee.com/listing_image/ed309ce1-03f5-4c77-b8b6-7285eb4b8247/medium.jpg,2026-04-30 16:06:53
338,new,Chery Tiggo 8 Pro Max 2026,2026,0 KM,Automatic,Gas,"1,690,000 EGP",,Chery,Tiggo 8 Pro Max,https://eg.hatla2ee.com/en/new-car/chery/Tiggo-8-Pro-Max/unit/7196377,https://legion-images.hatla2ee.com/listing_image/41ca7572-683f-4f84-a6c1-dc472d6a4a60/medium.jpg,2026-04-30 16:06:53
338,new,Chery Tiggo 7 2026,2026,0 KM,Automatic,Gas,"1,100,000 EGP",,Chery,Tiggo 7,https://eg.hatla2ee.com/en/new-car/chery/Tiggo-7/unit/7196373,https://legion-images.hatla2ee.com/listing_image/e6fc075e-ede6-4981-bd3b-c42ab9a3d00a/medium.jpg,2026-04-30 16:06:54
338,new,Volkswagen T-Roc 2026,2026,0 KM,Automatic,Gas,"1,850,000 EGP",,Volkswagen,T-Roc,https://eg.hatla2ee.com/en/new-car/volks-wagen/T-Roc/unit/7196371,https://legion-images.hatla2ee.com/listing_image/07d5f4f8-23fd-4bdb-9680-46316964330d/medium.jpg,2026-04-30 16:06:55
338,new,GAC GS4 2026,2026,0 KM,Automatic,Gas,"1,460,000 EGP",,GAC,GS4,https://eg.hatla2ee.com/en/new-car/gac/GS4/unit/7196370,https://legion-images.hatla2ee.com/listing_image/5513344a-7cdc-465b-a906-0d2f6b4dd08e/medium.jpg,2026-04-30 16:06:55
339,new,Changan CS 55 2026,2026,0 KM,Automatic,Gas,"1,375,000 EGP",,Changan,CS 55,https://eg.hatla2ee.com/en/new-car/changan/CS-55/unit/42727,https://legion-images.hatla2ee.com/listing_image/8dfb4452-2852-4b44-9927-8e2ff75d4360/medium.jpg,2026-04-30 16:07:04
339,new,Jac S2 2026,2026,0 KM,Automatic,Gas,"820,000 EGP",,Jac,S2,https://eg.hatla2ee.com/en/new-car/jac/s2/unit/7207146,https://legion-images.hatla2ee.com/listing_image/492bac39-ae92-4d80-a7b9-ee80bbfcf408/medium.jpg,2026-04-30 16:07:07
339,new,Renault Duster 2026,2026,0 KM,Automatic,Gas,"1,400,000 EGP",,Renault,Duster,https://eg.hatla2ee.com/en/new-car/renault/duster/unit/7207036,https://legion-images.hatla2ee.com/listing_image/239285e9-eda8-4e41-abb6-1c7a6f46723a/medium.jpg,2026-04-30 16:07:09
339,new,Changan UNI-T 2026,2026,0 KM,Automatic,Gas,"1,400,000 EGP",,Changan,UNI-T,https://eg.hatla2ee.com/en/new-car/changan/uni-t/unit/7207151,https://legion-images.hatla2ee.com/listing_image/31178110-817b-4084-a968-e6fba3c6612d/medium.jpg,2026-04-30 16:07:09
339,new,Byd Song L 2025,2025,0 KM,Automatic,Electric,"1,940,000 EGP",,Byd,Song L,https://eg.hatla2ee.com/en/new-car/byd/byd-song-l/unit/7196315,https://legion-images.hatla2ee.com/listing_image/8c1ecb34-f856-425d-bf67-4e776890ab60/medium.jpg,2026-04-30 16:07:10
340,new,Haval H7 2026,2026,0 KM,Automatic,Hybrid,"1,740,000 EGP",,Haval,H7,https://eg.hatla2ee.com/en/new-car/haval/haval-H7/unit/7207035,https://legion-images.hatla2ee.com/listing_image/b2c3b909-2e7c-4d28-a24f-a082660e0287/medium.jpg,2026-04-30 16:07:19
340,new,Jetour X70S 2026,2026,0 KM,Automatic,Gas,"1,065,000 EGP",,Jetour,X70S,https://eg.hatla2ee.com/en/new-car/jetour/X70S/unit/7196265,https://legion-images.hatla2ee.com/listing_image/147cac44-32d7-4000-ba4f-1d0beb6678a4/medium.jpg,2026-04-30 16:07:22
340,new,Jetour X90 2026,2026,0 KM,Automatic,Gas,"1,530,000 EGP",,Jetour,X90,https://eg.hatla2ee.com/en/new-car/jetour/X90/unit/7196263,https://legion-images.hatla2ee.com/listing_image/e48d3b04-fb1f-4d99-8cc6-c205c3f30fd0/medium.jpg,2026-04-30 16:07:23
340,new,Cupra Terramar 2026,2026,0 KM,Automatic,Gas,"2,300,000 EGP",,Cupra,Terramar,https://eg.hatla2ee.com/en/new-car/cupra/Terramar/unit/7196262,https://legion-images.hatla2ee.com/listing_image/3d953c22-51f5-451d-bfd9-92743b07c49f/medium.jpg,2026-04-30 16:07:24
341,new,BMW 430 2022,2022,0 KM,Automatic,Gas,"4,050,000 EGP",,BMW,430,https://eg.hatla2ee.com/en/new-car/bmw/430/unit/7196252,https://legion-images.hatla2ee.com/listing_image/a78427e3-84c3-4b26-a5fc-5053c1129d95/medium.jpg,2026-04-30 16:07:41
341,new,Mercedes E 200 2026,2026,0 KM,Automatic,Gas,"5,950,000 EGP",,Mercedes,E 200,https://eg.hatla2ee.com/en/new-car/mercedes/e-200/unit/7183572,https://legion-images.hatla2ee.com/listing_image/63056db0-6261-48c4-a063-084320c859fc/medium.jpg,2026-04-30 16:07:43
341,new,MG ZS 2026,2026,0 KM,Automatic,Gas,"1,300,000 EGP",,MG,ZS,https://eg.hatla2ee.com/en/new-car/moris-garage/zs/unit/7154367,https://legion-images.hatla2ee.com/listing_image/d4f6d160-3d75-4f95-b302-f19f3043688d/medium.jpg,2026-04-30 16:07:43
341,new,Skoda Kodiaq 2024,2024,0 KM,Automatic,Gas,"2,750,000 EGP",,Skoda,Kodiaq,https://eg.hatla2ee.com/en/new-car/skoda/kodiaq/unit/7196213,https://legion-images.hatla2ee.com/listing_image/bd079936-e59f-4fb0-8a02-78c20f79b814/medium.jpg,2026-04-30 16:07:46
341,new,MG Cyberster 2026,2026,0 KM,Automatic,Gas,"3,250,000 EGP",,MG,Cyberster,https://eg.hatla2ee.com/en/new-car/moris-garage/mg-cyberster/unit/7196212,https://legion-images.hatla2ee.com/listing_image/810d779b-3f5d-499d-b5b5-cbc9e6efeee3/medium.jpg,2026-04-30 16:07:46
341,new,MG HS 2026,2026,0 KM,Automatic,Gas,"1,595,000 EGP",,MG,HS,https://eg.hatla2ee.com/en/new-car/moris-garage/MG-HS/unit/7196209,https://legion-images.hatla2ee.com/listing_image/47bbe5c8-ce1e-4c35-88a1-dee0d78941d0/medium.jpg,2026-04-30 16:07:47
342,new,Byd Song L 2025,2025,0 KM,Automatic,Electric,"2,200,000 EGP",,Byd,Song L,https://eg.hatla2ee.com/en/new-car/byd/byd-song-l/unit/7147334,https://legion-images.hatla2ee.com/listing_image/cf5ffa62-e2b8-4774-9010-8d30f2c02620/medium.jpg,2026-04-30 16:07:55
342,new,Byd Sealion 6 2025,2025,0 KM,Automatic,Electric,"1,950,000 EGP",,Byd,Sealion 6,https://eg.hatla2ee.com/en/new-car/byd/sealion-6/unit/43893,https://legion-images.hatla2ee.com/listing_image/d130c9ad-baf7-4c18-b802-74f28ebaabf3/medium.jpg,2026-04-30 16:07:55
342,new,Geely Emgrand 2026,2026,0 KM,Automatic,Gas,"1,075,000 EGP",,Geely,Emgrand,https://eg.hatla2ee.com/en/new-car/geely/Gelly-Emgrand/unit/7165362,https://legion-images.hatla2ee.com/listing_image/468fe29c-3e68-421d-b523-c26c6e7a3a9e/medium.jpg,2026-04-30 16:07:57
342,new,Geely Emgrand 2026,2026,0 KM,Automatic,Gas,"1,075,000 EGP",,Geely,Emgrand,https://eg.hatla2ee.com/en/new-car/geely/Gelly-Emgrand/unit/7165043,https://legion-images.hatla2ee.com/listing_image/75937a0c-7c97-4b28-9515-ca8bba192733/medium.jpg,2026-04-30 16:07:58
343,new,Volkswagen Passat 2026,2026,0 KM,Automatic,Gas,"3,000,000 EGP",,Volkswagen,Passat,https://eg.hatla2ee.com/en/new-car/volks-wagen/passat/unit/7196071,https://legion-images.hatla2ee.com/listing_image/66ea13f0-9543-4d9f-a02a-be9af6a5b1e9/medium.jpg,2026-04-30 16:08:12
343,new,Rolls Royce Cullinan 2026,2026,0 KM,Automatic,Gas,"53,900,000 EGP",,Rolls Royce,Cullinan,https://eg.hatla2ee.com/en/new-car/Rolls-Royce/Cullinan/unit/7196069,https://legion-images.hatla2ee.com/listing_image/59fcc545-f439-4093-b7ac-8ea06d2a4156/medium.jpg,2026-04-30 16:08:13
344,new,Haval H6 2026,2026,0 KM,Automatic,Gas,"1,515,000 EGP",,Haval,H6,https://eg.hatla2ee.com/en/new-car/haval/haval-h6/50697/7193172,https://legion-images.hatla2ee.com/listing_image/ab92e06e-faa4-4f9c-a1b9-59cf75e0670d/medium.jpg,2026-04-30 16:08:25
344,new,Mercedes GLE 350 2025,2025,0 KM,Automatic,Gas,"8,300,000 EGP",,Mercedes,GLE 350,https://eg.hatla2ee.com/en/new-car/mercedes/gle-350/unit/7192951,https://legion-images.hatla2ee.com/listing_image/7c4170e6-4f60-4b10-bb06-a1541ff4a728/medium.jpg,2026-04-30 16:08:28
344,new,Porsche Macan 2026,2026,0 KM,Automatic,Gas,"6,000,000 EGP",,Porsche,Macan,https://eg.hatla2ee.com/en/new-car/porsche/macan/unit/7192938,https://legion-images.hatla2ee.com/listing_image/a5d633b0-e79f-46a8-bf7e-e9d48aeb687e/medium.jpg,2026-04-30 16:08:28
345,new,Opel Insignia 2018,2018,0 KM,Automatic,Gas,"1,250,000 EGP",,Opel,Insignia,https://eg.hatla2ee.com/en/new-car/opel/insignia/unit/7196013,https://legion-images.hatla2ee.com/listing_image/8a2e41a7-8936-4eb4-b8b3-08a1692e4f3b/medium.jpg,2026-04-30 16:08:39
345,new,Mercedes GLA 180 2026,2026,0 KM,Automatic,Gas,"2,990,000 EGP",,Mercedes,GLA 180,https://eg.hatla2ee.com/en/new-car/mercedes/GLA-180/unit/7207149,https://legion-images.hatla2ee.com/listing_image/17a583be-11f3-4428-8952-6176698094c1/medium.jpg,2026-04-30 16:08:39
345,new,Kia Sorento 2024,2024,0 KM,Automatic,Hybrid,"2,850,000 EGP",,Kia,Sorento,https://eg.hatla2ee.com/en/new-car/kia/sorento/unit/7195987,https://legion-images.hatla2ee.com/listing_image/8bca1acc-db8c-4207-8a0c-814610686caf/medium.jpg,2026-04-30 16:08:40
345,new,Cupra Terramar 2026,2026,0 KM,Automatic,Gas,"2,400,000 EGP",,Cupra,Terramar,https://eg.hatla2ee.com/en/new-car/cupra/Terramar/unit/7207147,https://legion-images.hatla2ee.com/listing_image/72762b77-5186-4348-9096-0205de003c3d/medium.jpg,2026-04-30 16:08:41
345,new,Nissan Sentra 2026,2026,0 KM,Automatic,Gas,"1,010,000 EGP",,Nissan,Sentra,https://eg.hatla2ee.com/en/new-car/nissan/sentra/unit/40493,https://legion-images.hatla2ee.com/listing_image/75613741-f716-4480-8290-7704fae22a88/medium.jpg,2026-04-30 16:08:43
345,new,Skoda Superb 2025,2025,0 KM,Automatic,Gas,"2,750,000 EGP",,Skoda,Superb,https://eg.hatla2ee.com/en/new-car/skoda/superb/unit/7183899,https://legion-images.hatla2ee.com/listing_image/0edb5006-8aff-44dd-ba49-22993045127b/medium.jpg,2026-04-30 16:08:44
346,new,Deepal G318 2026,2026,0 KM,Automatic,Electric,"2,490,000 EGP",,Deepal,G318,https://eg.hatla2ee.com/en/new-car/deepal/Deepal_G318/unit/7195908,https://legion-images.hatla2ee.com/listing_image/9b18cd12-9c56-4bac-b528-a0466234d689/medium.jpg,2026-04-30 16:08:57
346,new,Hyundai Elantra 2026,2026,0 KM,Automatic,Gas,"1,325,000 EGP",,Hyundai,Elantra,https://eg.hatla2ee.com/en/new-car/hyundai/elantra/unit/7166761,https://legion-images.hatla2ee.com/listing_image/f170b487-f805-473b-895b-1c608856dc60/medium.jpg,2026-04-30 16:08:58
346,new,Chery Tiggo 4 2026,2026,0 KM,Automatic,Gas,"980,000 EGP",,Chery,Tiggo 4,https://eg.hatla2ee.com/en/new-car/chery/Tiggo-4/unit/40928,https://legion-images.hatla2ee.com/listing_image/07f81683-8456-4412-bb1f-b22b7fc10e3a/medium.jpg,2026-04-30 16:08:59
346,new,Hyundai Tucson GDI 2026,2026,0 KM,Automatic,Gas,"2,125,000 EGP",,Hyundai,Tucson GDI,https://eg.hatla2ee.com/en/new-car/hyundai/Tucson-GDI/unit/7139925,https://legion-images.hatla2ee.com/listing_image/48f6ec0e-5b11-42d4-8a5a-394c6a330745/medium.jpg,2026-04-30 16:09:00
346,new,Land Rover Velar 2025,2025,0 KM,Automatic,Gas,"5,825,000 EGP",,Land Rover,Velar,https://eg.hatla2ee.com/en/new-car/land-rover/Velar/unit/7195927,https://legion-images.hatla2ee.com/listing_image/bcd8bfae-cc9a-4045-9702-47e899f92916/medium.jpg,2026-04-30 16:09:00
346,new,Byd F3 2025,2025,0 KM,Automatic,Gas,"730,000 EGP",,Byd,F3,https://eg.hatla2ee.com/en/new-car/byd/f3/unit/7135647,https://legion-images.hatla2ee.com/listing_image/82a86f11-7a37-4226-83f1-70a34496ee79/medium.jpg,2026-04-30 16:09:01
346,new,Nissan Sunny 2025,2025,0 KM,Automatic,Gas,"810,000 EGP",,Nissan,Sunny,https://eg.hatla2ee.com/en/new-car/nissan/sunny/unit/7195925,https://legion-images.hatla2ee.com/listing_image/65995ad0-0ff0-45f9-a839-5d3b5afc4fd1/medium.jpg,2026-04-30 16:09:01
346,new,Mercedes CLA 200 2026,2026,0 KM,Automatic,Gas,"3,600,000 EGP",,Mercedes,CLA 200,https://eg.hatla2ee.com/en/new-car/mercedes/cla-200/unit/7195919,https://legion-images.hatla2ee.com/listing_image/53b64469-929b-43b2-ba2e-c1fbfa95d244/medium.jpg,2026-04-30 16:09:01
346,new,Nissan Sunny 2025,2025,0 KM,Automatic,Gas,"850,000 EGP",,Nissan,Sunny,https://eg.hatla2ee.com/en/new-car/nissan/sunny/unit/7195918,https://legion-images.hatla2ee.com/listing_image/7d87d2eb-8abf-4165-ae87-458bc20e2bca/medium.jpg,2026-04-30 16:09:02
347,new,Skoda Octavia 2026,2026,0 KM,Automatic,Gas,"2,100,000 EGP",,Skoda,Octavia,https://eg.hatla2ee.com/en/new-car/skoda/octavia/unit/7163639,https://legion-images.hatla2ee.com/listing_image/04370ee3-b8a1-40e5-9b8d-ea1c8daea1e8/medium.jpg,2026-04-30 16:09:10
347,new,MG 5 2026,2026,0 KM,Automatic,Gas,"1,110,000 EGP",,MG,5,https://eg.hatla2ee.com/en/new-car/moris-garage/mg-5/unit/41060,https://legion-images.hatla2ee.com/listing_image/59b8204c-0971-4c5a-9e63-a0db6a184651/medium.jpg,2026-04-30 16:09:11
347,new,Byd Leopard 5 2025,2025,0 KM,Automatic,Electric,"3,100,000 EGP",,Byd,Leopard 5,https://eg.hatla2ee.com/en/new-car/byd/Byd_Leopard+5/unit/7195917,https://legion-images.hatla2ee.com/listing_image/aae5febd-438e-4e4c-b1ad-5af1788d6f64/medium.jpg,2026-04-30 16:09:11
347,new,Skoda Octavia 2026,2026,0 KM,Automatic,Gas,"2,250,000 EGP",,Skoda,Octavia,https://eg.hatla2ee.com/en/new-car/skoda/octavia/unit/7195911,https://legion-images.hatla2ee.com/listing_image/37d5f960-9bd7-44d8-9881-c19aa8a399d6/medium.jpg,2026-04-30 16:09:12
347,new,Mercedes EQA 260 2025,2025,0 KM,Automatic,Electric,"2,225,000 EGP",,Mercedes,EQA 260,https://eg.hatla2ee.com/en/new-car/mercedes/mercedes-benz-eqa-260/unit/43863,https://legion-images.hatla2ee.com/listing_image/849515bd-7847-4e55-a9a7-b2d546cb934e/medium.jpg,2026-04-30 16:09:13
347,new,Jetour T2 2026,2026,0 KM,Automatic,Gas,"2,080,000 EGP",,Jetour,T2,https://eg.hatla2ee.com/en/new-car/jetour/T2/unit/7167131,https://legion-images.hatla2ee.com/listing_image/32b36a9d-6470-4826-94f0-9e01f5e09912/medium.jpg,2026-04-30 16:09:14
347,new,Chery Tiggo 7 pro 2026,2026,0 KM,Automatic,Gas,"1,440,000 EGP",,Chery,Tiggo 7 pro,https://eg.hatla2ee.com/en/new-car/chery/Tiggo-7-pro/unit/42021,https://legion-images.hatla2ee.com/listing_image/f8657865-b1df-4215-87c7-8d497467fb13/medium.jpg,2026-04-30 16:09:15
347,new,Hyundai Tucson GDI 2025,2025,0 KM,Automatic,Gas,"1,500,000 EGP",,Hyundai,Tucson GDI,https://eg.hatla2ee.com/en/new-car/hyundai/Tucson-GDI/unit/7195890,https://legion-images.hatla2ee.com/listing_image/53728e87-70de-4fb4-af59-b6192ca062e1/medium.jpg,2026-04-30 16:09:16
348,new,Kia Sportage 2026,2026,0 KM,Automatic,Gas,"1,970,000 EGP",,Kia,Sportage,https://eg.hatla2ee.com/en/new-car/kia/sportage/unit/43465,https://legion-images.hatla2ee.com/listing_image/fb4d7c45-d719-4f26-9b92-bc052bcf2a3e/medium.jpg,2026-04-30 16:09:24
348,new,MG ZS 2026,2026,0 KM,Automatic,Gas,"1,150,000 EGP",,MG,ZS,https://eg.hatla2ee.com/en/new-car/moris-garage/zs/unit/7139969,https://legion-images.hatla2ee.com/listing_image/e1565d55-61ee-4c76-8f6c-9d9430a053de/medium.jpg,2026-04-30 16:09:25
348,new,Chery Arrizo 5 2026,2026,0 KM,Automatic,Gas,"875,000 EGP",,Chery,Arrizo 5,https://eg.hatla2ee.com/en/new-car/chery/Arrizo-5/unit/40072,https://legion-images.hatla2ee.com/listing_image/d494ea18-aa49-48b5-b02f-1c8b870f208f/medium.jpg,2026-04-30 16:09:25
348,new,Nissan Sunny 2026,2026,0 KM,Automatic,Gas,"745,000 EGP",,Nissan,Sunny,https://eg.hatla2ee.com/en/new-car/nissan/sunny/unit/7142169,https://legion-images.hatla2ee.com/listing_image/09c7512e-00a2-4f9f-93a6-be38fd80f3ca/medium.jpg,2026-04-30 16:09:25
348,new,Hyundai Elantra 2026,2026,0 KM,Automatic,Gas,"1,325,000 EGP",,Hyundai,Elantra,https://eg.hatla2ee.com/en/new-car/hyundai/elantra/unit/40659,https://legion-images.hatla2ee.com/listing_image/e4cef547-31c4-43f2-ad60-d8c3e961353a/medium.jpg,2026-04-30 16:09:26
348,new,MG 7 2026,2026,0 KM,Automatic,Gas,"1,650,000 EGP",,MG,7,https://eg.hatla2ee.com/en/new-car/moris-garage/mg-7/unit/7161702,https://legion-images.hatla2ee.com/listing_image/e6ef8085-1340-4403-b8d4-e80d258022d1/medium.jpg,2026-04-30 16:09:26
348,new,Changan CS75 Plus 2026,2026,0 KM,Automatic,Gas,"1,350,000 EGP",,Changan CS75 Plus,Imported,https://eg.hatla2ee.com/en/new-car/imported/changan/CS75-Plus/7180663,https://legion-images.hatla2ee.com/listing_image/815b61e6-01ce-4705-b646-b915bc8dc946/medium.jpg,2026-04-30 16:09:27
348,new,Renault Kardian 2026,2026,0 KM,Automatic,Gas,"959,000 EGP",,Renault,Kardian,https://eg.hatla2ee.com/en/new-car/renault/Kardian/unit/42340,https://legion-images.hatla2ee.com/listing_image/e6b1fc91-8e47-43e8-8118-e45336ea5dcd/medium.jpg,2026-04-30 16:09:27
348,new,Mercedes CLA 200 2026,2026,0 KM,Automatic,Gas,"2,950,000 EGP",,Mercedes,CLA 200,https://eg.hatla2ee.com/en/new-car/mercedes/cla-200/unit/7192877,https://legion-images.hatla2ee.com/listing_image/979daa64-64c7-4c77-a835-c710006503f5/medium.jpg,2026-04-30 16:09:27
348,new,Chery Tiggo 7 2026,2026,0 KM,Automatic,Gas,"1,050,000 EGP",,Chery,Tiggo 7,https://eg.hatla2ee.com/en/new-car/chery/Tiggo-7/unit/43828,https://legion-images.hatla2ee.com/listing_image/1278e6c7-596f-4461-9815-bd10c4088408/medium.jpg,2026-04-30 16:09:28
348,new,Toyota Fortuner 2026,2026,0 KM,Automatic,Gas,"4,150,000 EGP",,Toyota,Fortuner,https://eg.hatla2ee.com/en/new-car/toyota/fortuner/unit/7139915,https://legion-images.hatla2ee.com/listing_image/d7e40e06-6d12-46fb-9902-043378562806/medium.jpg,2026-04-30 16:09:29
348,new,Mercedes Viano 2026,2026,0 KM,Automatic,Gas,"6,500,000 EGP",,Mercedes,Viano,https://eg.hatla2ee.com/en/new-car/mercedes/Viano/unit/7195863,https://legion-images.hatla2ee.com/listing_image/c040800d-697b-4773-89b8-9f9f8b666b2b/medium.jpg,2026-04-30 16:09:29
348,new,Jetour X90 2026,2026,0 KM,Automatic,Gas,"1,650,000 EGP",,Jetour,X90,https://eg.hatla2ee.com/en/new-car/jetour/X90/unit/43061,https://legion-images.hatla2ee.com/listing_image/036891e0-73c8-46c6-b945-3ed7a094f328/medium.jpg,2026-04-30 16:09:30
349,new,Peugeot 408 2026,2026,0 KM,Automatic,Gas,"2,350,000 EGP",,Peugeot,408,https://eg.hatla2ee.com/en/new-car/peugeot/408/unit/40078,https://legion-images.hatla2ee.com/listing_image/5e206acd-4e23-4205-a5a9-8574f8503967/medium.jpg,2026-04-30 16:09:40
349,new,Soueast S 06 2026,2026,0 KM,Automatic,Gas,"1,525,000 EGP",,Soueast,S 06,https://eg.hatla2ee.com/en/new-car/soueast/S+06/unit/7195862,https://legion-images.hatla2ee.com/listing_image/6a675e76-728c-4714-a502-9ea82166fbe3/medium.jpg,2026-04-30 16:09:40
349,new,Soueast S 06 2026,2026,0 KM,Automatic,Gas,"1,555,000 EGP",,Soueast,S 06,https://eg.hatla2ee.com/en/new-car/soueast/S+06/unit/7162586,https://legion-images.hatla2ee.com/listing_image/86c127bf-96cc-4336-b202-a5985aa7ce73/medium.jpg,2026-04-30 16:09:41
349,new,Baic U5 plus 2025,2025,0 KM,Automatic,Gas,"950,000 EGP",,Baic,U5 plus,https://eg.hatla2ee.com/en/new-car/baic/U5-plus/unit/7139902,https://legion-images.hatla2ee.com/listing_image/53f8b378-c17b-416c-969d-cf89335587a1/medium.jpg,2026-04-30 16:09:41
349,new,Hyundai Accent RB 2026,2026,0 KM,Automatic,Gas,"975,000 EGP",,Hyundai,Accent RB,https://eg.hatla2ee.com/en/new-car/hyundai/Accent-RB/unit/42435,https://legion-images.hatla2ee.com/listing_image/51261acb-ce6c-4326-b7ae-8724573fefdb/medium.jpg,2026-04-30 16:09:42
349,new,Skoda Kodiaq 2025,2025,0 KM,Automatic,Gas,"2,850,000 EGP",,Skoda,Kodiaq,https://eg.hatla2ee.com/en/new-car/skoda/kodiaq/unit/7186411,https://legion-images.hatla2ee.com/listing_image/468704be-2f89-4d74-851e-620ff5684f78/medium.jpg,2026-04-30 16:09:42
349,new,Jetour Dashing 2026,2026,0 KM,Automatic,Gas,"1,475,000 EGP",,Jetour,Dashing,https://eg.hatla2ee.com/en/new-car/jetour/Dashing/unit/7152376,https://legion-images.hatla2ee.com/listing_image/f4f1f79c-a9fd-4a86-bc6e-791e86913405/medium.jpg,2026-04-30 16:09:43
349,new,Mercedes C 200 2026,2026,0 KM,Automatic,Gas,"4,250,000 EGP",,Mercedes,C 200,https://eg.hatla2ee.com/en/new-car/mercedes/c-200/unit/7195851,https://legion-images.hatla2ee.com/listing_image/b2f2a7c8-e12d-4d6e-ae60-8f5c85a997b2/medium.jpg,2026-04-30 16:09:44
349,new,Land Rover Range Rover Evoque 2025,2025,0 KM,Automatic,Gas,"4,150,000 EGP",,Land Rover,Range Rover Evoque,https://eg.hatla2ee.com/en/new-car/land-rover/evoque/unit/7195826,https://legion-images.hatla2ee.com/listing_image/dcfac4ff-5cc1-4c3b-8853-3043024f882d/medium.jpg,2026-04-30 16:09:46
350,new,Land Rover Range Rover Evoque 2025,2025,0 KM,Automatic,Gas,"4,150,000 EGP",,Land Rover,Range Rover Evoque,https://eg.hatla2ee.com/en/new-car/land-rover/evoque/unit/7195818,https://legion-images.hatla2ee.com/listing_image/0aec9a86-a31f-46bc-991b-6194eecbbe7f/medium.jpg,2026-04-30 16:09:57
350,new,Land Rover Range Rover Evoque 2026,2026,0 KM,Automatic,Gas,"4,300,000 EGP",,Land Rover,Range Rover Evoque,https://eg.hatla2ee.com/en/new-car/land-rover/evoque/unit/7195811,https://legion-images.hatla2ee.com/listing_image/608e5a29-9c61-4b33-979f-e7b4f0e7cf7a/medium.jpg,2026-04-30 16:09:58
350,new,Mercedes GLA 200 2026,2026,0 KM,Automatic,Gas,"3,750,000 EGP",,Mercedes,GLA 200,https://eg.hatla2ee.com/en/new-car/mercedes/GLA-200/unit/7195806,https://legion-images.hatla2ee.com/listing_image/36068083-bab9-44ca-b660-84c308ade30c/medium.jpg,2026-04-30 16:09:59
350,new,Land Rover Range Rover Evoque 2026,2026,0 KM,Automatic,Gas,"4,300,000 EGP",,Land Rover,Range Rover Evoque,https://eg.hatla2ee.com/en/new-car/land-rover/evoque/unit/7195805,https://legion-images.hatla2ee.com/listing_image/bcd225c3-98d5-4467-b9ac-7995a91addf0/medium.jpg,2026-04-30 16:09:59
350,new,Mercedes E 200 2025,2025,0 KM,Automatic,Gas,"5,250,000 EGP",,Mercedes,E 200,https://eg.hatla2ee.com/en/new-car/mercedes/e-200/unit/7195786,https://legion-images.hatla2ee.com/listing_image/ecc6a649-e945-4d0d-a441-b69289df6f8d/medium.jpg,2026-04-30 16:10:02
350,new,Mercedes GLC 300 2026,2026,0 KM,Automatic,Gas,"5,900,000 EGP",,Mercedes,GLC 300,https://eg.hatla2ee.com/en/new-car/mercedes/glc-300/unit/7195766,https://legion-images.hatla2ee.com/listing_image/c5793939-746f-4eb0-b841-6820a8012c08/medium.jpg,2026-04-30 16:10:03
352,new,Skoda Kodiaq 2026,2026,0 KM,Automatic,Gas,"2,950,000 EGP",,Skoda,Kodiaq,https://eg.hatla2ee.com/en/new-car/skoda/kodiaq/unit/7195658,https://legion-images.hatla2ee.com/listing_image/d6895bc5-0d1a-4a7d-8b0c-7234c4f69b27/medium.jpg,2026-04-30 16:10:33
353,new,Opel Grandland 2026,2026,0 KM,Automatic,Gas,"1,950,000 EGP",,Opel,Grandland,https://eg.hatla2ee.com/en/new-car/opel/Grandland/unit/7195564,https://legion-images.hatla2ee.com/listing_image/eaab7613-a9ee-456c-90c4-007944f0c435/medium.jpg,2026-04-30 16:10:51
353,new,Kia Sportage 2025,2025,0 KM,Automatic,Gas,"2,100,000 EGP",,Kia Sportage,Imported,https://eg.hatla2ee.com/en/new-car/imported/kia/sportage/7195550,https://legion-images.hatla2ee.com/listing_image/aaebd351-c544-4376-bf5b-cd2c5e4266c2/medium.jpg,2026-04-30 16:10:51
353,new,Tesla Cybertruck 2026,2026,0 KM,Automatic,Electric,"3,280,000 EGP",,Tesla,Cybertruck,https://eg.hatla2ee.com/en/new-car/tesla/tesla-cybertruck/unit/7195558,https://legion-images.hatla2ee.com/listing_image/546891ea-b6f7-4c9e-a257-79877782efd7/medium.jpg,2026-04-30 16:10:52
354,new,Toyota Land Cruiser 2026,2026,0 KM,Automatic,Gas,"4,400,000 EGP",,Toyota,Land Cruiser,https://eg.hatla2ee.com/en/new-car/toyota/land-cruiser/unit/7195547,https://legion-images.hatla2ee.com/listing_image/e4a7c5af-c460-4fc1-9cd9-d41344835198/medium.jpg,2026-04-30 16:11:03
354,new,Cadillac Escalade 2025,2025,0 KM,Automatic,Gas,"12,950,000 EGP",,Cadillac,Escalade,https://eg.hatla2ee.com/en/new-car/cadillac/escalade/unit/7190917,https://legion-images.hatla2ee.com/listing_image/b0253b96-755a-430c-8e4b-abbf8f21865d/medium.jpg,2026-04-30 16:11:04
354,new,Nissan Sentra 2026,2026,0 KM,Automatic,Gas,"970,000 EGP",,Nissan,Sentra,https://eg.hatla2ee.com/en/new-car/nissan/sentra/unit/7195544,https://legion-images.hatla2ee.com/listing_image/240a9a4d-c07d-434a-876b-7f8eeea72f0d/medium.jpg,2026-04-30 16:11:04
354,new,Byd Leopard 7 2025,2025,0 KM,Automatic,Hybrid,"2,900,000 EGP",,Byd,Leopard 7,https://eg.hatla2ee.com/en/new-car/byd/leopard-7/unit/7195535,https://legion-images.hatla2ee.com/listing_image/0d481070-3893-4ba1-a1f4-6274c12f5d8f/medium.jpg,2026-04-30 16:11:06
354,new,Mercedes E 200 2026,2026,0 KM,Automatic,Gas,"5,750,000 EGP",,Mercedes,E 200,https://eg.hatla2ee.com/en/new-car/mercedes/e-200/unit/7195527,https://legion-images.hatla2ee.com/listing_image/0a54e1b2-b321-4f81-9514-d6717fc34cb6/medium.jpg,2026-04-30 16:11:07
355,new,Volkswagen Touareg 2026,2026,0 KM,Automatic,Gas,"4,700,000 EGP",,Volkswagen,Touareg,https://eg.hatla2ee.com/en/new-car/volks-wagen/touareg/unit/7183592,https://legion-images.hatla2ee.com/listing_image/85e47643-719c-4e25-a95c-868d38ed734e/medium.jpg,2026-04-30 16:11:17
355,new,Mercedes E 300 2025,2025,0 KM,Automatic,Electric,"4,750,000 EGP",,Mercedes,E 300,https://eg.hatla2ee.com/en/new-car/mercedes/e-300/unit/7195503,https://legion-images.hatla2ee.com/listing_image/a0e1e3ac-317d-46e4-b711-03b410f090bf/medium.jpg,2026-04-30 16:11:18
355,new,Fiat Other 2025,2025,0 KM,Automatic,Electric,"3,180,000 EGP",,Fiat,Other,https://eg.hatla2ee.com/en/new-car/fiat/other-fiat/unit/7155444,https://legion-images.hatla2ee.com/listing_image/41817e7a-dc01-4464-9be0-cdca2fb05fcd/medium.jpg,2026-04-30 16:11:23
355,new,Mercedes Viano 2026,2026,0 KM,Automatic,Gas,"7,200,000 EGP",,Mercedes,Viano,https://eg.hatla2ee.com/en/new-car/mercedes/Viano/unit/7145396,https://legion-images.hatla2ee.com/listing_image/c2a4a9fb-9c51-4a68-bd44-303c736c6bbe/medium.jpg,2026-04-30 16:11:23
355,new,Mercedes E 200 2026,2026,0 KM,Automatic,Gas,"5,800,000 EGP",,Mercedes,E 200,https://eg.hatla2ee.com/en/new-car/mercedes/e-200/unit/7159711,https://legion-images.hatla2ee.com/listing_image/0de48162-3e6b-4a2e-bb8c-ba014f88e294/medium.jpg,2026-04-30 16:11:24
356,new,Chery Tiggo 7 pro max 2026,2026,0 KM,Automatic,Gas,"1,300,000 EGP",,Chery,Tiggo 7 pro max,https://eg.hatla2ee.com/en/new-car/chery/Tiggo-7-pro-max/unit/7195461,https://legion-images.hatla2ee.com/listing_image/db03e90d-6229-46fc-bc9f-b32c8f287bfa/medium.jpg,2026-04-30 16:11:36
356,new,Land Rover Range Rover Vogue 2024,2024,0 KM,Automatic,Gas,"15,000,000 EGP",,Land Rover,Range Rover Vogue,https://eg.hatla2ee.com/en/new-car/land-rover/vogue/unit/7195444,https://legion-images.hatla2ee.com/listing_image/74453680-2ad4-427e-a7b1-775b021fd660/medium.jpg,2026-04-30 16:11:39
356,new,Seat Arona 2026,2026,0 KM,Automatic,Gas,"1,420,000 EGP",,Seat,Arona,https://eg.hatla2ee.com/en/new-car/seat/arona/unit/7195442,https://legion-images.hatla2ee.com/listing_image/c557919f-2f20-4c07-8e8d-4a1352fc73f9/medium.jpg,2026-04-30 16:11:39
356,new,Mercedes E 200 2024,2024,0 KM,Automatic,Gas,"5,399,000 EGP",,Mercedes,E 200,https://eg.hatla2ee.com/en/new-car/mercedes/e-200/unit/7161703,https://legion-images.hatla2ee.com/listing_image/451a38eb-ff9d-4783-9ef1-a8a35043252f/medium.jpg,2026-04-30 16:11:42
359,new,Kia Sorento 2024,2024,0 KM,Automatic,Hybrid,"2,690,000 EGP",,Kia Sorento,Imported,https://eg.hatla2ee.com/en/new-car/imported/kia/sorento/7195204,https://legion-images.hatla2ee.com/listing_image/85bda559-5a3a-49b2-b0a7-6086ba629a0c/medium.jpg,2026-04-30 16:12:23
359,new,Opel Astra 2020,2020,0 KM,Automatic,Gas,"750,000 EGP",,Opel,Astra,https://eg.hatla2ee.com/en/new-car/opel/astra/18979/7195137,https://legion-images.hatla2ee.com/listing_image/2fa71eff-a8c7-47e0-a9a4-50c54cdab359/medium.jpg,2026-04-30 16:12:27
360,new,Daewoo Cielo 1995,1995,0 KM,Manual,Gas,"160,000 EGP",,Daewoo Cielo,Imported,https://eg.hatla2ee.com/en/new-car/imported/daewoo/cielo/7192198,https://legion-images.hatla2ee.com/listing_image/cf2f71cf-a422-4eb5-9879-00a528a2e460/medium.jpg,2026-04-30 16:12:38
361,new,Mitsubishi Lancer 2018,2018,0 KM,Automatic,Hybrid,"730,000 EGP",,Mitsubishi,Lancer,https://eg.hatla2ee.com/en/new-car/mitsubishi/lancer/6876/7194941,https://legion-images.hatla2ee.com/listing_image/48bbff1f-13c9-4c5a-abcd-ad91625b6307/medium.jpg,2026-04-30 16:12:57
361,new,MG 5 2026,2026,0 KM,Automatic,Gas,"1,080,000 EGP",,MG,5,https://eg.hatla2ee.com/en/new-car/moris-garage/mg-5/unit/7194940,https://legion-images.hatla2ee.com/listing_image/e26d5928-20b2-4262-afce-2e0ddf11a72d/medium.jpg,2026-04-30 16:12:58
366,new,Mercedes E 200 AMG 2026,2026,0 KM,Automatic,Gas,"5,850,000 EGP",,Mercedes E 200 AMG,Imported,https://eg.hatla2ee.com/en/new-car/imported/mercedes/E-200-AMG/7194063,https://legion-images.hatla2ee.com/listing_image/7fc7584a-ea7d-4cab-adae-0366085b4d94/medium.jpg,2026-04-30 16:14:46
368,new,Mercedes Other 2025,2025,0 KM,Manual,Gas,"12,000 EGP",,Mercedes,Other,https://eg.hatla2ee.com/en/new-car/mercedes/other-mercedes/unit/7193942,https://legion-images.hatla2ee.com/listing_image/f16ce028-55e1-47bc-b7d2-e7d1775227fd/medium.jpg,2026-04-30 16:15:10
369,new,Byd Seagull 2025,2025,0 KM,Automatic,Electric,"980,000 EGP",,Byd Seagull,Imported,https://eg.hatla2ee.com/en/new-car/imported/byd/Seagull/7193733,https://legion-images.hatla2ee.com/listing_image/f86f546d-37c7-490b-b5f5-263cd50736e0/medium.jpg,2026-04-30 16:15:33
370,new,Skoda Kodiaq 2025,2025,0 KM,Automatic,Gas,"2,700,000 EGP",,Skoda Kodiaq,Imported,https://eg.hatla2ee.com/en/new-car/imported/skoda/kodiaq/7191487,https://legion-images.hatla2ee.com/listing_image/1c3ddd7b-0a80-41eb-b175-e73409c4f440/medium.jpg,2026-04-30 16:15:44
370,new,Kia Sportage 2025,2025,0 KM,Automatic,Diesel,"2,200,000 EGP",,Kia Sportage,A/T / Highline,https://eg.hatla2ee.com/en/new-car/imported/kia/sportage/7191474,https://legion-images.hatla2ee.com/listing_image/6f45d00c-17bd-4b44-a044-be13500d1951/medium.jpg,2026-04-30 16:15:44
370,new,Nissan Sunny 2026,2026,0 KM,Automatic,Gas,"745,000 EGP",,Nissan,Sunny,https://eg.hatla2ee.com/en/new-car/nissan/sunny/50571/7193693,https://legion-images.hatla2ee.com/listing_image/8ac103c6-4bcf-4466-8763-2d2fc15b6e46/medium.jpg,2026-04-30 16:15:47
372,new,Skoda Octavia 1998,1998,0 KM,Manual,Diesel,"145,000 EGP",,Skoda,Octavia,https://eg.hatla2ee.com/en/new-car/skoda/octavia/unit/7193436,https://legion-images.hatla2ee.com/listing_image/45c14f3c-bf84-46fd-bc71-ae653031bffa/medium.jpg,2026-04-30 16:16:16
372,new,Nissan Qashqai 2013,2013,0 KM,Automatic,Diesel,"610,000 EGP",,Nissan,Qashqai,https://eg.hatla2ee.com/en/new-car/nissan/qashqai/unit/7193324,https://legion-images.hatla2ee.com/listing_image/fee49862-b32b-4361-b25f-d7add29d4c8a/medium.jpg,2026-04-30 16:16:22
376,new,Jaguar E-pace 2024,2024,0 KM,Automatic,Gas,"4,500,000 EGP",,Jaguar,E-pace,https://eg.hatla2ee.com/en/new-car/jaguar/E-pace/unit/7190972,https://legion-images.hatla2ee.com/listing_image/10f8e152-7b7b-4978-8923-ae07853e8076/medium.jpg,2026-04-30 16:17:29
379,new,Nissan Sunny 2023,2023,0 KM,Automatic,Gas,"665,000 EGP",,Nissan,Sunny,https://eg.hatla2ee.com/en/new-car/nissan/sunny/36647/7190833,https://legion-images.hatla2ee.com/listing_image/f72babd0-1ec0-42ee-9374-07d6ad202767/medium.jpg,2026-04-30 16:18:26
379,new,Hyundai Verna 2013,2013,0 KM,Manual,Natural Gas,"400,000 EGP",,Hyundai Verna,Imported,https://eg.hatla2ee.com/en/new-car/imported/hyundai/verna/7190690,https://legion-images.hatla2ee.com/listing_image/d89110a3-00ac-45c1-8dab-3b79407d2806/medium.jpg,2026-04-30 16:18:28
379,new,Peugeot 5008 2020,2020,0 KM,Automatic,Gas,"1,800,000 EGP",,Peugeot,5008,https://eg.hatla2ee.com/en/new-car/peugeot/5008/18922/7190594,https://legion-images.hatla2ee.com/listing_image/d2534051-0a9e-4cdc-9072-da130ddeaa3b/medium.jpg,2026-04-30 16:18:28
382,new,Jaguar F-Pace 2024,2024,0 KM,Automatic,Gas,"4,500,000 EGP",,Jaguar,F-Pace,https://eg.hatla2ee.com/en/new-car/jaguar/f-pace/unit/7190483,https://legion-images.hatla2ee.com/listing_image/47ce8741-b283-4701-ab1c-761a78353ced/medium.jpg,2026-04-30 16:19:24
385,new,Xiaomi Yu7 2025,2025,0 KM,Automatic,Electric,"2,950,000 EGP",,Xiaomi,Yu7,https://eg.hatla2ee.com/en/new-car/xiaomi/xiaomi-yu7/unit/7190040,https://legion-images.hatla2ee.com/listing_image/0db3530f-167b-435e-9909-1e43647c6ae1/medium.jpg,2026-04-30 16:20:16
385,new,Cadillac Escalade 2025,2025,0 KM,Automatic,Electric,"9,500,000 EGP",,Cadillac,Escalade,https://eg.hatla2ee.com/en/new-car/cadillac/escalade/unit/7190035,https://legion-images.hatla2ee.com/listing_image/9d7e9400-e151-409d-9bef-d28bd24bec51/medium.jpg,2026-04-30 16:20:16
388,new,Toyota Land Cruiser 2024,2024,0 KM,Automatic,Gas,"6,749,980 EGP",,Toyota Land Cruiser,Imported,https://eg.hatla2ee.com/en/new-car/imported/toyota/land-cruiser/7189668,https://legion-images.hatla2ee.com/listing_image/5321022f-09f0-4b31-b9ec-8aeef2019192/medium.jpg,2026-04-30 16:21:05
390,new,Suzuki S Presso 2021,2021,0 KM,Manual,Gas,"480,000 EGP",,Suzuki,S Presso,https://eg.hatla2ee.com/en/new-car/suzuki/S-Presso/24506/7191398,https://legion-images.hatla2ee.com/listing_image/acac7809-5833-488e-a351-e3462b802f09/medium.jpg,2026-04-30 16:21:39
390,new,Mercedes C 200 2026,2026,0 KM,Automatic,Gas,"4,900,000 EGP",,Mercedes,C 200,https://eg.hatla2ee.com/en/new-car/mercedes/c-200/unit/7189435,https://legion-images.hatla2ee.com/listing_image/c70224f5-f942-44c2-bff5-bd496aae1437/medium.jpg,2026-04-30 16:21:42
390,new,Mercedes C 180 2025,2025,0 KM,Automatic,Gas,"3,550,000 EGP",,Mercedes C 180,Imported,https://eg.hatla2ee.com/en/new-car/imported/mercedes/c-180/7189285,https://legion-images.hatla2ee.com/listing_image/75282d19-2373-48ac-9330-73f0bd7036e4/medium.jpg,2026-04-30 16:21:45
391,new,MG RX5 Plus 2024,2024,0 KM,Automatic,Gas,"1,420,000 EGP",,MG RX5 Plus,A/T / Luxury,https://eg.hatla2ee.com/en/new-car/imported/moris-garage/RX5-Plus/7189215,https://legion-images.hatla2ee.com/listing_image/1a830253-b5f4-4f63-856d-11be812e26d7/medium.jpg,2026-04-30 16:21:58
392,new,Volkswagen Passat 2026,2026,0 KM,Automatic,Gas,"3,200,000 EGP",,Volkswagen,Passat,https://eg.hatla2ee.com/en/new-car/volks-wagen/passat/unit/7191232,https://legion-images.hatla2ee.com/listing_image/7cdfcd99-b3e0-4e8e-a180-e3e0130d6759/medium.jpg,2026-04-30 16:22:13
392,new,Acura MDX 2023,2023,0 KM,Automatic,Natural Gas,"999,999 EGP",,Acura,MDX,https://eg.hatla2ee.com/en/new-car/acura/MDX/unit/7191200,https://legion-images.hatla2ee.com/original_image/acura/thumbnail.png,2026-04-30 16:22:14
392,new,Land Rover Range Rover Evoque 2025,2025,0 KM,Automatic,Gas,"4,250,000 EGP",,Land Rover,Range Rover Evoque,https://eg.hatla2ee.com/en/new-car/land-rover/evoque/unit/7188922,https://legion-images.hatla2ee.com/listing_image/49b4ac6d-9c74-4155-a028-754749b54875/medium.jpg,2026-04-30 16:22:18
392,new,Land Rover Range Rover 2025,2025,0 KM,Automatic,Gas,"4,100,000 EGP",,Land Rover,Range Rover,https://eg.hatla2ee.com/en/new-car/land-rover/range-rover/unit/7188840,https://legion-images.hatla2ee.com/listing_image/1e63819c-b061-4643-b752-58abe088fe7f/medium.jpg,2026-04-30 16:22:19
396,new,Byd Qin Plus 2025,2025,0 KM,Automatic,Plug-in Hybrid,"1,210,000 EGP",,Byd,Qin Plus,https://eg.hatla2ee.com/en/new-car/byd/Qin-Plus/unit/7190656,https://legion-images.hatla2ee.com/listing_image/6a24ef7a-c359-44e8-bc45-e332d143bac9/medium.jpg,2026-04-30 16:23:23
399,new,Lancia Beta 2004,2004,0 KM,Manual,Gas,"240,000 EGP",,Lancia,Beta,https://eg.hatla2ee.com/en/new-car/lancia/beta/unit/7190360,https://legion-images.hatla2ee.com/listing_image/11d17ce9-f795-4421-97b3-73b5761ca132/medium.jpg,2026-04-30 16:24:12
400,new,Abarth 695 2026,2026,0 KM,Automatic,Natural Gas,"1,250,000 EGP",,Abarth,695,https://eg.hatla2ee.com/en/new-car/abarth/695/unit/7187497,https://legion-images.hatla2ee.com/original_image/abarth/thumbnail.png,2026-04-30 16:24:30
400,new,Mitsubishi Attrage 2023,2023,0 KM,Automatic,Gas,"1,300,000 EGP",,Mitsubishi Attrage,A/T / Highline,https://eg.hatla2ee.com/en/new-car/imported/mitsubishi/attrage/7187422,https://legion-images.hatla2ee.com/listing_image/c14158fa-0d30-4333-b506-78cc80a74ec5/medium.jpg,2026-04-30 16:24:32
401,new,Geely Emgrand 2015,2015,0 KM,Manual,Diesel,"270,000 EGP",,Geely,Emgrand,https://eg.hatla2ee.com/en/new-car/geely/Gelly-Emgrand/unit/7190187,https://legion-images.hatla2ee.com/listing_image/a66df7bc-5e3e-4d9d-8fc1-fb46e835cb12/medium.jpg,2026-04-30 16:24:45
405,new,Mercedes GLC300 AMG 2024,2024,0 KM,Automatic,Gas,"5,250,000 EGP",,Mercedes,GLC300 AMG,https://eg.hatla2ee.com/en/new-car/mercedes/GLC300_+AMG/unit/7189652,https://legion-images.hatla2ee.com/listing_image/791e9668-c1bf-4201-91ba-c21236525c9f/medium.jpg,2026-04-30 16:25:52
406,new,Hyundai Verna 2014,2014,0 KM,Manual,Gas,"390,000 EGP",,Hyundai,Verna,https://eg.hatla2ee.com/en/new-car/hyundai/verna/unit/7189501,https://legion-images.hatla2ee.com/listing_image/258ba474-576a-4d9d-ae60-81f6f770ebbf/medium.jpg,2026-04-30 16:26:10
406,new,Jeep Grand Cherokee 2000,2000,0 KM,Automatic,Gas,"500,000 EGP",,Jeep,Grand Cherokee,https://eg.hatla2ee.com/en/new-car/jeep/grand-Cherokee/unit/7188952,https://legion-images.hatla2ee.com/listing_image/ce301834-ef5b-464f-8fe0-3cb82b0b6163/medium.jpg,2026-04-30 16:26:15
410,new,Skoda Kodiaq 2026,2026,0 KM,Automatic,Gas,"2,650,000 EGP",,Skoda,Kodiaq,https://eg.hatla2ee.com/en/new-car/skoda/kodiaq/unit/7188905,https://legion-images.hatla2ee.com/listing_image/de5c5848-98e3-4ba0-a6b3-377204548151/medium.jpg,2026-04-30 16:27:32
410,new,Zeekr 007 2025,2025,0 KM,Automatic,Electric,"2,400,000 EGP",,Zeekr 007,Imported,https://eg.hatla2ee.com/en/new-car/imported/zeekr/zeekr-007/7187157,https://legion-images.hatla2ee.com/listing_image/429d9d41-9f6c-4219-8746-695da568527c/medium.jpg,2026-04-30 16:27:33
413,new,MG ZS 2026,2026,0 KM,Automatic,Gas,"1,150,000 EGP",,MG,ZS,https://eg.hatla2ee.com/en/new-car/moris-garage/zs/50698/7186624,https://legion-images.hatla2ee.com/listing_image/2719771b-dbfa-4df4-9d98-4ca59d404786/medium.jpg,2026-04-30 16:28:25
417,new,Mercedes C 180 2024,2024,0 KM,Automatic,Gas,"2,700,000 EGP",,Mercedes,C 180,https://eg.hatla2ee.com/en/new-car/mercedes/c-180/unit/7187957,https://legion-images.hatla2ee.com/listing_image/988a7780-91ec-4559-926e-805c5f4abf45/medium.jpg,2026-04-30 16:29:41
417,new,Mercedes A 200 2024,2024,0 KM,Automatic,Gas,"2,700,000 EGP",,Mercedes,A 200,https://eg.hatla2ee.com/en/new-car/mercedes/a-200/unit/7187953,https://legion-images.hatla2ee.com/listing_image/63a61a88-107b-4b4a-b99d-1b4d1ecdde28/medium.jpg,2026-04-30 16:29:42
417,new,Great Wall Peri 2009,2009,0 KM,Manual,Natural Gas,"155,000 EGP",,Great Wall,Peri,https://eg.hatla2ee.com/en/new-car/great-wall/peri/unit/7185740,https://legion-images.hatla2ee.com/listing_image/0573c6be-7783-4d5e-9580-93178e0ba0dc/medium.jpg,2026-04-30 16:29:47
418,new,Chevrolet Lanos 2009,2009,0 KM,Manual,Natural Gas,"200,000 EGP",,Chevrolet,Lanos,https://eg.hatla2ee.com/en/new-car/chevrolet/lanos2/unit/7184894,https://legion-images.hatla2ee.com/listing_image/13635c2c-eb00-4b08-9058-e61cef0d31cb/medium.jpg,2026-04-30 16:30:05
423,new,Jeep Grand Cherokee 2024,2024,0 KM,Automatic,Hybrid,"4,850,000 EGP",,Jeep Grand Cherokee,Imported,https://eg.hatla2ee.com/en/new-car/imported/jeep/grand-Cherokee/7184064,https://legion-images.hatla2ee.com/listing_image/1e02c330-704f-4f9f-8966-cbf02f367a04/medium.jpg,2026-04-30 16:31:25
424,new,Soueast S 06 2026,2026,0 KM,Automatic,Gas,"1,250,000 EGP",,Soueast,S 06,https://eg.hatla2ee.com/en/new-car/soueast/S+06/50788/7181806,https://legion-images.hatla2ee.com/listing_image/2a8d1e69-5f72-47c0-a947-9b3ebce16e3a/medium.jpg,2026-04-30 16:31:46
424,new,Land Rover Velar 2024,2024,0 KM,Automatic,Gas,"5,550,000 EGP",,Land Rover Velar,Imported,https://eg.hatla2ee.com/en/new-car/imported/land-rover/Velar/7186941,https://legion-images.hatla2ee.com/listing_image/a9092d97-50f3-431b-9296-23cdadf5f293/medium.jpg,2026-04-30 16:31:49
425,new,Mercedes C 200 AMG 2023,2023,0 KM,Automatic,Gas,"3,600,000 EGP",,Mercedes,C 200 AMG,https://eg.hatla2ee.com/en/new-car/mercedes/C-200-AMG/unit/7186939,https://legion-images.hatla2ee.com/listing_image/7dd9efa9-b5c5-43f7-bcf8-4d23f03dc309/medium.jpg,2026-04-30 16:31:58
425,new,Chery Tiggo 7 pro max 2025,2025,0 KM,Automatic,Gas,"1,280,000 EGP",,Chery Tiggo 7 pro max,Imported,https://eg.hatla2ee.com/en/new-car/imported/chery/Tiggo-7-pro-max/7186852,https://legion-images.hatla2ee.com/listing_image/387a33ed-b6f9-47a1-8a7f-b1d152dfe9b6/medium.jpg,2026-04-30 16:32:05
429,new,Byd Song L 2025,2025,0 KM,Automatic,Electric,"2,060,000 EGP",,Byd Song L,Imported,https://eg.hatla2ee.com/en/new-car/imported/byd/byd-song-l/7182972,https://legion-images.hatla2ee.com/listing_image/51be5dba-29fa-4ba4-9e2a-16ac9a027cf1/medium.jpg,2026-04-30 16:33:13
429,new,Byd Song Plus 2025,2025,0 KM,Automatic,Electric,"1,590,000 EGP",,Byd Song Plus,Imported,https://eg.hatla2ee.com/en/new-car/imported/byd/Song-Plus/7182970,https://legion-images.hatla2ee.com/listing_image/bd2ded3e-0490-4a8f-8fe9-82d465dc7fee/medium.jpg,2026-04-30 16:33:13
429,new,Byd Song L 2025,2025,0 KM,Automatic,Electric,"2,010,000 EGP",,Byd Song L,Imported,https://eg.hatla2ee.com/en/new-car/imported/byd/byd-song-l/7182974,https://legion-images.hatla2ee.com/listing_image/aac0fb4d-8685-4bc0-8bed-a6f103c76059/medium.jpg,2026-04-30 16:33:14
429,new,Nissan N7 2025,2025,0 KM,Automatic,Electric,"1,600,000 EGP",,Nissan N7,Imported,https://eg.hatla2ee.com/en/new-car/imported/nissan/n7/7186440,https://legion-images.hatla2ee.com/listing_image/dac75c9a-6df8-4b31-9c98-a77c79e7f0a4/medium.jpg,2026-04-30 16:33:15
430,new,Mercedes C 180 2026,2026,0 KM,Automatic,Gas,"3,800,000 EGP",,Mercedes,C 180,https://eg.hatla2ee.com/en/new-car/mercedes/c-180/unit/7152726,https://legion-images.hatla2ee.com/listing_image/e0866fc9-e0f2-45d8-abea-56c043e9768e/medium.jpg,2026-04-30 16:33:32
430,new,Hyundai Elantra AD 2026,2026,0 KM,Automatic,Gas,"1,110,000 EGP",,Hyundai,Elantra AD,https://eg.hatla2ee.com/en/new-car/hyundai/Elantra-AD/unit/7184170,https://legion-images.hatla2ee.com/listing_image/69ea34ba-c1f6-4260-9754-937759ce0747/medium.jpg,2026-04-30 16:33:33
430,new,Kia Sorento 2024,2024,0 KM,Automatic,Hybrid,"2,500,000 EGP",,Kia,Sorento,https://eg.hatla2ee.com/en/new-car/kia/sorento/unit/7184327,https://legion-images.hatla2ee.com/listing_image/73d30f77-eb1e-434e-8e70-047ef4821490/medium.jpg,2026-04-30 16:33:34
432,new,Haval H6 2026,2026,0 KM,Automatic,Gas,"1,490,000 EGP",,Haval,H6,https://eg.hatla2ee.com/en/new-car/haval/haval-h6/50697/7186010,https://legion-images.hatla2ee.com/listing_image/7c84e3e6-0539-4f5f-8eb2-8fb4a0faef03/medium.jpg,2026-04-30 16:34:07
433,new,Byd Song Plus 2025,2025,0 KM,Automatic,Electric,"1,550,000 EGP",,Byd Song Plus,Imported,https://eg.hatla2ee.com/en/new-car/imported/byd/Song-Plus/7182966,https://legion-images.hatla2ee.com/listing_image/03e2fded-cea4-4cd9-be48-d2ca52094e92/medium.jpg,2026-04-30 16:34:24
433,new,Citroën C4 2007,2007,0 KM,Automatic,Gas,"330,000 EGP",,Citroën C4,Imported,https://eg.hatla2ee.com/en/new-car/imported/citroen/c4/7185902,https://legion-images.hatla2ee.com/listing_image/8f39954c-42f0-42e3-82a2-7cc50baf083b/medium.jpg,2026-04-30 16:34:29
433,new,Chery Tiggo 4 Pro 2026,2026,0 KM,Automatic,Gas,"950,000 EGP",,Chery,Tiggo 4 Pro,https://eg.hatla2ee.com/en/new-car/chery/Tiggo-4-Pro/50657/7185894,https://legion-images.hatla2ee.com/listing_image/d1c54c93-2183-48b6-bfb0-37c38f7abc1e/medium.jpg,2026-04-30 16:34:30
434,new,Haval H7 2026,2026,0 KM,Automatic,Gas,"1,660,000 EGP",,Haval H7,A/T / Highline,https://eg.hatla2ee.com/en/new-car/imported/haval/haval-H7/7185885,https://legion-images.hatla2ee.com/listing_image/890e83e0-8d84-412d-aef3-6d58b05c7b4f/medium.jpg,2026-04-30 16:34:37
434,new,Chery Tiggo 8 Pro Max 2026,2026,0 KM,Automatic,Gas,"1,525,000 EGP",,Chery,Tiggo 8 Pro Max,https://eg.hatla2ee.com/en/new-car/chery/Tiggo-8-Pro-Max/unit/7185883,https://legion-images.hatla2ee.com/listing_image/049840d3-d101-4afc-9768-0f5121b6fe3d/medium.jpg,2026-04-30 16:34:38
434,new,Chery Tiggo 7 pro max 2026,2026,0 KM,Automatic,Gas,"1,300,000 EGP",,Chery Tiggo 7 pro max,Imported,https://eg.hatla2ee.com/en/new-car/imported/chery/Tiggo-7-pro-max/7185882,https://legion-images.hatla2ee.com/listing_image/6060623e-cb4b-46a3-8587-c952860e693b/medium.jpg,2026-04-30 16:34:39
436,new,BMW 318 2010,2010,0 KM,Automatic,Gas,"590,000 EGP",,BMW,318,https://eg.hatla2ee.com/en/new-car/bmw/318/unit/7185577,https://legion-images.hatla2ee.com/listing_image/0e99388e-6a8d-44f8-bfe2-95bf5de6ed41/medium.jpg,2026-04-30 16:35:21
440,new,Mercedes 180 2025,2025,0 KM,Automatic,Gas,"3,600,000 EGP",,Mercedes 180,Imported,https://eg.hatla2ee.com/en/new-car/imported/mercedes/180/7184952,https://legion-images.hatla2ee.com/listing_image/af2028e5-4daf-48aa-ae37-92dd5b70f5ec/medium.jpg,2026-04-30 16:36:27
441,new,Aito M9 2011,2011,0 KM,Manual,Electric,230 EGP,,Aito,M9,https://eg.hatla2ee.com/en/new-car/Aito/aito_M9/unit/7181580,https://legion-images.hatla2ee.com/listing_image/fdff8112-9e26-4181-a700-0a91ce4c2f5d/medium.jpg,2026-04-30 16:36:39
441,new,Mitsubishi Eclipse Cross 2026,2026,0 KM,Automatic,Gas,"1,600,000 EGP",,Mitsubishi Eclipse Cross,Imported,https://eg.hatla2ee.com/en/new-car/imported/mitsubishi/Eclipse-Cross/7181414,https://legion-images.hatla2ee.com/original_image/mitsubishi/thumbnail.png,2026-04-30 16:36:42
442,new,Nissan Sunny 2026,2026,0 KM,Automatic,Gas,"750,000 EGP",,Nissan,Sunny,https://eg.hatla2ee.com/en/new-car/nissan/sunny/unit/7184769,https://legion-images.hatla2ee.com/listing_image/c441a447-d13c-441d-8bcb-daf54a0d32df/medium.jpg,2026-04-30 16:36:57
443,new,Nissan Sunny 2024,2024,0 KM,Automatic,Gas,"720,000 EGP",,Nissan,Sunny,https://eg.hatla2ee.com/en/new-car/nissan/sunny/42337/7184604,https://legion-images.hatla2ee.com/original_image/nissan/thumbnail.png,2026-04-30 16:37:16
445,new,Jeep Liberty 2004,2004,0 KM,Automatic,Diesel,"550,000 EGP",,Jeep,Liberty,https://eg.hatla2ee.com/en/new-car/jeep/liberty/unit/7184366,https://legion-images.hatla2ee.com/listing_image/3616113f-b0ed-4812-8e7d-6de4904279f4/medium.jpg,2026-04-30 16:37:45
446,new,BMW 316 2014,2014,0 KM,Automatic,Diesel,"1,150,000 EGP",,BMW,316,https://eg.hatla2ee.com/en/new-car/bmw/316/unit/7184346,https://legion-images.hatla2ee.com/listing_image/c7b7c9e0-f882-4635-8a2a-b8d207c71e38/medium.jpg,2026-04-30 16:38:01
446,new,Mercedes GLC 300 2025,2025,0 KM,Automatic,Gas,"5,000,000 EGP",,Mercedes GLC 300,Imported,https://eg.hatla2ee.com/en/new-car/imported/mercedes/glc-300/7184235,https://legion-images.hatla2ee.com/listing_image/04a867ef-bb38-46fd-bf9f-72a0067dcffc/medium.jpg,2026-04-30 16:38:07
449,new,Mercedes EQE 500 2024,2024,0 KM,Automatic,Electric,"3,500,000 EGP",,Mercedes EQE 500,Imported,https://eg.hatla2ee.com/en/new-car/imported/mercedes/mercedes-eqe-500/7180424,https://legion-images.hatla2ee.com/listing_image/53dffe9e-caf6-48b0-a0e7-dca6ae3d9b65/medium.jpg,2026-04-30 16:38:44
451,new,Volkswagen Passat 2026,2026,0 KM,Automatic,Gas,"2,800,000 EGP",,Volkswagen Passat,Imported,https://eg.hatla2ee.com/en/new-car/imported/volks-wagen/passat/7183604,https://legion-images.hatla2ee.com/listing_image/f6a8b24e-356b-4326-8eb1-03b6d41d132e/medium.jpg,2026-04-30 16:39:25
452,new,Geely Starray 2025,2025,0 KM,Automatic,Gas,"1,100,000 EGP",,Geely Starray,A/T / Comfort / (Abou Ghaly),https://eg.hatla2ee.com/en/new-car/imported/geely/Starray/7180153,https://legion-images.hatla2ee.com/listing_image/99362e3f-7043-4433-b01e-8e1451c7e5df/medium.jpg,2026-04-30 16:39:38
454,new,Kia Sportage 2022,2022,0 KM,Manual,Natural Gas,"1,070,000 EGP",,Kia,Sportage,https://eg.hatla2ee.com/en/new-car/kia/sportage/unit/7183187,https://legion-images.hatla2ee.com/listing_image/cf0255d0-142f-48ef-91b7-f65c4e3f8ee5/medium.jpg,2026-04-30 16:40:16
456,new,Hyundai Matrix 2011,2011,0 KM,Automatic,Diesel,"530,000 EGP",,Hyundai,Matrix,https://eg.hatla2ee.com/en/new-car/hyundai/matrix/unit/7179543,https://legion-images.hatla2ee.com/listing_image/d3bd8036-f925-4e53-ad2e-81149e7ca026/medium.jpg,2026-04-30 16:40:43
460,new,Renault 19 2019,2019,0 KM,Automatic,Gas,"750,000 EGP",,Renault,19,https://eg.hatla2ee.com/en/new-car/renault/19/unit/7182514,https://legion-images.hatla2ee.com/listing_image/1adf0038-635e-451a-a771-50c9412f7c8b/medium.jpg,2026-04-30 16:41:54
460,new,Mercedes EQA 260 2025,2025,0 KM,Automatic,Electric,"2,050,000 EGP",,Mercedes EQA 260,Imported,https://eg.hatla2ee.com/en/new-car/imported/mercedes/mercedes-benz-eqa-260/7179192,https://legion-images.hatla2ee.com/listing_image/bbdc4836-5ac4-437c-a9c0-52b36eaacd84/medium.jpg,2026-04-30 16:41:56
460,new,MG 5 2026,2026,0 KM,Automatic,Gas,"360,000 EGP",,MG,5,https://eg.hatla2ee.com/en/new-car/moris-garage/mg-5/50676/7179172,https://legion-images.hatla2ee.com/original_image/moris-garage/thumbnail.png,2026-04-30 16:41:57
461,new,Mercedes C 180 2026,2026,0 KM,Automatic,Hybrid,"3,600,000 EGP",,Mercedes C 180,A/T / Sport,https://eg.hatla2ee.com/en/new-car/imported/mercedes/c-180/7178788,https://legion-images.hatla2ee.com/original_image/mercedes/thumbnail.png,2026-04-30 16:42:13
463,new,Hyundai I20 2022,2022,0 KM,Manual,Natural Gas,"750,000 EGP",,Hyundai,I20,https://eg.hatla2ee.com/en/new-car/hyundai/i20/30648/7182122,https://legion-images.hatla2ee.com/original_image/hyundai/thumbnail.png,2026-04-30 16:42:46
466,new,Byd Song L 2026,2026,0 KM,Automatic,Electric,"1,900,000 EGP",,Byd,Song L,https://eg.hatla2ee.com/en/new-car/byd/byd-song-l/unit/7181803,https://legion-images.hatla2ee.com/listing_image/6b0bcf2f-6354-4408-80be-3461507507e2/medium.jpg,2026-04-30 16:43:35
466,new,BMW IX1 2026,2026,0 KM,Automatic,Electric,"2,100,000 EGP",,BMW,IX1,https://eg.hatla2ee.com/en/new-car/bmw/IX1/unit/7181637,https://legion-images.hatla2ee.com/listing_image/f549cb8f-34c9-4ba8-bdf7-6fb84f152ba5/medium.jpg,2026-04-30 16:43:41
467,new,Nissan Sunny 2026,2026,0 KM,Automatic,Gas,"750,000 EGP",,Nissan,Sunny,https://eg.hatla2ee.com/en/new-car/nissan/sunny/50573/7181567,https://legion-images.hatla2ee.com/listing_image/5a5b0e3a-967d-406c-ade1-6923c0341e6f/medium.jpg,2026-04-30 16:43:57
467,new,Jetour X70 2026,2026,0 KM,Automatic,Gas,"1,160,000 EGP",,Jetour,X70,https://eg.hatla2ee.com/en/new-car/jetour/X70/unit/7181559,https://legion-images.hatla2ee.com/listing_image/0782966b-d0bf-4256-ab28-5a6563c42830/medium.jpg,2026-04-30 16:43:58
470,new,MG 7 2026,2026,0 KM,Automatic,Gas,"1,690,000 EGP",,MG,7,https://eg.hatla2ee.com/en/new-car/moris-garage/mg-7/unit/7134103,https://legion-images.hatla2ee.com/listing_image/271732ea-5feb-40b6-a4ba-e7478a6cf4cd/medium.jpg,2026-04-30 16:44:44
473,new,MG ZS 2026,2026,0 KM,Automatic,Gas,"1,050,000 EGP",,MG,ZS,https://eg.hatla2ee.com/en/new-car/moris-garage/zs/50698/7180644,https://legion-images.hatla2ee.com/listing_image/9d159b15-58c1-4b0b-8468-20d2483f1977/medium.jpg,2026-04-30 16:45:36
475,new,JMC Other 2018,2018,0 KM,Automatic,Gas,650 EGP,,JMC,Other,https://eg.hatla2ee.com/en/new-car/jmc/other-jmc/unit/7180180,https://legion-images.hatla2ee.com/listing_image/53c9a618-990f-48c5-8a22-9bc5af48493d/medium.jpg,2026-04-30 16:46:11
479,new,Mercedes 300 2026,2026,0 KM,Automatic,Diesel,"5,500,000 EGP",,Mercedes,300,https://eg.hatla2ee.com/en/new-car/mercedes/mercedes-300/unit/7176590,https://legion-images.hatla2ee.com/listing_image/2feab784-6474-40e5-9dae-c47673449e71/medium.jpg,2026-04-30 16:47:23
480,new,Peugeot 504 1979,1979,0 KM,Manual,Gas,"120,000 EGP",,Peugeot,504,https://eg.hatla2ee.com/en/new-car/peugeot/504/unit/7179608,https://legion-images.hatla2ee.com/listing_image/e149696f-ce15-49fc-8b81-79b5c2bff7c6/medium.jpg,2026-04-30 16:47:37
483,new,Volkswagen Passat 2026,2026,0 KM,Automatic,Diesel,"2,800,000 EGP",,Volkswagen Passat,Imported,https://eg.hatla2ee.com/en/new-car/imported/volks-wagen/passat/7176152,https://legion-images.hatla2ee.com/listing_image/96214722-7f1a-4f88-8116-4d7597e19b36/medium.jpg,2026-04-30 16:48:30
489,new,Avatr 12 2025,2025,0 KM,Automatic,Electric,1 EGP,,Avatr,12,https://eg.hatla2ee.com/en/new-car/avatr/avatr-12/unit/7178641,https://legion-images.hatla2ee.com/listing_image/1a74b8f3-e544-4dbb-b773-e9c856c98fdd/medium.jpg,2026-04-30 16:50:11
492,new,Volkswagen Tiguan 2026,2026,0 KM,Automatic,Gas,"2,100,000 EGP",,Volkswagen Tiguan,Imported,https://eg.hatla2ee.com/en/new-car/imported/volks-wagen/tiguan/7175540,https://legion-images.hatla2ee.com/original_image/volks-wagen/thumbnail.png,2026-04-30 16:51:32
492,new,Tesla Model 3 2024,2024,0 KM,Automatic,Electric,"3,850,000 EGP",,Tesla,Model 3,https://eg.hatla2ee.com/en/new-car/tesla/Model-3/unit/7175341,https://legion-images.hatla2ee.com/listing_image/3231c993-99f1-4414-bf13-372941715c13/medium.jpg,2026-04-30 16:51:34
494,new,MG Rx5 2024,2024,0 KM,Automatic,Gas,"1,080,000 EGP",,MG,Rx5,https://eg.hatla2ee.com/en/new-car/moris-garage/Rx5/unit/7178004,https://legion-images.hatla2ee.com/listing_image/cc1ce333-11cf-481a-9675-8fd0c7499dcc/medium.jpg,2026-04-30 16:52:06
494,new,MG Rx5 2024,2024,0 KM,Automatic,Gas,"1,080,000 EGP",,MG,Rx5,https://eg.hatla2ee.com/en/new-car/moris-garage/Rx5/unit/7178007,https://legion-images.hatla2ee.com/listing_image/53526d2b-1614-4802-81e4-6dfe4d38ade6/medium.jpg,2026-04-30 16:52:07
495,new,Kia Sportage 2026,2026,0 KM,Automatic,Diesel,"2,255,000 EGP",,Kia,Sportage,https://eg.hatla2ee.com/en/new-car/kia/sportage/50775/7174910,https://legion-images.hatla2ee.com/listing_image/652cfd2a-dce7-4222-9710-9493421c9eee/medium.jpg,2026-04-30 16:52:22
498,new,Hyundai I30 2026,2026,0 KM,Automatic,Gas,"1,240,000 EGP",,Hyundai,I30,https://eg.hatla2ee.com/en/new-car/hyundai/i30/50802/7177335,https://legion-images.hatla2ee.com/listing_image/02e23258-8044-4173-a9aa-90eba55b6acd/medium.jpg,2026-04-30 16:53:05
498,new,Hyundai Accent RB 2026,2026,0 KM,Automatic,Gas,"989,000 EGP",,Hyundai,Accent RB,https://eg.hatla2ee.com/en/new-car/hyundai/Accent-RB/unit/7141459,https://legion-images.hatla2ee.com/listing_image/6d11c9b7-aa37-49ae-9ead-e41cf48ef8d7/medium.jpg,2026-04-30 16:53:10
500,new,MG 7 2026,2026,0 KM,Automatic,Gas,"1,600,000 EGP",,MG,7,https://eg.hatla2ee.com/en/new-car/moris-garage/mg-7/50716/7174239,https://legion-images.hatla2ee.com/listing_image/9079d07c-7554-40e9-b541-2d2adb71a3d0/medium.jpg,2026-04-30 16:53:44
500,new,Kia Sorento 2022,2022,0 KM,Automatic,Hybrid,"2,300,000 EGP",,Kia,Sorento,https://eg.hatla2ee.com/en/new-car/kia/sorento/unit/7173874,https://legion-images.hatla2ee.com/listing_image/2fba28bf-86fa-42f3-a23e-2f6770294f6c/medium.jpg,2026-04-30 16:53:50
502,new,Volkswagen ID 4 2025,2025,0 KM,Automatic,Electric,"1,800,000 EGP",,Volkswagen ID 4,Imported,https://eg.hatla2ee.com/en/new-car/imported/volks-wagen/ID-4/7176722,https://legion-images.hatla2ee.com/listing_image/36f36424-c671-4a98-910a-3bc07844a85e/medium.jpg,2026-04-30 16:54:19
502,new,Renault Sandero Step Way 2014,2014,0 KM,Manual,Diesel,"350,000 EGP",,Renault,Sandero Step Way,https://eg.hatla2ee.com/en/new-car/renault/sandero-step-way/unit/7176654,https://legion-images.hatla2ee.com/listing_image/67b1a086-a8c0-433f-b00b-feb82abfa0bb/medium.jpg,2026-04-30 16:54:25
505,new,Chery Tiggo 4 Pro 2026,2026,0 KM,Automatic,Gas,"980,000 EGP",,Chery,Tiggo 4 Pro,https://eg.hatla2ee.com/en/new-car/chery/Tiggo-4-Pro/50658/7174342,https://legion-images.hatla2ee.com/listing_image/172da4e1-e878-4483-9990-9a2457314e94/medium.jpg,2026-04-30 16:55:25
507,new,Kia Carnival 2025,2025,0 KM,Automatic,Diesel,"3,150,000 EGP",,Kia Carnival,A/T / Top Line,https://eg.hatla2ee.com/en/new-car/imported/kia/carnival/7172998,https://legion-images.hatla2ee.com/listing_image/cb313e11-6453-46c9-915c-3b1df2f3eeca/medium.jpg,2026-04-30 16:56:04
509,new,Renault Logan 2016,2016,0 KM,Automatic,Gas,"380,000 EGP",,Renault,Logan,https://eg.hatla2ee.com/en/new-car/renault/logan/unit/7175781,https://legion-images.hatla2ee.com/listing_image/a0875d50-59c7-424d-9551-b0ba97268f0c/medium.jpg,2026-04-30 16:56:38
510,new,Honda CRV 2019,2019,0 KM,Automatic,Gas,"1,600,000 EGP",,Honda,CRV,https://eg.hatla2ee.com/en/new-car/honda/crv/unit/7175746,https://legion-images.hatla2ee.com/listing_image/df2649e0-9bc6-40a8-8a10-d85dc20d9277/medium.jpg,2026-04-30 16:56:51
511,new,Hyundai Tucson 2026,2026,0 KM,Automatic,Gas,"1,550,000 EGP",,Hyundai,Tucson,https://eg.hatla2ee.com/en/new-car/hyundai/tucson/50892/7172725,https://legion-images.hatla2ee.com/listing_image/c05fe66c-81b1-44d3-85b0-38e6c2170e7b/medium.jpg,2026-04-30 16:57:08
512,new,Opel Vectra 2001,2001,0 KM,Manual,Diesel,"300,000 EGP",,Opel,Vectra,https://eg.hatla2ee.com/en/new-car/opel/vectra/unit/7172586,https://legion-images.hatla2ee.com/listing_image/5ef0436b-5cb3-4ab9-90e9-8ba0de99bce2/medium.jpg,2026-04-30 16:57:20
516,new,Soueast S 06 2026,2026,0 KM,Automatic,Gas,"1,385,000 EGP",,Soueast,S 06,https://eg.hatla2ee.com/en/new-car/soueast/S+06/50788/7175373,https://legion-images.hatla2ee.com/listing_image/958b28cc-d841-4b35-97c4-78d77fac37c4/medium.jpg,2026-04-30 16:58:31
516,new,Peugeot 106 1998,1998,0 KM,Manual,Gas,"140,000 EGP",,Peugeot,106,https://eg.hatla2ee.com/en/new-car/peugeot/106/unit/7175301,https://legion-images.hatla2ee.com/listing_image/165449fa-406c-47b2-8c5c-0a694d695048/medium.jpg,2026-04-30 16:58:35
518,new,Skoda Kodiaq 2025,2025,0 KM,Automatic,Plug-in Hybrid,"300,000 EGP",,Skoda,Kodiaq,https://eg.hatla2ee.com/en/new-car/skoda/kodiaq/49684/7171721,https://legion-images.hatla2ee.com/listing_image/d3e80d83-0e01-4609-9b8f-447021548883/medium.jpg,2026-04-30 16:59:16
521,new,Speranza A113 2010,2010,0 KM,Manual,Gas,"225,000 EGP",,Speranza,A113,https://eg.hatla2ee.com/en/new-car/speranza/a113/unit/7174753,https://legion-images.hatla2ee.com/listing_image/92360ba8-cf08-4cc9-8769-5773edf8c2c4/medium.jpg,2026-04-30 17:00:17
521,new,Kaiyi X7 2026,2026,0 KM,Automatic,Gas,"1,300,000 EGP",,Kaiyi,X7,https://eg.hatla2ee.com/en/new-car/Kaiyi/Kaiyi-X7/50645/7171630,https://legion-images.hatla2ee.com/listing_image/0754ebc4-c106-419d-85a4-9cfc1816b56e/medium.jpg,2026-04-30 17:00:18
522,new,Nissan Sunny 2026,2026,0 KM,Automatic,Gas,"680,000 EGP",,Nissan,Sunny,https://eg.hatla2ee.com/en/new-car/nissan/sunny/50571/7171501,https://legion-images.hatla2ee.com/listing_image/3841670d-3940-4090-aa33-9917eb79fa79/medium.jpg,2026-04-30 17:00:30
522,new,Mitsubishi Lancer 2013,2013,0 KM,Automatic,Gas,"480,000 EGP",,Mitsubishi,Lancer,https://eg.hatla2ee.com/en/new-car/mitsubishi/lancer/unit/7171402,https://legion-images.hatla2ee.com/listing_image/b3b08b1c-d1a1-4077-a349-0dd622bd0bb1/medium.jpg,2026-04-30 17:00:32
525,new,Nissan Sunny 2026,2026,0 KM,Automatic,Diesel,"750,000 EGP",,Nissan,Sunny,https://eg.hatla2ee.com/en/new-car/nissan/sunny/50573/7174333,https://legion-images.hatla2ee.com/listing_image/8296918e-2661-4211-a271-444f5927f102/medium.jpg,2026-04-30 17:01:23
526,new,Byd Seagull 2025,2025,0 KM,Automatic,Electric,"950,000 EGP",,Byd,Seagull,https://eg.hatla2ee.com/en/new-car/byd/Seagull/unit/7171094,https://legion-images.hatla2ee.com/listing_image/3c906564-5dc4-4d44-9707-2d357353aa2f/medium.jpg,2026-04-30 17:01:39
526,new,Zeekr 7X 2025,2025,0 KM,Automatic,Electric,"3,000,000 EGP",,Zeekr,7X,https://eg.hatla2ee.com/en/new-car/zeekr/zeekr-7x/unit/7171048,https://legion-images.hatla2ee.com/listing_image/3eccb851-40a1-43bb-bb19-86d264d55f38/medium.jpg,2026-04-30 17:01:41
528,new,Nissan Sentra 2026,2026,0 KM,Automatic,Gas,"1,000,000 EGP",,Nissan,Sentra,https://eg.hatla2ee.com/en/new-car/nissan/sentra/unit/7173240,https://legion-images.hatla2ee.com/listing_image/7d435e5b-7c52-4cab-b8a1-50dcebf54e26/medium.jpg,2026-04-30 17:02:19
530,new,Skoda Octavia A8 2022,2022,0 KM,Automatic,Gas,"1,150,000 EGP",,Skoda,Octavia A8,https://eg.hatla2ee.com/en/new-car/skoda/Octavia-A8/unit/7170657,https://legion-images.hatla2ee.com/listing_image/d3472402-c7da-4ec0-b694-0a11c7edb1c3/medium.jpg,2026-04-30 17:03:05
530,new,Mitsubishi Pajero 2017,2017,0 KM,Automatic,Gas,"1,900,000 EGP",,Mitsubishi,Pajero,https://eg.hatla2ee.com/en/new-car/mitsubishi/pajero/770/7170550,https://legion-images.hatla2ee.com/listing_image/3488413c-ab12-47a7-8da3-808ce656efed/medium.jpg,2026-04-30 17:03:06
533,new,Hyundai Elantra AD 2026,2026,0 KM,Automatic,Gas,"950,000 EGP",,Hyundai,Elantra AD,https://eg.hatla2ee.com/en/new-car/hyundai/Elantra-AD/50641/7170660,https://legion-images.hatla2ee.com/listing_image/d0ed96e3-49f9-450e-ad2a-d3aae6a825a6/medium.jpg,2026-04-30 17:03:57
533,new,Changan CS55 Plus 2026,2026,0 KM,Automatic,Gas,"1,000,000 EGP",,Changan,CS55 Plus,https://eg.hatla2ee.com/en/new-car/changan/CS55-Plus/unit/7171968,https://legion-images.hatla2ee.com/listing_image/f9530993-7062-4927-b590-d8cabf63415a/medium.jpg,2026-04-30 17:03:58
534,new,Xiaomi SU7 2025,2025,0 KM,Automatic,Electric,"2,475,000,000 EGP",,Xiaomi,SU7,https://eg.hatla2ee.com/en/new-car/xiaomi/Xiaomi_Su7/unit/7170170,https://legion-images.hatla2ee.com/listing_image/aa10ea59-4cb9-4887-96bb-34cd5e5f94a1/medium.jpg,2026-04-30 17:04:23
535,new,Toyota Fortuner 2026,2026,0 KM,Automatic,Gas,"3,500,000 EGP",,Toyota,Fortuner,https://eg.hatla2ee.com/en/new-car/toyota/fortuner/50960/7169765,https://legion-images.hatla2ee.com/listing_image/93224409-22f9-42c3-bc93-0b6bc7c867da/medium.jpg,2026-04-30 17:04:44
538,new,Mitsubishi Lancer Puma 2007,2007,0 KM,Automatic,Gas,"420,000 EGP",,Mitsubishi,Lancer Puma,https://eg.hatla2ee.com/en/new-car/mitsubishi/Lancer-Puma/unit/7169551,https://legion-images.hatla2ee.com/listing_image/dfa1fb03-dd2b-4f91-b8cb-99ddac1535b3/medium.jpg,2026-04-30 17:05:32
539,new,Honda ZRV 2025,2025,0 KM,Automatic,Gas,"1,980,000 EGP",,Honda,ZRV,https://eg.hatla2ee.com/en/new-car/honda/ZRV/unit/7172627,https://legion-images.hatla2ee.com/listing_image/d090014a-c019-4795-8e3d-e32d06336ba4/medium.jpg,2026-04-30 17:05:51
540,new,Byd Song L 2025,2025,0 KM,Automatic,Electric,"1,920,000 EGP",,Byd,Song L,https://eg.hatla2ee.com/en/new-car/byd/byd-song-l/unit/7160319,https://legion-images.hatla2ee.com/listing_image/68a27a20-b11a-4ab4-8aa3-c49dd5ed6a10/medium.jpg,2026-04-30 17:06:04
540,new,Peugeot 5008 2025,2025,0 KM,Automatic,Gas,"2,675,000 EGP",,Peugeot 5008,Imported,https://eg.hatla2ee.com/en/new-car/imported/peugeot/5008/7170747,https://legion-images.hatla2ee.com/listing_image/2ac6e384-aee3-4f5b-a703-acc603f5d788/medium.jpg,2026-04-30 17:06:09
542,new,Land Rover Range Rover Evoque 2025,2025,0 KM,Automatic,Gas,"3,990,000 EGP",,Land Rover,Range Rover Evoque,https://eg.hatla2ee.com/en/new-car/land-rover/evoque/unit/7169101,https://legion-images.hatla2ee.com/listing_image/9e5dee11-4ebd-4f58-a400-1042cc859618/medium.jpg,2026-04-30 17:06:42
546,new,Porsche Macan 2026,2026,0 KM,Automatic,Gas,"5,750,000 EGP",,Porsche,Macan,https://eg.hatla2ee.com/en/new-car/porsche/macan/unit/7168627,https://legion-images.hatla2ee.com/listing_image/3d1f1355-15f7-47d6-a9ca-a5efeeaed7f2/medium.jpg,2026-04-30 17:07:45
548,new,Mercedes EQA 2024,2024,0 KM,Automatic,Electric,"2,000,000 EGP",,Mercedes EQA,Imported,https://eg.hatla2ee.com/en/new-car/imported/mercedes/EQA/7169406,https://legion-images.hatla2ee.com/listing_image/81d3aca1-aba1-47dd-800c-5b9c51d445bc/medium.jpg,2026-04-30 17:08:17
549,new,Haval H6 2026,2026,0 KM,Automatic,Gas,"1,280,000 EGP",,Haval,H6,https://eg.hatla2ee.com/en/new-car/haval/haval-h6/50697/7171352,https://legion-images.hatla2ee.com/listing_image/2f58d243-2ee9-4557-9954-1656f7edf58f/medium.jpg,2026-04-30 17:08:45
